E6C26C78-B94F-42C8-8ECB-802975446FA7,C00018,20260914,OT1_5,0,2,70FC22FC-0972-4261-99B3-226B15F00B33,2026-09-15 17:20:41.853,
D03FDB98-1355-4485-B7FD-4129D17C07A3,C00018,20260915,OT1_5,0,2,70FC22FC-0972-4261-99B3-226B15F00B33,2026-09-16 09:59:29.603,
E1370194-76D7-416E-BA84-260B1F5191B3,C00040,20260914,OT1_5,0,2,70FC22FC-0972-4261-99B3-226B15F00B33,2026-09-15 17:21:36.703,
21B7D693-6719-46B5-9EC3-52DB1B61E90D,C00040,20260915,OT1_5,0,2,70FC22FC-0972-4261-99B3-226B15F00B33,2026-09-16 10:00:12.840,
0D407295-E817-40F0-ADB3-412410DB7E64,C00048,20260914,OT1_5,0,2.5,70FC22FC-0972-4261-99B3-226B15F00B33,2026-09-15 17:18:07.423,
D66BA610-5C78-42B5-B593-878006362800,C00048,20260915,OT1_5,0,2.5,70FC22FC-0972-4261-99B3-226B15F00B33,2026-09-16 09:56:59.217,
8E97ABCF-F91B-4BFD-8F94-3EA97E24D674,C00074,20260914,OT1_5,0,2,70FC22FC-0972-4261-99B3-226B15F00B33,2026-09-15 17:16:57.710,
3C598F71-DDB4-4D56-AD51-9D8803936FF2,C00074,20260915,OT1_5,0,2,70FC22FC-0972-4261-99B3-226B15F00B33,2026-09-16 09:56:11.530,
2FDF472D-167F-49CE-8E0E-E948C5B620A2,C00077,20260915,OT1_5,0,2,70FC22FC-0972-4261-99B3-226B15F00B33,2026-09-16 10:00:13.540,
6ECBCC26-4BDE-46E3-A550-03577AD2952E,C00133,20260914,OT1_5,0,2,70FC22FC-0972-4261-99B3-226B15F00B33,2026-09-15 17:20:41.520,
94BF9C0C-4EF0-4F7F-AB49-8C33B6948197,C00133,20260915,OT1_5,0,2,70FC22FC-0972-4261-99B3-226B15F00B33,2026-09-16 09:59:29.890,
AE61311B-2A11-46AE-8AE8-B85F1B0D818E,C00180,20260914,OT1_5,0,2,70FC22FC-0972-4261-99B3-226B15F00B33,2026-09-15 17:20:40.990,
2C67A7D2-3B24-48DC-AC75-F12792D45614,C00180,20260915,OT1_5,0,2,70FC22FC-0972-4261-99B3-226B15F00B33,2026-09-16 09:59:29.623,
02722BD1-CB6B-4302-992D-56EC11ED272A,C00200,20260914,OT1_5,0,2,70FC22FC-0972-4261-99B3-226B15F00B33,2026-09-15 17:17:56.263,
46EDFAE9-8E3E-4AF1-9EA6-A49EF046B932,C00200,20260915,OT1_5,0,2,70FC22FC-0972-4261-99B3-226B15F00B33,2026-09-16 09:56:53.123,
9665AAD2-F794-459C-831A-3A507AB3BF51,C00365,20260914,OT1_5,0,2,70FC22FC-0972-4261-99B3-226B15F00B33,2026-09-15 17:18:03.490,
C251B081-5A70-4825-81CE-4277572D3F7F,C00365,20260915,OT1_5,0,2,70FC22FC-0972-4261-99B3-226B15F00B33,2026-09-16 09:56:55.520,
63193BD5-8B1A-4F1A-BC6C-776577824B31,C00394,20260914,OT1_5,0,2,70FC22FC-0972-4261-99B3-226B15F00B33,2026-09-15 17:23:58.673,
A92CD9CC-18B0-47A0-BF6D-5DD877727895,C00394,20260915,OT1_5,0,2,70FC22FC-0972-4261-99B3-226B15F00B33,2026-09-16 10:02:22.287,
BB924D33-748E-44F1-A208-D085C3A78645,C00453,20260914,OT1_5,0,2,70FC22FC-0972-4261-99B3-226B15F00B33,2026-09-15 17:16:57.813,
0FA478F6-33ED-4134-8C9C-4BD7ADDAD540,C00453,20260915,OT1_5,0,2,70FC22FC-0972-4261-99B3-226B15F00B33,2026-09-16 09:56:11.757,
05B1AB89-DFD6-4155-9878-D854F7FA41DC,C00625,20260914,OT1_5,0,2,70FC22FC-0972-4261-99B3-226B15F00B33,2026-09-15 17:20:42.173,
E8BDC5FB-AAB2-4A1B-92CC-54A97F26D7FB,C00625,20260915,OT1_5,0,2,70FC22FC-0972-4261-99B3-226B15F00B33,2026-09-16 09:59:29.937,
80B8486B-5B5F-4FDD-BE5E-02BF33C28F03,C00953,20260914,OT1_5,0,2,70FC22FC-0972-4261-99B3-226B15F00B33,2026-09-15 17:17:58.363,
DDAC336B-3E5B-4702-A49A-F65A52BED0AA,C00953,20260915,OT1_5,0,2,70FC22FC-0972-4261-99B3-226B15F00B33,2026-09-16 09:56:53.907,
E5CBEC13-1E76-4199-BFE5-5F60EB7EB536,C00980,20260914,OT1_5,0,2,70FC22FC-0972-4261-99B3-226B15F00B33,2026-09-15 17:18:02.347,
C4A2FBB8-C98C-4E78-9403-09451A5D67BD,C00980,20260915,OT1_5,0,2,70FC22FC-0972-4261-99B3-226B15F00B33,2026-09-16 09:56:55.297,
2D6260C0-3177-4FBE-9582-01923E879B94,C01108,20260914,OT1_5,0,2,70FC22FC-0972-4261-99B3-226B15F00B33,2026-09-15 17:20:39.737,
1B128A15-2866-4D09-800A-15CF52842979,C01108,20260915,OT1_5,0,2,70FC22FC-0972-4261-99B3-226B15F00B33,2026-09-16 09:59:32.217,
F4641DEE-3639-4966-BFFC-03747D75483E,C01537,20260914,OT1_5,0,2,70FC22FC-0972-4261-99B3-226B15F00B33,2026-09-15 17:20:47.557,
5FD1ED3E-8513-47ED-BF38-C28203D01D5E,C01537,20260915,OT1_5,0,2,70FC22FC-0972-4261-99B3-226B15F00B33,2026-09-16 09:59:32.570,
753B1340-FBED-46D8-BD97-3BB506800E4B,C02104,20260914,OT1_5,0,2,70FC22FC-0972-4261-99B3-226B15F00B33,2026-09-15 17:23:18.840,
16A944A0-3552-46CA-9891-01A12829C0F2,C02104,20260915,OT1_5,0,2,70FC22FC-0972-4261-99B3-226B15F00B33,2026-09-16 10:01:57.010,
A1CA69C3-CFE5-4492-AFC5-E41BA997CF26,C02153,20260914,OT1_5,0,2,70FC22FC-0972-4261-99B3-226B15F00B33,2026-09-15 17:16:57.883,
4449BC94-7CE0-442C-A970-B0FBC8D4609E,C02272,20260914,OT1_5,0,2,70FC22FC-0972-4261-99B3-226B15F00B33,2026-09-15 17:23:17.037,
814BBB33-B494-4C68-98A9-0343421EC2F8,C02272,20260915,OT1_5,0,2,70FC22FC-0972-4261-99B3-226B15F00B33,2026-09-16 10:01:55.760,
9700B277-601A-4ED4-B9A2-C82CD21ADF98,C02526,20260914,OT1_5,0,2,70FC22FC-0972-4261-99B3-226B15F00B33,2026-09-15 17:18:03.833,
898CCC1F-88A1-4029-A8A7-8983AB085603,C02543,20260914,OT1_5,0,2,70FC22FC-0972-4261-99B3-226B15F00B33,2026-09-15 17:18:08.813,
AEFC9165-97F5-498A-BF19-BEFE15F14702,C02760,20260914,OT1_5,0,2,70FC22FC-0972-4261-99B3-226B15F00B33,2026-09-15 17:18:11.400,
D8356C5D-941F-48A8-8DD3-1D9017E82683,C02760,20260915,OT1_5,0,2,70FC22FC-0972-4261-99B3-226B15F00B33,2026-09-16 09:56:57.420,
9DC02493-9BBC-4E11-845D-B3281CA4B332,C02836,20260914,OT1_5,0,2,70FC22FC-0972-4261-99B3-226B15F00B33,2026-09-15 17:16:57.920,
95D044A9-3B0E-472F-8F17-20925D2E1AD0,C02836,20260915,OT1_5,0,2,70FC22FC-0972-4261-99B3-226B15F00B33,2026-09-16 09:56:11.633,
56EF5C26-D63A-4744-89DF-B33377FB3CE7,C03196,20260914,OT1_5,0,2,70FC22FC-0972-4261-99B3-226B15F00B33,2026-09-15 17:20:49.343,
D09F7686-1C20-4D90-B69A-38C3C984C1BB,C03196,20260915,OT1_5,0,2,70FC22FC-0972-4261-99B3-226B15F00B33,2026-09-16 09:59:36.207,
C1B23515-6E71-4BD3-8F2B-014A80E75D1E,C03255,20260914,OT1_5,0,2,70FC22FC-0972-4261-99B3-226B15F00B33,2026-09-15 17:23:07.950,
42872D13-6637-49A5-B54F-9AD1F56BF1B9,C03255,20260915,OT1_5,0,2,70FC22FC-0972-4261-99B3-226B15F00B33,2026-09-16 10:01:48.843,
43E565A7-3CF2-4B5A-BCB3-E0332A9B8DF6,C03338,20260914,OT1_5,0,2,70FC22FC-0972-4261-99B3-226B15F00B33,2026-09-15 17:18:07.333,
733DB6F2-4091-43E6-AF0D-3CAF1887242E,C03360,20260914,OT1_5,0,2,70FC22FC-0972-4261-99B3-226B15F00B33,2026-09-15 17:20:42.187,
17A4E5A0-A948-4F28-8ADF-D5049AB0883C,C03360,20260915,OT1_5,0,2,70FC22FC-0972-4261-99B3-226B15F00B33,2026-09-16 09:59:30.190,
7E6E4B03-A51F-484C-A05B-A86A961DA4BA,C03461,20260914,OT1_5,0,2,70FC22FC-0972-4261-99B3-226B15F00B33,2026-09-15 17:21:35.050,
D73BBDBC-334A-408D-A101-A4891C7BA0DB,C03461,20260915,OT1_5,0,2,70FC22FC-0972-4261-99B3-226B15F00B33,2026-09-16 10:00:13.880,
BC29E200-1D5F-4C7E-AD8C-C64EAA9ECF58,C03737,20260914,OT1_5,0,2,70FC22FC-0972-4261-99B3-226B15F00B33,2026-09-15 17:21:35.103,
B9DA9955-8D1F-4D8B-8055-BB74CAE55D17,C03737,20260915,OT1_5,0,2,70FC22FC-0972-4261-99B3-226B15F00B33,2026-09-16 10:00:13.960,
2C115D98-D791-42F4-A903-E99140479975,C04184,20260914,OT1_5,0,2,70FC22FC-0972-4261-99B3-226B15F00B33,2026-09-15 17:20:41.433,
C113688F-EE40-40FE-A4A8-9B06360AA11C,C04184,20260915,OT1_5,0,2,70FC22FC-0972-4261-99B3-226B15F00B33,2026-09-16 09:59:29.557,
02531460-A493-4E1D-BF67-383C8BB8E1FE,C04211,20260914,OT1_5,0,3,70FC22FC-0972-4261-99B3-226B15F00B33,2026-09-15 17:20:39.613,
01ACB1AF-56B4-46DC-B51C-47347C943C6A,C04266,20260914,OT1_5,0,2,70FC22FC-0972-4261-99B3-226B15F00B33,2026-09-15 17:20:40.933,
7C157E8F-F58B-4607-90DE-63EE65302E8B,C04266,20260915,OT1_5,0,2,70FC22FC-0972-4261-99B3-226B15F00B33,2026-09-16 09:59:29.527,
F88EFC7B-4C50-4EC9-9C2E-129E5F61F89A,C04417,20260914,OT1_5,0,2,70FC22FC-0972-4261-99B3-226B15F00B33,2026-09-15 17:16:57.980,
903C5C58-00F4-4793-9AB4-3CFD75686ACC,C04417,20260915,OT1_5,0,2,70FC22FC-0972-4261-99B3-226B15F00B33,2026-09-16 09:56:11.803,
D36C6E68-67F5-46BA-A426-F7135182E823,C04763,20260914,OT1_5,0,2,70FC22FC-0972-4261-99B3-226B15F00B33,2026-09-15 17:18:09.423,
5C5C4C17-41D7-40BD-A9A3-EB50DF961205,C04763,20260915,OT1_5,0,2,70FC22FC-0972-4261-99B3-226B15F00B33,2026-09-16 09:56:57.693,
C18995FE-D41A-4289-AFB6-456BFD7A346A,C04787,20260914,OT1_5,0,2,70FC22FC-0972-4261-99B3-226B15F00B33,2026-09-15 17:20:40.950,
CA541A83-9FE6-4865-B8A7-3BB3C07438CC,C04787,20260915,OT1_5,0,2,70FC22FC-0972-4261-99B3-226B15F00B33,2026-09-16 09:59:29.267,
204457D8-97CA-45F9-B689-F15D06963307,C04889,20260914,OT1_5,0,2,70FC22FC-0972-4261-99B3-226B15F00B33,2026-09-15 17:20:47.887,
8609CBEF-C14E-46E0-B72D-3C21989653E5,C04889,20260915,OT1_5,0,2,70FC22FC-0972-4261-99B3-226B15F00B33,2026-09-16 09:59:34.160,
42A0A4F0-B8AB-4E61-B321-74D490C84D28,C05255,20260914,OT1_5,0,2,70FC22FC-0972-4261-99B3-226B15F00B33,2026-09-15 17:18:07.927,
4B6747A9-0EA0-406E-AC9B-BBA42D05DAB2,C05255,20260915,OT1_5,0,2,70FC22FC-0972-4261-99B3-226B15F00B33,2026-09-16 09:56:55.580,
B3B75388-D939-4285-AA49-2FBF4C636EDC,C05434,20260914,OT1_5,0,2,70FC22FC-0972-4261-99B3-226B15F00B33,2026-09-15 17:18:09.440,
3C88969F-5B0A-4D6A-A248-DD21EBBBDA1E,C05651,20260914,OT1_5,0,2,70FC22FC-0972-4261-99B3-226B15F00B33,2026-09-15 17:18:04.923,
016AFF09-3DE0-4CC4-8A59-1A75C64A3C36,C05651,20260915,OT1_5,0,2,70FC22FC-0972-4261-99B3-226B15F00B33,2026-09-16 09:56:56.467,
280B00CF-2236-48E0-9B77-39ADAA873476,C05971,20260914,OT1_5,0,2,70FC22FC-0972-4261-99B3-226B15F00B33,2026-09-15 17:20:39.913,
0F09A620-32AD-4A44-B99C-A36C744C7A20,C05971,20260915,OT1_5,0,2,70FC22FC-0972-4261-99B3-226B15F00B33,2026-09-16 09:59:33.503,
73B36B0F-9606-44E7-A5B9-5007ACF3DF8D,C06038,20260914,OT1_5,0,2,70FC22FC-0972-4261-99B3-226B15F00B33,2026-09-15 17:16:58.033,
6AAD20E6-0021-434D-932D-0563FFA3C0FC,C06038,20260915,OT1_5,0,2,70FC22FC-0972-4261-99B3-226B15F00B33,2026-09-16 09:56:11.643,
D7B662F2-8770-406C-A266-CC3AB7DA2485,C06068,20260914,OT1_5,0,2,70FC22FC-0972-4261-99B3-226B15F00B33,2026-09-15 17:18:06.710,
D809B855-01EA-4B8F-A878-B38C9A365745,C06068,20260915,OT1_5,0,2,70FC22FC-0972-4261-99B3-226B15F00B33,2026-09-16 09:56:57.350,
FE5007EB-7EDC-4E50-9E7F-E89B84ED5EE9,C06271,20260914,OT1_5,0,2,70FC22FC-0972-4261-99B3-226B15F00B33,2026-09-15 17:23:58.607,
D112248C-6E25-4811-89A5-623F7A669A35,C06271,20260915,OT1_5,0,2,70FC22FC-0972-4261-99B3-226B15F00B33,2026-09-16 10:02:22.163,
1D425FA2-BEF5-45AA-B3B0-26E00D8EF3C6,C06695,20260914,OT1_5,0,2,70FC22FC-0972-4261-99B3-226B15F00B33,2026-09-15 17:23:13.757,
0483C88E-8DB9-4B14-9FBC-58D75C867A3E,C06695,20260915,OT1_5,0,2,70FC22FC-0972-4261-99B3-226B15F00B33,2026-09-16 10:01:55.107,
FA1DBFA1-F46A-4946-809F-D48A870EA9EA,C06775,20260914,OT1_5,0,1.5,70FC22FC-0972-4261-99B3-226B15F00B33,2026-09-15 17:18:58.727,
2AF71203-A121-4012-AF5C-E7548BA0D293,C06775,20260915,OT1_5,0,1.5,70FC22FC-0972-4261-99B3-226B15F00B33,2026-09-16 09:57:40.800,
1B764924-F0B2-40B2-80BF-B26779C6FB3D,C06828,20260915,OT1_5,0,1.5,70FC22FC-0972-4261-99B3-226B15F00B33,2026-09-16 09:56:52.687,
DB267C9E-3971-47FC-8CFF-3E4E4A070807,C06997,20260914,OT1_5,0,2,70FC22FC-0972-4261-99B3-226B15F00B33,2026-09-15 17:23:16.480,
B4DDFBE4-72BE-4950-9C7E-57EE64C6FC44,C06997,20260915,OT1_5,0,2,70FC22FC-0972-4261-99B3-226B15F00B33,2026-09-16 10:01:54.630,
C1F5FDFE-BE73-469C-964E-2743390D927B,C07095,20260914,OT1_5,0,2,70FC22FC-0972-4261-99B3-226B15F00B33,2026-09-15 17:18:04.590,
2A311C7A-C14E-42B3-B1D4-641BBEB0DEAE,C07101,20260914,OT1_5,0,2,70FC22FC-0972-4261-99B3-226B15F00B33,2026-09-15 17:17:58.337,
37E924FB-67A7-4DE3-9871-485955CF0494,C07101,20260915,OT1_5,0,2,70FC22FC-0972-4261-99B3-226B15F00B33,2026-09-16 09:56:53.740,
C599BC17-E087-46FA-9555-A5314C08C6D1,C07169,20260914,OT1_5,0,2,70FC22FC-0972-4261-99B3-226B15F00B33,2026-09-15 17:18:12.400,
F4A7C003-5BDC-4670-9F58-D4556555A8A1,C07169,20260915,OT1_5,0,2,70FC22FC-0972-4261-99B3-226B15F00B33,2026-09-16 09:56:58.987,
5F33BC80-CF12-4866-BE9F-99487A2AE0B1,C07179,20260914,OT1_5,0,2,70FC22FC-0972-4261-99B3-226B15F00B33,2026-09-15 17:20:44.433,
55471EDE-124C-4A8C-8250-62BC7DA64E28,C07179,20260915,OT1_5,0,2,70FC22FC-0972-4261-99B3-226B15F00B33,2026-09-16 09:59:31.080,
7A533DEE-7ED6-4BC2-B809-0C0C27BEEE2B,C07394,20260914,OT1_5,0,2,70FC22FC-0972-4261-99B3-226B15F00B33,2026-09-15 17:20:45.477,
3C34B84A-3597-4A62-9BE4-F42702601279,C07394,20260915,OT1_5,0,2,70FC22FC-0972-4261-99B3-226B15F00B33,2026-09-16 09:59:33.370,
A4CD8027-608C-4C2A-82DA-922DABB62363,C07397,20260914,OT1_5,0,2,70FC22FC-0972-4261-99B3-226B15F00B33,2026-09-15 17:18:12.450,
DBD1C2E2-413F-48DA-AC35-AA9741C1B7B6,C07397,20260915,OT1_5,0,2,70FC22FC-0972-4261-99B3-226B15F00B33,2026-09-16 09:56:57.540,
11A706EB-DEDD-4A91-8B1D-42B487943930,C07562,20260915,OT1_5,0,2,70FC22FC-0972-4261-99B3-226B15F00B33,2026-09-16 09:58:22.980,
D9726491-E6BD-473C-9A0A-879CC4C37C85,C07716,20260914,OT1_5,0,2,70FC22FC-0972-4261-99B3-226B15F00B33,2026-09-15 17:18:05.197,
FEFDAC1D-5472-46B2-B1E3-40D3C72A3D69,C07716,20260915,OT1_5,0,2,70FC22FC-0972-4261-99B3-226B15F00B33,2026-09-16 09:56:56.790,
3BBE613F-9AA5-4727-B51A-43181685A954,C07739,20260914,OT1_5,0,2,70FC22FC-0972-4261-99B3-226B15F00B33,2026-09-15 17:18:09.360,
F8AACC53-D697-4396-ABC8-BB254E0BC6CA,C07739,20260915,OT1_5,0,2,70FC22FC-0972-4261-99B3-226B15F00B33,2026-09-16 09:56:57.600,
6E03A068-A491-4CF6-8BEB-070F413CC3E9,C07757,20260914,OT1_5,0,2,70FC22FC-0972-4261-99B3-226B15F00B33,2026-09-15 17:20:41.460,
AA3D4BF7-C621-4556-972B-F22A9F48C17A,C07757,20260915,OT1_5,0,2,70FC22FC-0972-4261-99B3-226B15F00B33,2026-09-16 09:59:30.633,
88B6E717-A9E1-404D-A4C2-E8C9CE3F3A9D,C07866,20260915,OT1_5,0,1.5,70FC22FC-0972-4261-99B3-226B15F00B33,2026-09-16 09:56:52.677,
D3121913-52AC-4083-8580-4EB95EE4A686,C08007,20260914,OT1_5,0,2,70FC22FC-0972-4261-99B3-226B15F00B33,2026-09-15 17:21:36.737,
0A28415B-7E28-4C68-B1D6-7BE9DEFD12BA,C08007,20260915,OT1_5,0,2,70FC22FC-0972-4261-99B3-226B15F00B33,2026-09-16 10:00:13.267,
4290D132-F2DB-4DDF-862F-0E44BE909376,C08132,20260914,OT1_5,0,2,70FC22FC-0972-4261-99B3-226B15F00B33,2026-09-15 17:20:39.900,
5904EC39-3590-4C99-B69C-15762D07B8A8,C08132,20260915,OT1_5,0,2,70FC22FC-0972-4261-99B3-226B15F00B33,2026-09-16 09:59:38.920,
1F926DE6-33B4-442A-9F1E-99289209B151,C08266,20260914,OT1_5,0,2,70FC22FC-0972-4261-99B3-226B15F00B33,2026-09-15 17:18:08.117,
E5A16016-D998-4C2D-B717-9B0C0432D04A,C08391,20260914,OT1_5,0,2,70FC22FC-0972-4261-99B3-226B15F00B33,2026-09-15 17:20:44.410,
E8E91CBA-37E9-4072-90B7-D6160B3AC403,C08391,20260915,OT1_5,0,2,70FC22FC-0972-4261-99B3-226B15F00B33,2026-09-16 09:59:29.873,
7504AB44-3A05-4F3F-9F64-8B558B8D84D3,C08521,20260914,OT1_5,0,2,70FC22FC-0972-4261-99B3-226B15F00B33,2026-09-15 17:18:12.300,
85BBE342-9136-49E2-A00B-14A3801AFDFA,C08521,20260915,OT1_5,0,2,70FC22FC-0972-4261-99B3-226B15F00B33,2026-09-16 09:56:58.773,
B6B8D4A6-B55E-442D-BCC2-C13A872945F2,C08593,20260914,OT1_5,0,2,70FC22FC-0972-4261-99B3-226B15F00B33,2026-09-15 17:20:51.417,
C6F54B32-65EE-4758-9538-869F5DC27FE9,C08593,20260915,OT1_5,0,2,70FC22FC-0972-4261-99B3-226B15F00B33,2026-09-16 09:59:36.703,
A4675C99-5ADC-46F2-93F3-13E01CC45852,C08708,20260914,OT1_5,0,2,70FC22FC-0972-4261-99B3-226B15F00B33,2026-09-15 17:23:11.610,
B6CF3F3C-9D2E-4A14-B453-2F081CE96C37,C08784,20260914,OT1_5,0,2,70FC22FC-0972-4261-99B3-226B15F00B33,2026-09-15 17:16:58.100,
350F8250-46B2-4116-9750-B4B44F866B96,C08784,20260915,OT1_5,0,2,70FC22FC-0972-4261-99B3-226B15F00B33,2026-09-16 09:56:11.550,
D3F8D6FC-3A91-4EC3-AB90-0C9DBB7A8747,C09462,20260914,OT1_5,0,2,70FC22FC-0972-4261-99B3-226B15F00B33,2026-09-15 17:20:41.713,
13EDC830-CF1B-4922-9B9C-7FD633E862DA,C09462,20260915,OT1_5,0,2,70FC22FC-0972-4261-99B3-226B15F00B33,2026-09-16 09:59:29.760,
477F39C4-0F0E-447A-B4AF-78B979E8DC8A,C09474,20260914,OT1_5,0,2,70FC22FC-0972-4261-99B3-226B15F00B33,2026-09-15 17:18:57.780,
5369C79D-1D0E-4AFD-B8B7-900146962AB0,C09474,20260915,OT1_5,0,2,70FC22FC-0972-4261-99B3-226B15F00B33,2026-09-16 09:57:40.680,
D7E93203-879D-4D9C-ACD5-23F9CB5B06DC,C09516,20260914,OT1_5,0,2,70FC22FC-0972-4261-99B3-226B15F00B33,2026-09-15 17:18:09.237,
14D28389-91F0-4CC9-9606-F59D0EA04427,C09516,20260915,OT1_5,0,2,70FC22FC-0972-4261-99B3-226B15F00B33,2026-09-16 09:56:57.897,
E8975D54-4D24-4B31-A38B-01A18680E791,C09532,20260914,OT1_5,0,2,70FC22FC-0972-4261-99B3-226B15F00B33,2026-09-15 17:17:53.793,
EE9D356F-7CB5-4C74-886B-17EDE71CE97E,C09532,20260915,OT1_5,0,2,70FC22FC-0972-4261-99B3-226B15F00B33,2026-09-16 09:56:53.517,
B6209829-8083-4AD4-8C12-D0EB21325786,C09630,20260914,OT1_5,0,2,70FC22FC-0972-4261-99B3-226B15F00B33,2026-09-15 17:18:00.380,
6BE7F41F-8D33-401A-B640-CE4E92E66F70,C09630,20260915,OT1_5,0,2,70FC22FC-0972-4261-99B3-226B15F00B33,2026-09-16 09:56:54.537,
9EF20B57-F2A1-4ACB-9EF1-2997480E2172,C09638,20260914,OT1_5,0,2,70FC22FC-0972-4261-99B3-226B15F00B33,2026-09-15 17:20:41.140,
221C8C22-264C-485F-9207-28088E6E371A,C09638,20260915,OT1_5,0,2,70FC22FC-0972-4261-99B3-226B15F00B33,2026-09-16 09:59:29.317,
9E40E209-7367-4290-B691-1FBE7869315B,C09689,20260914,OT1_5,0,2,70FC22FC-0972-4261-99B3-226B15F00B33,2026-09-15 17:18:10.440,
E13DE38D-D7C7-4861-9556-DCE48FA4309B,C09689,20260915,OT1_5,0,2,70FC22FC-0972-4261-99B3-226B15F00B33,2026-09-16 09:56:58.103,
6C8117BE-0A1C-4CDE-AC65-D10F27485A36,C10137,20260915,OT1_5,0,2,70FC22FC-0972-4261-99B3-226B15F00B33,2026-09-16 10:01:56.037,
4B82AA24-9562-47C9-ADD1-E7B319C4A7C9,C10159,20260914,OT1_5,0,2,70FC22FC-0972-4261-99B3-226B15F00B33,2026-09-15 17:20:41.397,
BF979FCE-172C-4091-A4D6-DB0CE84194FC,C10159,20260915,OT1_5,0,2,70FC22FC-0972-4261-99B3-226B15F00B33,2026-09-16 09:59:29.547,
2D0DA9CE-DCEA-4B72-9800-C4BCB59E3F97,C10360,20260914,OT1_5,0,2,70FC22FC-0972-4261-99B3-226B15F00B33,2026-09-15 17:21:36.333,
8B1A742E-03AF-4351-900C-DA7F0B4DBD82,C10360,20260915,OT1_5,0,2,70FC22FC-0972-4261-99B3-226B15F00B33,2026-09-16 10:00:12.877,
BA3809B8-EAF7-4259-94A5-FE362C4D5F03,C10674,20260914,OT1_5,0,2,70FC22FC-0972-4261-99B3-226B15F00B33,2026-09-15 17:20:56.577,
F1EAE89D-668D-4DA3-938E-03E5F10581C7,C10674,20260915,OT1_5,0,2,70FC22FC-0972-4261-99B3-226B15F00B33,2026-09-16 09:59:37.083,
7386D329-4A9E-4D17-BCF0-50EEE6E7C5E3,C11064,20260914,OT1_5,0,2,70FC22FC-0972-4261-99B3-226B15F00B33,2026-09-15 17:20:47.153,
036CFE5D-76DE-422D-9D4C-76264C76E540,C11064,20260915,OT1_5,0,2,70FC22FC-0972-4261-99B3-226B15F00B33,2026-09-16 09:59:30.277,
D3D510C1-5418-42C5-8B40-B230E6865EA6,C11126,20260914,OT1_5,0,2,70FC22FC-0972-4261-99B3-226B15F00B33,2026-09-15 17:18:02.370,
5FA35876-9DD3-46ED-982C-2F628551607F,C11126,20260915,OT1_5,0,2,70FC22FC-0972-4261-99B3-226B15F00B33,2026-09-16 09:56:54.013,
9CDEF7A8-16B8-484C-B005-687390FE6733,C11223,20260914,OT1_5,0,2,70FC22FC-0972-4261-99B3-226B15F00B33,2026-09-15 17:18:07.097,
B1312EEA-4470-4A99-A9CD-A8A940F01DD3,C11223,20260915,OT1_5,0,2,70FC22FC-0972-4261-99B3-226B15F00B33,2026-09-16 09:56:57.437,
70E60C6D-6CBA-4773-968A-A29711D03B59,C11372,20260914,OT1_5,0,2,70FC22FC-0972-4261-99B3-226B15F00B33,2026-09-15 17:20:41.330,
628D34C7-24B1-4081-9632-BD4AC13E4D91,C11372,20260915,OT1_5,0,2,70FC22FC-0972-4261-99B3-226B15F00B33,2026-09-16 09:59:29.643,
53A49203-D60E-4C0F-A32F-9F9ED2E06B2A,C11419,20260914,OT1_5,0,2,70FC22FC-0972-4261-99B3-226B15F00B33,2026-09-15 17:18:10.847,
FFF62944-EF1D-413B-8F4F-ED57FE32A487,C11419,20260915,OT1_5,0,2,70FC22FC-0972-4261-99B3-226B15F00B33,2026-09-16 09:56:58.283,
E4B0631F-00E1-4929-BEE7-A69D83E5616D,C11454,20260914,OT1_5,0,2,70FC22FC-0972-4261-99B3-226B15F00B33,2026-09-15 17:18:03.470,
7C771359-50BF-4B7D-B9A6-0BDDD8470903,C11454,20260915,OT1_5,0,2,70FC22FC-0972-4261-99B3-226B15F00B33,2026-09-16 09:56:55.190,
953196F5-3E2D-4C80-AA52-0290F529E936,C11501,20260914,OT1_5,0,2,70FC22FC-0972-4261-99B3-226B15F00B33,2026-09-15 17:18:04.477,
535A11D0-F337-4ED8-B8DE-B97642A8A2AB,C11501,20260915,OT1_5,0,2,70FC22FC-0972-4261-99B3-226B15F00B33,2026-09-16 09:56:56.410,
C07A3927-8A35-41C3-BFEB-CE53EB6A5B7F,C11909,20260914,OT1_5,0,2,70FC22FC-0972-4261-99B3-226B15F00B33,2026-09-15 17:20:52.117,
DB6FF61C-3878-482C-B05C-BCDB1D3B1E58,C11909,20260915,OT1_5,0,2,70FC22FC-0972-4261-99B3-226B15F00B33,2026-09-16 09:59:37.227,
143B288C-4519-4694-BE98-A4FB3AFACE74,C11927,20260914,OT1_5,0,2,70FC22FC-0972-4261-99B3-226B15F00B33,2026-09-15 17:17:55.137,
8E9002DD-396B-4AC4-89C3-59EE79786EE8,C11927,20260915,OT1_5,0,2,70FC22FC-0972-4261-99B3-226B15F00B33,2026-09-16 09:56:52.953,
F9CAC961-FFEB-47A4-BE52-487E435CA465,C11967,20260914,OT1_5,0,2,70FC22FC-0972-4261-99B3-226B15F00B33,2026-09-15 17:20:44.333,
84188383-5EC4-4D05-A329-A4DBFC3B94B8,C11967,20260915,OT1_5,0,2,70FC22FC-0972-4261-99B3-226B15F00B33,2026-09-16 09:59:30.927,
68B01287-FB10-4133-8712-8E047CC9EC83,C12216,20260914,OT1_5,0,2,70FC22FC-0972-4261-99B3-226B15F00B33,2026-09-15 17:18:09.043,
C20F7E09-6590-4560-8EB1-13B30C5540E4,C12216,20260915,OT1_5,0,2,70FC22FC-0972-4261-99B3-226B15F00B33,2026-09-16 09:56:54.373,
5BE896B9-21A7-47C0-9ECC-42C1B552C842,C12376,20260914,OT1_5,0,2,70FC22FC-0972-4261-99B3-226B15F00B33,2026-09-15 17:20:48.740,
DCC18003-8C6A-4727-BBAD-134A23C79B10,C12376,20260915,OT1_5,0,2,70FC22FC-0972-4261-99B3-226B15F00B33,2026-09-16 09:59:33.780,
7FD32E60-810B-4F74-A1BB-D1855B8240AD,C13095,20260914,OT1_5,0,2,70FC22FC-0972-4261-99B3-226B15F00B33,2026-09-15 17:18:58.180,
E8DF9165-144E-4301-AB15-6B08F4A1FA91,C13095,20260915,OT1_5,0,2,70FC22FC-0972-4261-99B3-226B15F00B33,2026-09-16 09:57:40.060,
9D8D1F14-3F13-41FE-9135-BF41750A8506,C13129,20260914,OT1_5,0,2,70FC22FC-0972-4261-99B3-226B15F00B33,2026-09-15 17:23:07.163,
1FCACF70-4DFB-4005-85F8-78E5F4425FD5,C13129,20260915,OT1_5,0,2,70FC22FC-0972-4261-99B3-226B15F00B33,2026-09-16 10:01:44.460,
8FFE6062-7181-4159-A01E-515326E7C96D,C13316,20260914,OT1_5,0,2,70FC22FC-0972-4261-99B3-226B15F00B33,2026-09-15 17:18:09.757,
1EDCF8B7-E5CB-405C-80AE-7264482C7B7C,C13316,20260915,OT1_5,0,2,70FC22FC-0972-4261-99B3-226B15F00B33,2026-09-16 09:56:57.813,
C9DFBC0E-15D3-47F4-8643-CAE97F793CDC,C13393,20260914,OT1_5,0,2,70FC22FC-0972-4261-99B3-226B15F00B33,2026-09-15 17:18:12.563,
ED2D3AC6-4C23-454E-A846-CFCA05A908F5,C13393,20260915,OT1_5,0,2,70FC22FC-0972-4261-99B3-226B15F00B33,2026-09-16 09:56:58.540,
12CCE5E2-2DAE-49C5-B1F3-AD46B3F56405,C13489,20260914,OT1_5,0,2,70FC22FC-0972-4261-99B3-226B15F00B33,2026-09-15 17:17:54.393,
A5782944-4F2D-4E9F-9EC0-EAE1D0FF3932,C13489,20260915,OT1_5,0,2,70FC22FC-0972-4261-99B3-226B15F00B33,2026-09-16 09:56:53.703,
E801B92C-FDC5-4D29-B254-5A9DD0ED433A,C13619,20260914,OT1_5,0,2,70FC22FC-0972-4261-99B3-226B15F00B33,2026-09-15 17:23:10.647,
22225E5D-2647-440D-B940-019910754466,C13619,20260915,OT1_5,0,2,70FC22FC-0972-4261-99B3-226B15F00B33,2026-09-16 10:01:54.697,
A22C5558-8299-4D39-9EC2-9ABEFC4ABD90,C13626,20260914,OT1_5,0,2,70FC22FC-0972-4261-99B3-226B15F00B33,2026-09-15 17:16:58.160,
D8B4A396-8155-4344-A5DC-0BE7755A22D2,C13626,20260915,OT1_5,0,2,70FC22FC-0972-4261-99B3-226B15F00B33,2026-09-16 09:56:11.540,
93D1ED5F-6632-4387-806C-E5964D160AC9,C13668,20260914,OT1_5,0,2,70FC22FC-0972-4261-99B3-226B15F00B33,2026-09-15 17:23:13.637,
EAD3F9A7-D88D-4A5A-9AC5-D144EB9FC962,C13668,20260915,OT1_5,0,2,70FC22FC-0972-4261-99B3-226B15F00B33,2026-09-16 10:01:53.947,
8D3DF468-CA7F-4F95-B8C3-FD724F2D5D00,C13873,20260914,OT1_5,0,2,70FC22FC-0972-4261-99B3-226B15F00B33,2026-09-15 17:23:16.300,
9BF92C0B-0D06-4E92-B2EA-F23272865690,C13873,20260915,OT1_5,0,2,70FC22FC-0972-4261-99B3-226B15F00B33,2026-09-16 10:01:55.650,
A9611A90-D78D-4A40-8957-DAD8EBAF49EC,C13882,20260914,OT1_5,0,2,70FC22FC-0972-4261-99B3-226B15F00B33,2026-09-15 17:23:18.747,
F4911743-8BB4-47B6-9F04-4DF3421F10EB,C13882,20260915,OT1_5,0,2,70FC22FC-0972-4261-99B3-226B15F00B33,2026-09-16 10:01:56.820,
C179F3BE-76E0-45FD-9509-F5DA93A441EF,C13906,20260914,OT1_5,0,2,70FC22FC-0972-4261-99B3-226B15F00B33,2026-09-15 17:18:11.543,
F2122E91-13A2-44F3-8206-EA471EACA063,C13906,20260915,OT1_5,0,2,70FC22FC-0972-4261-99B3-226B15F00B33,2026-09-16 09:56:57.723,
DAD85330-9359-4EFA-82CB-BAF538ACD989,C14062,20260914,OT1_5,0,2,70FC22FC-0972-4261-99B3-226B15F00B33,2026-09-15 17:21:36.517,
AFFC50FD-06C4-4EB4-A10E-541559330F1C,C14062,20260915,OT1_5,0,2,70FC22FC-0972-4261-99B3-226B15F00B33,2026-09-16 10:00:13.290,
D3142108-F0F3-423E-A8AC-8782D433264D,C14134,20260914,OT1_5,0,2,70FC22FC-0972-4261-99B3-226B15F00B33,2026-09-15 17:18:12.930,
76223FF6-46C0-429A-90A6-1F08F20F7B04,C14134,20260915,OT1_5,0,2,70FC22FC-0972-4261-99B3-226B15F00B33,2026-09-16 09:56:58.147,
85D2DBBA-07DB-4F7B-8DE8-8BF0D9050571,C14163,20260914,OT1_5,0,2,70FC22FC-0972-4261-99B3-226B15F00B33,2026-09-15 17:20:43.217,
8C0F4E30-2603-44FF-A68A-5CC85923EDDC,C14163,20260915,OT1_5,0,2,70FC22FC-0972-4261-99B3-226B15F00B33,2026-09-16 09:59:30.787,
24B09FEC-5E84-41AF-A228-BC92E03B2ED3,C14197,20260914,OT1_5,0,2,70FC22FC-0972-4261-99B3-226B15F00B33,2026-09-15 17:18:06.217,
AEB205AF-8346-464D-8DC5-58A36A1E520F,C14197,20260915,OT1_5,0,2,70FC22FC-0972-4261-99B3-226B15F00B33,2026-09-16 09:56:56.870,
967787DA-BF97-477C-9F79-B3E5F0D8F55A,C14391,20260914,OT1_5,0,2,70FC22FC-0972-4261-99B3-226B15F00B33,2026-09-15 17:18:12.600,
ED32DBDF-051B-4F47-B5AA-3EEBCF80967A,C14391,20260915,OT1_5,0,2,70FC22FC-0972-4261-99B3-226B15F00B33,2026-09-16 09:56:58.663,
9F7431BA-A81E-4943-A864-EA7F6550A1F8,C14495,20260914,OT1_5,0,2,70FC22FC-0972-4261-99B3-226B15F00B33,2026-09-15 17:21:35.080,
30D266E0-DB60-4F81-9BEE-907ED4C0A70B,C14495,20260915,OT1_5,0,2,70FC22FC-0972-4261-99B3-226B15F00B33,2026-09-16 10:00:13.690,
A4A3A450-CDF3-4AFD-86DA-9539A9598758,C14533,20260914,OT1_5,0,2,70FC22FC-0972-4261-99B3-226B15F00B33,2026-09-15 17:21:01.840,
62C44460-48E1-4F4E-A868-A8E8F7D05955,C14533,20260915,OT1_5,0,2,70FC22FC-0972-4261-99B3-226B15F00B33,2026-09-16 09:59:34.580,
E89A4EE8-304E-454E-A3C9-6E9BF4A5020A,C14639,20260914,OT1_5,0,2,70FC22FC-0972-4261-99B3-226B15F00B33,2026-09-15 17:23:09.107,
0B881435-446D-4361-A03F-9F597E06E285,C14639,20260915,OT1_5,0,2,70FC22FC-0972-4261-99B3-226B15F00B33,2026-09-16 10:01:55.633,
DE3DAD6A-512C-4F2A-A6EF-EF45254658D7,C15359,20260914,OT1_5,0,2,70FC22FC-0972-4261-99B3-226B15F00B33,2026-09-15 17:22:22.140,
51F8C0BE-01E3-4398-A4E5-67C9299D3B86,C15403,20260914,OT1_5,0,2,70FC22FC-0972-4261-99B3-226B15F00B33,2026-09-15 17:23:11.633,
911F39F4-5A31-434A-870F-3D37026D0808,C15403,20260915,OT1_5,0,2,70FC22FC-0972-4261-99B3-226B15F00B33,2026-09-16 10:01:52.423,
CFB251C8-24B7-4E3D-8F72-3D5866BC57C2,C15574,20260914,OT1_5,0,2,70FC22FC-0972-4261-99B3-226B15F00B33,2026-09-15 17:21:01.950,
41133D5E-ED1F-4053-B70E-474E81D03876,C15574,20260915,OT1_5,0,2,70FC22FC-0972-4261-99B3-226B15F00B33,2026-09-16 09:59:36.813,
36C42DA4-FE45-41E4-A894-925782815AEE,C15606,20260914,OT1_5,0,2,70FC22FC-0972-4261-99B3-226B15F00B33,2026-09-15 17:23:15.410,
0B357548-BA5E-48D0-9C50-A0ADFC22B9F1,C15606,20260915,OT1_5,0,2,70FC22FC-0972-4261-99B3-226B15F00B33,2026-09-16 10:01:54.770,
7D9BB67D-9E81-46FD-B455-3A8650C01179,C15790,20260914,OT1_5,0,2,70FC22FC-0972-4261-99B3-226B15F00B33,2026-09-15 17:20:40.263,
129B8A15-F1BF-4A9E-9DA3-F9304EF23221,C15790,20260915,OT1_5,0,2,70FC22FC-0972-4261-99B3-226B15F00B33,2026-09-16 09:59:29.013,
7E53077B-00E1-4CE0-8C0F-F6B3C24C0092,C15801,20260914,OT1_5,0,2,70FC22FC-0972-4261-99B3-226B15F00B33,2026-09-15 17:20:40.470,
CCB913CB-D54A-4D7D-A206-6EEEF1BE5D6F,C15801,20260915,OT1_5,0,2,70FC22FC-0972-4261-99B3-226B15F00B33,2026-09-16 09:59:29.973,
FEE76183-B0B9-411B-AFA8-2CCDF2889F61,C16146,20260914,OT1_5,0,2,70FC22FC-0972-4261-99B3-226B15F00B33,2026-09-15 17:18:04.150,
D7351F91-CE53-40ED-96A0-A54DA1BEF2F6,C16146,20260915,OT1_5,0,2,70FC22FC-0972-4261-99B3-226B15F00B33,2026-09-16 09:56:55.643,
8E3E3B35-1E30-4BE2-9341-DE82187444E0,C16269,20260914,OT1_5,0,2,70FC22FC-0972-4261-99B3-226B15F00B33,2026-09-15 17:21:35.987,
843DE31C-3CE7-4ECE-A54D-CC45266C56A0,C16269,20260915,OT1_5,0,2,70FC22FC-0972-4261-99B3-226B15F00B33,2026-09-16 10:00:12.423,
ECF1EF1A-93BF-4A94-84C9-CD67B5BA826F,C16300,20260914,OT1_5,0,2,70FC22FC-0972-4261-99B3-226B15F00B33,2026-09-15 17:23:18.553,
26049B3E-DF66-4D86-A8E7-598968D0E39B,C16300,20260915,OT1_5,0,2,70FC22FC-0972-4261-99B3-226B15F00B33,2026-09-16 10:01:56.510,
27DF8955-5F85-46E0-8DD1-4E9E411FDEF3,C16453,20260914,OT1_5,0,2,70FC22FC-0972-4261-99B3-226B15F00B33,2026-09-15 17:18:02.357,
77F3BE71-71D2-42AB-AB0E-7BE91A803C50,C16453,20260915,OT1_5,0,2,70FC22FC-0972-4261-99B3-226B15F00B33,2026-09-16 09:56:54.200,
35EC8BAA-98C1-4EED-8C48-48FDEB0DC428,C16573,20260914,OT1_5,0,2,70FC22FC-0972-4261-99B3-226B15F00B33,2026-09-15 17:17:59.140,
ED4D4590-EBC9-4B20-819D-653B52F987FB,C16573,20260915,OT1_5,0,2,70FC22FC-0972-4261-99B3-226B15F00B33,2026-09-16 09:56:53.717,
FC341107-D4FA-4426-83B1-AF4E01FCD1AD,C16620,20260914,OT1_5,0,2,70FC22FC-0972-4261-99B3-226B15F00B33,2026-09-15 17:18:02.607,
584CD7E1-D75A-48B4-9FDC-5580A4E5E948,C16620,20260915,OT1_5,0,2,70FC22FC-0972-4261-99B3-226B15F00B33,2026-09-16 09:56:54.780,
FE88D84E-BDDA-4280-ACA7-031AE0B0BFE7,C16779,20260914,OT1_5,0,2,70FC22FC-0972-4261-99B3-226B15F00B33,2026-09-15 17:20:53.157,
07BF33D7-C28E-4A7B-8C21-A5B97DFF023A,C16779,20260915,OT1_5,0,2,70FC22FC-0972-4261-99B3-226B15F00B33,2026-09-16 09:59:37.000,
0CA79E57-A100-4748-92CD-356181463CEA,C16970,20260914,OT1_5,0,2,70FC22FC-0972-4261-99B3-226B15F00B33,2026-09-15 17:20:51.490,
C72253A5-77CA-4CFB-807A-9691F0B3ACFB,C16970,20260915,OT1_5,0,2,70FC22FC-0972-4261-99B3-226B15F00B33,2026-09-16 09:59:34.443,
0C8351B9-ECD7-4D3F-A161-464CE5D783D5,C16988,20260914,OT1_5,0,2,70FC22FC-0972-4261-99B3-226B15F00B33,2026-09-15 17:18:12.437,
512665CC-D433-49FA-BAD2-53FA60679389,C17080,20260914,OT1_5,0,2,70FC22FC-0972-4261-99B3-226B15F00B33,2026-09-15 17:18:12.640,
71C0C610-2397-4BD2-9B59-6D043972989D,C17090,20260914,OT1_5,0,2,70FC22FC-0972-4261-99B3-226B15F00B33,2026-09-15 17:20:48.373,
6DD004CF-6733-4C12-9570-C2A9CF92FBD7,C17090,20260915,OT1_5,0,2,70FC22FC-0972-4261-99B3-226B15F00B33,2026-09-16 09:59:30.483,
8AB4CFEF-0F69-490C-A7FF-3DFE360AC296,C17121,20260914,OT1_5,0,2,70FC22FC-0972-4261-99B3-226B15F00B33,2026-09-15 17:20:43.893,
82E7F7A8-8793-41EF-A551-5858E4CBD405,C17121,20260915,OT1_5,0,2,70FC22FC-0972-4261-99B3-226B15F00B33,2026-09-16 09:59:30.323,
8E790D6E-806D-4E58-BA9F-DE01AAD78A16,C17156,20260914,OT1_5,0,2,70FC22FC-0972-4261-99B3-226B15F00B33,2026-09-15 17:18:09.093,
1F7E180A-8389-4671-9EEA-2118A5032FA6,C17156,20260915,OT1_5,0,2,70FC22FC-0972-4261-99B3-226B15F00B33,2026-09-16 09:56:57.970,
7B942C99-304A-4C82-B6E8-413607413273,C17183,20260915,OT1_5,0,2,70FC22FC-0972-4261-99B3-226B15F00B33,2026-09-16 09:59:31.287,
29DF5B2D-5EFE-4165-990C-C0C786CBE9CE,C17301,20260914,OT1_5,0,2,70FC22FC-0972-4261-99B3-226B15F00B33,2026-09-15 17:18:07.793,
29B64399-7722-4C27-92CE-0175C11088E4,C17301,20260915,OT1_5,0,2,70FC22FC-0972-4261-99B3-226B15F00B33,2026-09-16 09:56:54.433,
AF60C752-15FB-464E-AC91-5FFD08935788,C17317,20260914,OT1_5,0,2,70FC22FC-0972-4261-99B3-226B15F00B33,2026-09-15 17:20:46.633,
D2629D22-BC60-4545-9C94-233F9D9C2A7E,C17317,20260915,OT1_5,0,2,70FC22FC-0972-4261-99B3-226B15F00B33,2026-09-16 09:59:30.403,
D8ADB6EE-BA8C-4777-A5D6-38538DF7BE6C,C17508,20260914,OT1_5,0,2,70FC22FC-0972-4261-99B3-226B15F00B33,2026-09-15 17:23:18.077,
0291EE5A-60C2-4F3E-9432-62A994BDE90D,C17508,20260915,OT1_5,0,2,70FC22FC-0972-4261-99B3-226B15F00B33,2026-09-16 10:01:56.350,
F243E24B-AB5D-4F25-A243-5F8FCB87EC9E,C17520,20260914,OT1_5,0,2,70FC22FC-0972-4261-99B3-226B15F00B33,2026-09-15 17:20:40.550,
E5E1BCAD-F4DC-471D-B90D-A2EF5FE355A9,C17520,20260915,OT1_5,0,2,70FC22FC-0972-4261-99B3-226B15F00B33,2026-09-16 09:59:29.037,
A8C5A9DA-83FA-4D09-BEB8-03103B401C7B,C17524,20260914,OT1_5,0,2,70FC22FC-0972-4261-99B3-226B15F00B33,2026-09-15 17:18:06.733,
472509CA-BCC7-433A-BABD-F704F22A9E27,C17524,20260915,OT1_5,0,2,70FC22FC-0972-4261-99B3-226B15F00B33,2026-09-16 09:56:56.660,
C72C2B67-89B8-4E5F-8D0B-B33C1BFBB4AC,C17573,20260914,OT1_5,0,2,70FC22FC-0972-4261-99B3-226B15F00B33,2026-09-15 17:20:45.660,
E6B334C1-385A-42C2-8D7D-1188512FFE1F,C17573,20260915,OT1_5,0,2,70FC22FC-0972-4261-99B3-226B15F00B33,2026-09-16 09:59:33.610,
ECFB2CD6-DDD0-43C8-ADC3-64ACB4AA540A,C17579,20260914,OT1_5,0,2,70FC22FC-0972-4261-99B3-226B15F00B33,2026-09-15 17:18:11.563,
69D57489-88C8-4291-834E-4331DEE8ECE5,C17716,20260914,OT1_5,0,2,70FC22FC-0972-4261-99B3-226B15F00B33,2026-09-15 17:17:59.267,
9CC8DB95-C3BF-4511-92E1-07E22D0C04B6,C17786,20260914,OT1_5,0,2,70FC22FC-0972-4261-99B3-226B15F00B33,2026-09-15 17:20:40.007,
55EB7A07-DDD0-40A4-A682-AB8CA03DD95D,C17786,20260915,OT1_5,0,2,70FC22FC-0972-4261-99B3-226B15F00B33,2026-09-16 09:59:32.257,
6B219D2B-9612-4C16-B122-F21341F994C5,C17800,20260914,OT1_5,0,2,70FC22FC-0972-4261-99B3-226B15F00B33,2026-09-15 17:23:08.043,
C3C94716-8208-4AD5-AF9E-1CA7D5E259D1,C17800,20260915,OT1_5,0,2,70FC22FC-0972-4261-99B3-226B15F00B33,2026-09-16 10:01:50.003,
CBD44F86-295F-465A-B21B-65A73A0DB51B,C17837,20260914,OT1_5,0,3.5,70FC22FC-0972-4261-99B3-226B15F00B33,2026-09-15 17:18:57.217,
E1093A3F-35BE-4589-954D-E442159A089A,C17837,20260915,OT1_5,0,3.5,70FC22FC-0972-4261-99B3-226B15F00B33,2026-09-16 09:57:39.653,
4BD2BB61-1E41-4F06-B585-6F672B641731,C17871,20260914,OT1_5,0,2,70FC22FC-0972-4261-99B3-226B15F00B33,2026-09-15 17:20:45.687,
F4CC846F-FFE1-4395-984A-6A3646588B5A,C17871,20260915,OT1_5,0,2,70FC22FC-0972-4261-99B3-226B15F00B33,2026-09-16 09:59:33.117,
97ABD989-6B5A-40D0-B099-BA78DBBE22E4,C17966,20260914,OT1_5,0,2,70FC22FC-0972-4261-99B3-226B15F00B33,2026-09-15 17:18:02.620,
98F905C5-E322-4AC0-88B9-ED71BA89B20D,C17966,20260915,OT1_5,0,2,70FC22FC-0972-4261-99B3-226B15F00B33,2026-09-16 09:56:54.250,
51098248-8D33-4611-A945-49FB2854929E,C18005,20260914,OT1_5,0,2,70FC22FC-0972-4261-99B3-226B15F00B33,2026-09-15 17:17:54.863,
6249B29C-8ABD-4631-A6A6-6B75DD59EB67,C18032,20260914,OT1_5,0,2,70FC22FC-0972-4261-99B3-226B15F00B33,2026-09-15 17:20:54.133,
3C0405A0-0D41-4995-8254-BD5F8AABEA2F,C18032,20260915,OT1_5,0,2,70FC22FC-0972-4261-99B3-226B15F00B33,2026-09-16 09:59:38.290,
0546DF7B-DB47-4AF5-887B-A22063647741,C18067,20260914,OT1_5,0,2,70FC22FC-0972-4261-99B3-226B15F00B33,2026-09-15 17:18:04.873,
9EC29519-4BF0-40F1-A572-AC8C78B13C42,C18067,20260915,OT1_5,0,2,70FC22FC-0972-4261-99B3-226B15F00B33,2026-09-16 09:56:55.550,
B8D168F2-F0EA-46CE-B8FB-CA1C82BB45EE,C18070,20260914,OT1_5,0,2,70FC22FC-0972-4261-99B3-226B15F00B33,2026-09-15 17:20:41.993,
E7448DB6-3C74-4B4F-94B7-26D14726B111,C18070,20260915,OT1_5,0,2,70FC22FC-0972-4261-99B3-226B15F00B33,2026-09-16 09:59:29.653,
90CF7F0C-7CD4-4DEE-9E05-14AB26DC97E1,C18073,20260914,OT1_5,0,2,70FC22FC-0972-4261-99B3-226B15F00B33,2026-09-15 17:20:48.347,
F2720106-0EB5-499C-A0DA-290FA93AD541,C18073,20260915,OT1_5,0,2,70FC22FC-0972-4261-99B3-226B15F00B33,2026-09-16 09:59:36.910,
C83C83A8-E483-4219-81BD-0CB3BFD8DC0E,C18083,20260914,OT1_5,0,2,70FC22FC-0972-4261-99B3-226B15F00B33,2026-09-15 17:18:11.317,
D616247A-5080-40AA-9DE4-98FC64D682FB,C18083,20260915,OT1_5,0,2,70FC22FC-0972-4261-99B3-226B15F00B33,2026-09-16 09:56:58.603,
FBBC92A3-E415-462F-A33D-EFE8986963CB,C18098,20260914,OT1_5,0,2,70FC22FC-0972-4261-99B3-226B15F00B33,2026-09-15 17:23:13.880,
8359D1BE-54A4-4758-8719-4AEE1D9791DD,C18098,20260915,OT1_5,0,2,70FC22FC-0972-4261-99B3-226B15F00B33,2026-09-16 10:01:54.753,
22E63D56-D716-4787-9EB9-95E282780C36,C18121,20260914,OT1_5,0,2,70FC22FC-0972-4261-99B3-226B15F00B33,2026-09-15 17:18:12.700,
6EF9B130-21D4-4387-84D2-1DD6C2A06097,C18121,20260915,OT1_5,0,2,70FC22FC-0972-4261-99B3-226B15F00B33,2026-09-16 09:56:58.390,
5A67E990-91F4-484B-9CA0-009CE65A43C1,C18157,20260914,OT1_5,0,2,70FC22FC-0972-4261-99B3-226B15F00B33,2026-09-15 17:21:36.270,
13B62C0C-9D91-4B35-91CE-DC1EED55128C,C18157,20260915,OT1_5,0,2,70FC22FC-0972-4261-99B3-226B15F00B33,2026-09-16 10:00:12.830,
EFAD9222-0E98-4642-A511-6071C8599C60,C18210,20260914,OT1_5,0,2,70FC22FC-0972-4261-99B3-226B15F00B33,2026-09-15 17:21:36.467,
04933807-A0E7-432F-AF52-67E78601EB03,C18210,20260915,OT1_5,0,2,70FC22FC-0972-4261-99B3-226B15F00B33,2026-09-16 10:00:12.910,
2FDA3949-DAA9-4C93-B48C-A5CDD7E9AD8F,C18364,20260914,OT1_5,0,2,70FC22FC-0972-4261-99B3-226B15F00B33,2026-09-15 17:23:12.267,
051A9E5E-955D-482B-8ED3-689E4E4D7AE4,C18364,20260915,OT1_5,0,2,70FC22FC-0972-4261-99B3-226B15F00B33,2026-09-16 10:01:54.257,
CC759F50-6CF3-4E05-B757-0CABA60685C3,C18369,20260914,OT1_5,0,2,70FC22FC-0972-4261-99B3-226B15F00B33,2026-09-15 17:18:10.077,
8E68BE17-2B3A-428D-AB7F-38295553D803,C18369,20260915,OT1_5,0,2,70FC22FC-0972-4261-99B3-226B15F00B33,2026-09-16 09:56:58.013,
13B92260-B43A-46AF-A141-BC52BC31EEF7,C18375,20260914,OT1_5,0,2,70FC22FC-0972-4261-99B3-226B15F00B33,2026-09-15 17:18:12.373,
07097136-B1B5-4B92-A17D-723A7F420EDC,C18375,20260915,OT1_5,0,2,70FC22FC-0972-4261-99B3-226B15F00B33,2026-09-16 09:56:58.960,
2D804E46-85C0-4818-B5F6-FF2692643FE7,C18417,20260914,OT1_5,0,2,70FC22FC-0972-4261-99B3-226B15F00B33,2026-09-15 17:23:18.623,
58B535B9-658A-408F-B0C9-62BDD54B1F75,C18417,20260915,OT1_5,0,2,70FC22FC-0972-4261-99B3-226B15F00B33,2026-09-16 10:01:56.850,
1EECF5DF-2C11-44D0-B112-346D8BA88A6A,C18501,20260914,OT1_5,0,2,70FC22FC-0972-4261-99B3-226B15F00B33,2026-09-15 17:18:08.360,
CDE27BC9-29B0-4182-BC71-AC2238074382,C18501,20260915,OT1_5,0,2,70FC22FC-0972-4261-99B3-226B15F00B33,2026-09-16 09:56:57.493,
61D41871-B59E-4F2E-B075-D43BC07EEFD6,C18574,20260914,OT1_5,0,2,70FC22FC-0972-4261-99B3-226B15F00B33,2026-09-15 17:21:35.673,
65F9C143-A4D6-46B1-97D8-38FECEDB0C6E,C18574,20260915,OT1_5,0,2,70FC22FC-0972-4261-99B3-226B15F00B33,2026-09-16 10:00:11.797,
277F31D8-5AFD-42D8-82E7-BA9EC85D9C0A,C18586,20260914,OT1_5,0,2,70FC22FC-0972-4261-99B3-226B15F00B33,2026-09-15 17:18:04.173,
B25C9B5F-0A9A-4822-8945-E298CEBB3B14,C18613,20260914,OT1_5,0,2,70FC22FC-0972-4261-99B3-226B15F00B33,2026-09-15 17:18:06.647,
476A488F-85AF-49EE-B8AC-667270C4C4CC,C18632,20260914,OT1_5,0,2,70FC22FC-0972-4261-99B3-226B15F00B33,2026-09-15 17:17:58.820,
8EA60AE4-9B4E-460C-B264-B94BEB24F958,C18632,20260915,OT1_5,0,2,70FC22FC-0972-4261-99B3-226B15F00B33,2026-09-16 09:56:54.003,
5A796640-66A7-4542-893D-85652A5C2C15,C18669,20260914,OT1_5,0,2,70FC22FC-0972-4261-99B3-226B15F00B33,2026-09-15 17:16:58.230,
DF91AE0B-4C89-4D84-A74D-E1D1CA1D95EF,C18669,20260915,OT1_5,0,2,70FC22FC-0972-4261-99B3-226B15F00B33,2026-09-16 09:56:11.737,
B6A8238E-687D-422B-8ECE-24461726673D,C18675,20260914,OT1_5,0,2,70FC22FC-0972-4261-99B3-226B15F00B33,2026-09-15 17:20:41.270,
F941B6A0-5341-4854-A39C-D74B707E01E0,C18675,20260915,OT1_5,0,2,70FC22FC-0972-4261-99B3-226B15F00B33,2026-09-16 09:59:29.247,
70469828-7742-45BC-83BB-89501EA88070,C18708,20260914,OT1_5,0,2,70FC22FC-0972-4261-99B3-226B15F00B33,2026-09-15 17:20:50.957,
38822666-F39A-4450-8EF2-4393168828B6,C18708,20260915,OT1_5,0,2,70FC22FC-0972-4261-99B3-226B15F00B33,2026-09-16 09:59:31.003,
65BC4DF3-05CC-460A-BFE2-3913BA0E0854,C18762,20260914,OT1_5,0,2.5,70FC22FC-0972-4261-99B3-226B15F00B33,2026-09-15 17:18:09.250,
777BD6B9-F4B8-42EF-84BB-46ED33289B96,C18762,20260915,OT1_5,0,2.5,70FC22FC-0972-4261-99B3-226B15F00B33,2026-09-16 09:56:59.247,
8B20A73C-14C0-422D-97F9-91CBD095239A,C18784,20260914,OT1_5,0,2,70FC22FC-0972-4261-99B3-226B15F00B33,2026-09-15 17:20:40.883,
5182F9CC-C154-4758-99EC-506CC2D60DE1,C18784,20260915,OT1_5,0,2,70FC22FC-0972-4261-99B3-226B15F00B33,2026-09-16 09:59:29.393,
B7747589-6CDF-4163-A000-BAECA33D191A,C18821,20260914,OT1_5,0,2,70FC22FC-0972-4261-99B3-226B15F00B33,2026-09-15 17:20:44.267,
893E8E3F-DEC2-49EE-ACFA-CBE3B23BD142,C18821,20260915,OT1_5,0,2,70FC22FC-0972-4261-99B3-226B15F00B33,2026-09-16 09:59:32.787,
112CDE2F-D49E-4196-8E36-D46B6247CB5F,C18874,20260914,OT1_5,0,2,70FC22FC-0972-4261-99B3-226B15F00B33,2026-09-15 17:20:41.413,
4F6CC74B-459E-4464-85D0-54588EEF5CD1,C18874,20260915,OT1_5,0,2,70FC22FC-0972-4261-99B3-226B15F00B33,2026-09-16 09:59:29.750,
27ADA798-827E-4597-9CF9-CA9E5E3BE1F4,C18900,20260914,OT1_5,0,2,70FC22FC-0972-4261-99B3-226B15F00B33,2026-09-15 17:23:04.580,
D491CCC5-1950-42AB-8943-4AED9050FB97,C18900,20260915,OT1_5,0,2,70FC22FC-0972-4261-99B3-226B15F00B33,2026-09-16 10:01:43.107,
7DC98329-C71E-4CBB-8BEE-DC05CE35BCEC,C18919,20260915,OT1_5,0,2,70FC22FC-0972-4261-99B3-226B15F00B33,2026-09-16 10:07:45.347,
BD6A8796-B9A0-44FA-B187-BA3A6A5CA163,C18925,20260914,OT1_5,0,2,70FC22FC-0972-4261-99B3-226B15F00B33,2026-09-15 17:18:12.117,
12C37872-B0AE-4CC1-A1F3-B2EDF2C6C114,C18925,20260915,OT1_5,0,2,70FC22FC-0972-4261-99B3-226B15F00B33,2026-09-16 09:56:58.880,
B4325EA3-EF92-40A5-BF01-98DF8A921BEE,C18969,20260914,OT1_5,0,2,70FC22FC-0972-4261-99B3-226B15F00B33,2026-09-15 17:21:36.717,
2372E43D-4FFB-45A1-A5F6-13D63B01921A,C18969,20260915,OT1_5,0,2,70FC22FC-0972-4261-99B3-226B15F00B33,2026-09-16 10:00:12.753,
489D31F5-0D1C-45F8-979A-08CA5BEF15F4,C18998,20260914,OT1_5,0,2,70FC22FC-0972-4261-99B3-226B15F00B33,2026-09-15 17:20:53.020,
966EA3B4-C335-4E52-A0F1-37A267CE7A00,C18998,20260915,OT1_5,0,2,70FC22FC-0972-4261-99B3-226B15F00B33,2026-09-16 09:59:39.400,
AD4D41D2-6B60-4DCF-9091-B6AFB81185DD,C19114,20260914,OT1_5,0,2,70FC22FC-0972-4261-99B3-226B15F00B33,2026-09-15 17:18:06.757,
E61AD277-7BC0-4F27-9C49-37FA7BFD9EE1,C19221,20260914,OT1_5,0,2,70FC22FC-0972-4261-99B3-226B15F00B33,2026-09-15 17:18:57.660,
6FA9EB22-D94D-4AB4-A34C-66EB1BDEC32E,C19221,20260915,OT1_5,0,2,70FC22FC-0972-4261-99B3-226B15F00B33,2026-09-16 09:57:40.300,
8BE11C13-ABD7-4AA2-AE7E-683A15F0E064,C19226,20260914,OT1_5,0,2,70FC22FC-0972-4261-99B3-226B15F00B33,2026-09-15 17:17:55.680,
F4FC7400-7CE4-4C69-BA6B-01C0E1309A53,C19235,20260914,OT1_5,0,2,70FC22FC-0972-4261-99B3-226B15F00B33,2026-09-15 17:23:58.560,
9C2EE05A-E352-4109-BF63-0521A16322BF,C19235,20260915,OT1_5,0,2,70FC22FC-0972-4261-99B3-226B15F00B33,2026-09-16 10:02:22.103,
9FEAD6F7-CA36-46F4-8AC5-10B7098B1089,C19289,20260914,OT1_5,0,2,70FC22FC-0972-4261-99B3-226B15F00B33,2026-09-15 17:23:18.607,
9A863B68-F712-4FE1-B271-6482D18A33BF,C19289,20260915,OT1_5,0,2,70FC22FC-0972-4261-99B3-226B15F00B33,2026-09-16 10:01:46.350,
ABCE35DC-1712-4622-B85C-966B34C31D89,C19296,20260914,OT1_5,0,2,70FC22FC-0972-4261-99B3-226B15F00B33,2026-09-15 17:21:35.410,
6AA7C6EF-7798-4CD8-999C-044F27828159,C19296,20260915,OT1_5,0,2,70FC22FC-0972-4261-99B3-226B15F00B33,2026-09-16 10:00:13.930,
0D2A01E1-A60B-4DD0-8502-F67F81A0CBE0,C19297,20260914,OT1_5,0,2,70FC22FC-0972-4261-99B3-226B15F00B33,2026-09-15 17:18:12.817,
00E346EA-410C-4BD8-A190-D76E52B3812E,C19297,20260915,OT1_5,0,2,70FC22FC-0972-4261-99B3-226B15F00B33,2026-09-16 09:56:58.493,
F56C6AA0-58BC-482B-9D31-B5F81194A731,C19299,20260914,OT1_5,0,2,70FC22FC-0972-4261-99B3-226B15F00B33,2026-09-15 17:18:11.303,
56E61824-9394-4B89-B936-D3DE12D8A266,C19299,20260915,OT1_5,0,2,70FC22FC-0972-4261-99B3-226B15F00B33,2026-09-16 09:56:58.723,
936D5361-90F2-4827-B7EC-D5CC72965009,C19302,20260914,OT1_5,0,2,70FC22FC-0972-4261-99B3-226B15F00B33,2026-09-15 17:21:36.787,
B2A3BE49-17F2-4F25-AAC2-8F7451534DA8,C19302,20260915,OT1_5,0,2,70FC22FC-0972-4261-99B3-226B15F00B33,2026-09-16 10:00:13.870,
B2A4E0E5-C76F-4ABE-86B4-917B39575443,C19405,20260914,OT1_5,0,2,70FC22FC-0972-4261-99B3-226B15F00B33,2026-09-15 17:18:05.223,
96471579-C428-4F56-98D4-A632B9C904A9,C19405,20260915,OT1_5,0,2,70FC22FC-0972-4261-99B3-226B15F00B33,2026-09-16 09:56:53.417,
137E9A68-CAAD-40AB-BAE3-3E80F75EBFD4,C19452,20260914,OT1_5,0,2,70FC22FC-0972-4261-99B3-226B15F00B33,2026-09-15 17:18:12.967,
DD44E7DD-3E38-419A-AD99-5509856D00DF,C19452,20260915,OT1_5,0,2,70FC22FC-0972-4261-99B3-226B15F00B33,2026-09-16 09:56:52.930,
30CA747A-94C1-42AA-BD6B-357EA41A72AD,C19457,20260914,OT1_5,0,2,70FC22FC-0972-4261-99B3-226B15F00B33,2026-09-15 17:18:12.223,
D9B8A3F2-3305-431C-A6CB-CF291C0AF7D3,C19457,20260915,OT1_5,0,2,70FC22FC-0972-4261-99B3-226B15F00B33,2026-09-16 09:56:58.803,
EFB4C5E2-989D-437F-B206-A6BEB1E2FA45,C19485,20260914,OT1_5,0,2,70FC22FC-0972-4261-99B3-226B15F00B33,2026-09-15 17:23:58.490,
A7E42C91-BE32-4A00-AC3B-7835C001B390,C19485,20260915,OT1_5,0,2,70FC22FC-0972-4261-99B3-226B15F00B33,2026-09-16 10:02:22.143,
249B2F4E-6635-4C36-AD99-F1BAE5AD598B,C19506,20260914,OT1_5,0,2,70FC22FC-0972-4261-99B3-226B15F00B33,2026-09-15 17:23:10.200,
523E5C40-3897-4A82-9DD7-4B6972647B5A,C19506,20260915,OT1_5,0,2,70FC22FC-0972-4261-99B3-226B15F00B33,2026-09-16 10:01:57.030,
C90FC859-D2D2-4811-A323-B8D8C739E454,C19522,20260914,OT1_5,0,2,70FC22FC-0972-4261-99B3-226B15F00B33,2026-09-15 17:20:59.067,
4E216F21-A799-4674-82B0-10EA32727862,C19522,20260915,OT1_5,0,2,70FC22FC-0972-4261-99B3-226B15F00B33,2026-09-16 09:59:35.037,
F80A08B0-22A7-43FF-AF3C-BC1135D011D7,C19534,20260914,OT1_5,0,3.5,70FC22FC-0972-4261-99B3-226B15F00B33,2026-09-15 17:21:34.683,
639A7D4C-71D7-4D44-AB4A-CCA1728CB4C3,C19534,20260915,OT1_5,0,3.5,70FC22FC-0972-4261-99B3-226B15F00B33,2026-09-16 10:00:11.763,
1B0B8F71-F9EB-40BE-A5C5-B5DDE8D30146,C19546,20260914,OT1_5,0,2,70FC22FC-0972-4261-99B3-226B15F00B33,2026-09-15 17:17:57.990,
6DE16728-AEF8-45B1-9A59-F17A23765E83,C19546,20260915,OT1_5,0,2,70FC22FC-0972-4261-99B3-226B15F00B33,2026-09-16 09:56:53.660,
AB697D62-A7EC-42A1-BF0E-DEFF244177A4,C19566,20260914,OT1_5,0,2,70FC22FC-0972-4261-99B3-226B15F00B33,2026-09-15 17:18:12.913,
15AE18CC-2C58-4CCA-A7EE-7D63C9578BC4,C19566,20260915,OT1_5,0,2,70FC22FC-0972-4261-99B3-226B15F00B33,2026-09-16 09:56:57.947,
A76C8AB1-2CB7-4880-932D-A9EC2624049A,C19622,20260914,OT1_5,0,2,70FC22FC-0972-4261-99B3-226B15F00B33,2026-09-15 17:16:58.287,
042D229D-2108-4A0C-A20C-505EDEE4862A,C19622,20260915,OT1_5,0,2,70FC22FC-0972-4261-99B3-226B15F00B33,2026-09-16 09:56:11.600,
24599458-0E3C-4B35-B3B8-E2FA0DEC8D9C,C19626,20260914,OT1_5,0,2,70FC22FC-0972-4261-99B3-226B15F00B33,2026-09-15 17:23:58.660,
82DE69F1-ABEA-453F-BAF0-57881752CB9F,C19626,20260915,OT1_5,0,2,70FC22FC-0972-4261-99B3-226B15F00B33,2026-09-16 10:02:22.193,
0B5972C4-1971-4AAE-9455-28B067A3B440,C19630,20260914,OT1_5,0,2,70FC22FC-0972-4261-99B3-226B15F00B33,2026-09-15 17:20:59.163,
3209E0CA-0B4A-4524-9BC4-6BF51FD38313,C19630,20260915,OT1_5,0,2,70FC22FC-0972-4261-99B3-226B15F00B33,2026-09-16 09:59:30.627,
5B11500E-EEBA-47D6-9656-1C9FBB58B2AA,C19679,20260914,OT1_5,0,2,70FC22FC-0972-4261-99B3-226B15F00B33,2026-09-15 17:20:46.857,
F7F7AE6F-F7A6-4F53-A735-F513C0E508FF,C19679,20260915,OT1_5,0,2,70FC22FC-0972-4261-99B3-226B15F00B33,2026-09-16 09:59:33.070,
EA3987D0-0343-41F4-A0CA-2FA5507CD34A,C19691,20260914,OT1_5,0,2,70FC22FC-0972-4261-99B3-226B15F00B33,2026-09-15 17:18:07.357,
4E35401E-086D-41B3-853F-2B95638738D6,C19758,20260914,OT1_5,0,2,70FC22FC-0972-4261-99B3-226B15F00B33,2026-09-15 17:20:41.200,
5C2B23CF-DACD-4192-B6D9-322FCC73FF68,C19758,20260915,OT1_5,0,2,70FC22FC-0972-4261-99B3-226B15F00B33,2026-09-16 09:59:29.257,
FC4C7EE1-901A-42E2-AFFA-D9044665D737,C19761,20260914,OT1_5,0,2,70FC22FC-0972-4261-99B3-226B15F00B33,2026-09-15 17:18:05.917,
B70B76D6-567A-4D32-B2D1-F9BFDF1916A9,C19761,20260915,OT1_5,0,1.5,70FC22FC-0972-4261-99B3-226B15F00B33,2026-09-16 09:56:52.630,
5BC86A93-094A-473E-AD56-07A136E41460,C19763,20260914,OT1_5,0,2,70FC22FC-0972-4261-99B3-226B15F00B33,2026-09-15 17:22:21.870,
CE98B083-DD27-4593-97FE-1E378832E6A2,C19763,20260915,OT1_5,0,2,70FC22FC-0972-4261-99B3-226B15F00B33,2026-09-16 10:01:12.857,
53D8F953-BBF9-45AE-9AB7-79FBA0BB42B8,C19770,20260914,OT1_5,0,2,70FC22FC-0972-4261-99B3-226B15F00B33,2026-09-15 17:21:05.980,
087B083E-9DD0-4A73-BFE4-AC9DA929F9AF,C19802,20260914,OT1_5,0,2,70FC22FC-0972-4261-99B3-226B15F00B33,2026-09-15 17:23:12.130,
D60D3F11-E23F-4264-A818-B316DFF70CEE,C19802,20260915,OT1_5,0,2,70FC22FC-0972-4261-99B3-226B15F00B33,2026-09-16 10:01:46.940,
E2CAF085-ADB2-4603-A7EE-BC833C6FE281,C19810,20260914,OT1_5,0,2,70FC22FC-0972-4261-99B3-226B15F00B33,2026-09-15 17:18:11.167,
27F10DEC-53CD-49EF-BEDB-EFEAB2490902,C19810,20260915,OT1_5,0,2,70FC22FC-0972-4261-99B3-226B15F00B33,2026-09-16 09:56:58.443,
CFED610C-B44A-41BA-98F0-83C6E0B55FB0,C19822,20260914,OT1_5,0,2,70FC22FC-0972-4261-99B3-226B15F00B33,2026-09-15 17:18:07.593,
18F1DD6F-BB29-4A6B-AFEB-5137C4E42162,C19824,20260914,OT1_5,0,2,70FC22FC-0972-4261-99B3-226B15F00B33,2026-09-15 17:18:11.577,
1D222A7D-79F8-45B9-9624-931EF98D5CD5,C19824,20260915,OT1_5,0,2,70FC22FC-0972-4261-99B3-226B15F00B33,2026-09-16 09:56:58.630,
CA2BE743-724E-4932-9279-2A02A168FF45,C19828,20260914,OT1_5,0,2,70FC22FC-0972-4261-99B3-226B15F00B33,2026-09-15 17:22:22.030,
F7B2084A-C47E-4F5F-B314-6C37A86D5187,C19828,20260915,OT1_5,0,2,70FC22FC-0972-4261-99B3-226B15F00B33,2026-09-16 10:01:56.763,
51A37B21-BE0C-4D96-BCC9-0E2A3912CE43,C19840,20260914,OT1_5,0,2,70FC22FC-0972-4261-99B3-226B15F00B33,2026-09-15 17:17:58.943,
55CFCEA1-3142-45D2-89CF-24C410AF0452,C19840,20260915,OT1_5,0,2,70FC22FC-0972-4261-99B3-226B15F00B33,2026-09-16 09:56:56.923,
0A9EAA6F-910A-45EF-8B30-8622CF8013C5,C19851,20260914,OT1_5,0,2,70FC22FC-0972-4261-99B3-226B15F00B33,2026-09-15 17:18:06.123,
EFB7B5E9-4B1B-4D75-A8AB-1E1FA0A5765D,C19856,20260914,OT1_5,0,2,70FC22FC-0972-4261-99B3-226B15F00B33,2026-09-15 17:18:11.650,
000F17CF-D8D8-4D1B-9273-8C7803730BF5,C19856,20260915,OT1_5,0,2,70FC22FC-0972-4261-99B3-226B15F00B33,2026-09-16 09:56:58.830,
1C7F650F-9589-4C76-B0A5-B7B35E4D5B7C,C19871,20260914,OT1_5,0,2,70FC22FC-0972-4261-99B3-226B15F00B33,2026-09-15 17:18:12.550,
E00EDB20-E588-4C74-88C0-0EAB940D3B41,C19871,20260915,OT1_5,0,2,70FC22FC-0972-4261-99B3-226B15F00B33,2026-09-16 09:56:59.033,
10B5B3C9-CB7A-4A5E-A5F3-ED43A8046D06,C19878,20260914,OT1_5,0,2,70FC22FC-0972-4261-99B3-226B15F00B33,2026-09-15 17:20:54.930,
08F3359B-75BB-473A-B8DC-799F8208D24F,C19878,20260915,OT1_5,0,2,70FC22FC-0972-4261-99B3-226B15F00B33,2026-09-16 09:59:31.060,
4A25357A-4CD6-42C5-AD39-1E732FE88557,C19900,20260914,OT1_5,0,2,70FC22FC-0972-4261-99B3-226B15F00B33,2026-09-15 17:21:34.903,
28E052CB-502C-4B17-8DDD-911E34827671,C19900,20260915,OT1_5,0,2,70FC22FC-0972-4261-99B3-226B15F00B33,2026-09-16 10:00:13.860,
9F1EBDA8-BB24-4C61-9EC6-2BEA146ABAA3,C19901,20260914,OT1_5,0,2,70FC22FC-0972-4261-99B3-226B15F00B33,2026-09-15 17:20:59.870,
E6C698D2-B3DD-474F-BC70-2915C0B86B7A,C19901,20260915,OT1_5,0,2,70FC22FC-0972-4261-99B3-226B15F00B33,2026-09-16 09:59:36.933,
FEF34EB1-F6FA-4891-AA02-0505A4F789E7,C19942,20260914,OT1_5,0,2,70FC22FC-0972-4261-99B3-226B15F00B33,2026-09-15 17:20:41.533,
808DEB6D-ED01-4D46-9052-9678DBC92DCD,C19942,20260915,OT1_5,0,2,70FC22FC-0972-4261-99B3-226B15F00B33,2026-09-16 09:59:30.413,
F1387CC4-E72E-4550-91C6-3204DD66679B,C19951,20260914,OT1_5,0,2,70FC22FC-0972-4261-99B3-226B15F00B33,2026-09-15 17:20:40.680,
F3022092-558D-44ED-BB13-8C93AB40E3A5,C19951,20260915,OT1_5,0,2,70FC22FC-0972-4261-99B3-226B15F00B33,2026-09-16 09:59:30.140,
363977C0-73BE-4DC8-AA2B-AEFB1663BA96,C19979,20260914,OT1_5,0,2,70FC22FC-0972-4261-99B3-226B15F00B33,2026-09-15 17:18:57.563,
DF98DBF5-DD76-4B8A-8C62-C89C054EDA73,C19979,20260915,OT1_5,0,2,70FC22FC-0972-4261-99B3-226B15F00B33,2026-09-16 09:57:39.900,
B77E3D8F-3CE2-44AA-B7B3-964C54DC565C,C19987,20260914,OT1_5,0,2,70FC22FC-0972-4261-99B3-226B15F00B33,2026-09-15 17:16:58.370,
D61FC037-EB37-4874-B59C-B9B899A2E336,C19987,20260915,OT1_5,0,2,70FC22FC-0972-4261-99B3-226B15F00B33,2026-09-16 09:56:11.763,
65923FD2-F218-4E0D-9AE3-9A1CD767D96B,C19990,20260914,OT1_5,0,2,70FC22FC-0972-4261-99B3-226B15F00B33,2026-09-15 17:20:41.887,
EB191708-7E13-4DF7-9709-5EBC59D949C0,C19990,20260915,OT1_5,0,2,70FC22FC-0972-4261-99B3-226B15F00B33,2026-09-16 09:59:29.770,
BA73C961-CEE1-4125-B78E-B022DE93F046,C20025,20260915,OT1_5,0,2,70FC22FC-0972-4261-99B3-226B15F00B33,2026-09-16 10:01:55.063,
912C9C89-BBC3-4B2D-A655-CC7853293F3D,C20043,20260914,OT1_5,0,2,70FC22FC-0972-4261-99B3-226B15F00B33,2026-09-15 17:17:58.953,
BB930CC8-03DF-45E3-BC53-F568B5FBCC98,C20043,20260915,OT1_5,0,1.5,70FC22FC-0972-4261-99B3-226B15F00B33,2026-09-16 09:56:52.667,
6D09BD4D-1CD4-411D-91DF-3BA002E65D11,C20056,20260914,OT1_5,0,2,70FC22FC-0972-4261-99B3-226B15F00B33,2026-09-15 17:23:16.310,
ED28D89B-3789-4067-B864-E28303C269A7,C20056,20260915,OT1_5,0,2,70FC22FC-0972-4261-99B3-226B15F00B33,2026-09-16 10:01:56.340,
20386EC8-0127-493D-B80B-34BEA2510193,C20057,20260914,OT1_5,0,2,70FC22FC-0972-4261-99B3-226B15F00B33,2026-09-15 17:23:09.923,
5AF748C8-F1A5-4715-8015-1F91BC6428C2,C20057,20260915,OT1_5,0,2,70FC22FC-0972-4261-99B3-226B15F00B33,2026-09-16 10:01:54.313,
31DC7B82-1E2A-46FE-B67D-96EF8D5C7320,C20076,20260914,OT1_5,0,2,70FC22FC-0972-4261-99B3-226B15F00B33,2026-09-15 17:23:14.957,
EA858047-9397-42EE-8413-C4A6CEEBFB74,C20076,20260915,OT1_5,0,2,70FC22FC-0972-4261-99B3-226B15F00B33,2026-09-16 10:01:56.450,
60F6D9C5-D654-4DBA-BC23-D34E18567D1E,C20087,20260914,OT1_5,0,2,70FC22FC-0972-4261-99B3-226B15F00B33,2026-09-15 17:18:11.693,
D323D47A-BB1F-4CD6-98E2-166015F7DCAD,C20087,20260915,OT1_5,0,2,70FC22FC-0972-4261-99B3-226B15F00B33,2026-09-16 09:56:58.080,
6D041BA7-4D74-4897-B10E-E3A2A184237F,C20149,20260914,OT1_5,0,2,70FC22FC-0972-4261-99B3-226B15F00B33,2026-09-15 17:23:15.323,
9E4712DF-D011-4945-82AE-968C682E0C5D,C20149,20260915,OT1_5,0,2,70FC22FC-0972-4261-99B3-226B15F00B33,2026-09-16 10:01:54.940,
096E31B8-ECCE-4001-89E0-481FFF2085BC,C20186,20260914,OT1_5,0,2,70FC22FC-0972-4261-99B3-226B15F00B33,2026-09-15 17:18:58.000,
C012291F-275B-486B-989B-EC5E8BDF84E6,C20186,20260915,OT1_5,0,2,70FC22FC-0972-4261-99B3-226B15F00B33,2026-09-16 09:57:40.237,
FA5F6630-858B-45DB-BFAA-5522FF2F5ABB,C20192,20260914,OT1_5,0,2,70FC22FC-0972-4261-99B3-226B15F00B33,2026-09-15 17:21:00.020,
EE5D09F3-8774-4CA1-BEC0-236938E9D501,C20192,20260915,OT1_5,0,2,70FC22FC-0972-4261-99B3-226B15F00B33,2026-09-16 09:59:40.293,
8FF16686-F14B-45D5-95D7-227CE17AC111,C20196,20260914,OT1_5,0,2,70FC22FC-0972-4261-99B3-226B15F00B33,2026-09-15 17:23:08.550,
D2CBD9BF-1186-4C9C-9176-525C409F7E66,C20196,20260915,OT1_5,0,2,70FC22FC-0972-4261-99B3-226B15F00B33,2026-09-16 10:01:52.870,
CD77DE73-3277-428C-B3F3-BDAEAF0CDEEF,C20197,20260914,OT1_5,0,2,70FC22FC-0972-4261-99B3-226B15F00B33,2026-09-15 17:20:48.560,
9A32234F-3AE5-4D1D-BFFB-26EE6C60D103,C20197,20260915,OT1_5,0,2,70FC22FC-0972-4261-99B3-226B15F00B33,2026-09-16 09:59:31.307,
92E79317-A4F0-462D-8D4B-BB130593F460,C20223,20260914,OT1_5,0,2,70FC22FC-0972-4261-99B3-226B15F00B33,2026-09-15 17:18:08.643,
38085DE7-9820-4666-BD47-441575A2E545,C20252,20260914,OT1_5,0,2,70FC22FC-0972-4261-99B3-226B15F00B33,2026-09-15 17:18:12.317,
55B09530-23BF-48AC-86C7-D9EC041FA3CF,C20252,20260915,OT1_5,0,2,70FC22FC-0972-4261-99B3-226B15F00B33,2026-09-16 09:56:58.793,
BBC7801C-4B3C-401B-B868-B192D83F334E,C20271,20260914,OT1_5,0,2,70FC22FC-0972-4261-99B3-226B15F00B33,2026-09-15 17:18:11.823,
0BA8E2BE-8B28-4497-9A8E-3DC5DCFC4303,C20271,20260915,OT1_5,0,2,70FC22FC-0972-4261-99B3-226B15F00B33,2026-09-16 09:56:58.587,
711F4EBF-A541-434C-9AB6-AE27C5FF6256,C20318,20260914,OT1_5,0,2,70FC22FC-0972-4261-99B3-226B15F00B33,2026-09-15 17:23:13.173,
718FFEED-13E1-479F-ABCD-8A866C6D6D6E,C20318,20260915,OT1_5,0,2,70FC22FC-0972-4261-99B3-226B15F00B33,2026-09-16 10:01:53.660,
26A354DF-81F2-4E23-B9A6-984AA74DEB01,C20337,20260914,OT1_5,0,2,70FC22FC-0972-4261-99B3-226B15F00B33,2026-09-15 17:18:07.950,
5059F39C-86F4-4707-8A78-964D299E911D,C20337,20260915,OT1_5,0,2,70FC22FC-0972-4261-99B3-226B15F00B33,2026-09-16 09:56:58.170,
6AE69B05-E273-44D7-AC5D-63298C692E8C,C20344,20260914,OT1_5,0,2,70FC22FC-0972-4261-99B3-226B15F00B33,2026-09-15 17:23:58.527,
DF00E61A-9C9C-4C84-8715-AD94E24000C2,C20344,20260915,OT1_5,0,2,70FC22FC-0972-4261-99B3-226B15F00B33,2026-09-16 10:02:22.123,
C9C90E54-CF1F-474A-92EE-2C937D5F5D0D,C20397,20260914,OT1_5,0,2,70FC22FC-0972-4261-99B3-226B15F00B33,2026-09-15 17:20:40.103,
65EABBA7-6EFA-41D8-8BBD-D656A7F6CD97,C20397,20260915,OT1_5,0,2,70FC22FC-0972-4261-99B3-226B15F00B33,2026-09-16 09:59:28.657,
E380483D-9F38-472C-96FD-2852797C094A,C20428,20260914,OT1_5,0,2,70FC22FC-0972-4261-99B3-226B15F00B33,2026-09-15 17:23:58.540,
9C69CA71-FDB1-44B4-B559-54DBEFA62F9F,C20428,20260915,OT1_5,0,2,70FC22FC-0972-4261-99B3-226B15F00B33,2026-09-16 10:02:22.183,
22BD7D60-0C22-4EC3-A69A-D8831397C5B3,C20449,20260914,OT1_5,0,2,70FC22FC-0972-4261-99B3-226B15F00B33,2026-09-15 17:17:56.070,
5752D975-CE69-4D25-A4AF-414137594034,C20472,20260914,OT1_5,0,2,70FC22FC-0972-4261-99B3-226B15F00B33,2026-09-15 17:20:42.953,
F72A00BC-42BB-41F2-AE8D-39BF19C0375D,C20472,20260915,OT1_5,0,2,70FC22FC-0972-4261-99B3-226B15F00B33,2026-09-16 09:59:30.283,
4B01E17E-A350-4A2A-8CD0-31E9380BF010,C20479,20260914,OT1_5,0,2,70FC22FC-0972-4261-99B3-226B15F00B33,2026-09-15 17:23:09.960,
DD70AEA5-62FF-4DB8-96CB-31E16B74B0CB,C20479,20260915,OT1_5,0,2,70FC22FC-0972-4261-99B3-226B15F00B33,2026-09-16 10:01:55.117,
30789E51-1CF6-42D8-B582-2EF05C576CC8,C20495,20260914,OT1_5,0,2,70FC22FC-0972-4261-99B3-226B15F00B33,2026-09-15 17:21:36.760,
4517154D-A6AE-4AE1-8114-A39AD2373D06,C20495,20260915,OT1_5,0,2,70FC22FC-0972-4261-99B3-226B15F00B33,2026-09-16 10:00:13.707,
12DA5BEE-63F8-4B3D-A758-447E57BED3DB,C20510,20260914,OT1_5,0,2,70FC22FC-0972-4261-99B3-226B15F00B33,2026-09-15 17:18:03.403,
AF15C0C7-9498-41B7-874A-3D5A03B35A9F,C20510,20260915,OT1_5,0,1,70FC22FC-0972-4261-99B3-226B15F00B33,2026-09-16 09:56:52.463,
CD8EC60A-E419-4336-B6D9-F801785249CC,C20516,20260914,OT1_5,0,2,70FC22FC-0972-4261-99B3-226B15F00B33,2026-09-15 17:20:06.907,
F69832BE-7FA5-4184-B119-E4557449BB96,C20516,20260915,OT1_5,0,2,70FC22FC-0972-4261-99B3-226B15F00B33,2026-09-16 09:58:22.990,
9C2D331C-5D66-44D7-82D5-3399C3B32729,C20524,20260914,OT1_5,0,2,70FC22FC-0972-4261-99B3-226B15F00B33,2026-09-15 17:18:12.720,
9083D36A-2B6D-42BD-876C-0B71C382A496,C20524,20260915,OT1_5,0,2,70FC22FC-0972-4261-99B3-226B15F00B33,2026-09-16 09:56:58.970,
D775E4DB-F528-489F-8130-472C8664DBAA,C20541,20260914,OT1_5,0,2,70FC22FC-0972-4261-99B3-226B15F00B33,2026-09-15 17:18:01.017,
FE12A15C-B6DE-4AD4-B5F8-AA0CEB841969,C20541,20260915,OT1_5,0,2,70FC22FC-0972-4261-99B3-226B15F00B33,2026-09-16 09:56:55.447,
6F9DE936-DED1-4FB1-A075-8C09496E9FB6,C20557,20260914,OT1_5,0,2,70FC22FC-0972-4261-99B3-226B15F00B33,2026-09-15 17:20:40.693,
26448F01-CAE3-402E-9769-56616CCDDFD8,C20557,20260915,OT1_5,0,2,70FC22FC-0972-4261-99B3-226B15F00B33,2026-09-16 09:59:29.173,
8F42E3D4-7EE1-48B7-8AE8-DF8397721556,C20579,20260914,OT1_5,0,2,70FC22FC-0972-4261-99B3-226B15F00B33,2026-09-15 17:20:40.850,
BE77AE43-ADDD-4184-A43A-37E83C33D1D4,C20579,20260915,OT1_5,0,2,70FC22FC-0972-4261-99B3-226B15F00B33,2026-09-16 09:59:29.110,
DD96B6F2-3917-427F-B925-03168C68EA8D,C20595,20260914,OT1_5,0,2,70FC22FC-0972-4261-99B3-226B15F00B33,2026-09-15 17:23:16.223,
0FE3E53E-3BE0-464D-998A-E478108CD75F,C20595,20260915,OT1_5,0,2,70FC22FC-0972-4261-99B3-226B15F00B33,2026-09-16 10:01:56.027,
74D950EC-8AFF-4F71-B653-A987FDD8C1A3,C20601,20260915,OT1_5,0,2.5,70FC22FC-0972-4261-99B3-226B15F00B33,2026-09-16 09:56:59.077,
271AA33B-8CAD-43E2-8140-7B04ECAE4B2D,C20613,20260915,OT1_5,0,2,70FC22FC-0972-4261-99B3-226B15F00B33,2026-09-16 09:56:53.593,
F787309C-667A-43F9-A8BD-C111E0A687C0,C20619,20260914,OT1_5,0,2,70FC22FC-0972-4261-99B3-226B15F00B33,2026-09-15 17:17:53.813,
CC28D4D3-2BD6-442A-B10B-280AAE448E09,C20619,20260915,OT1_5,0,2,70FC22FC-0972-4261-99B3-226B15F00B33,2026-09-16 09:56:54.610,
8C7893D2-7DF2-4A85-B4FD-5787CD5954BC,C20627,20260914,OT1_5,0,2,70FC22FC-0972-4261-99B3-226B15F00B33,2026-09-15 17:23:16.147,
FBA32BAA-C466-4388-B164-94BE681C5DE0,C20627,20260915,OT1_5,0,2,70FC22FC-0972-4261-99B3-226B15F00B33,2026-09-16 10:01:55.393,
3F8D365E-4F38-4CF9-BB4C-B6FBC97DB9E6,C20728,20260914,OT1_5,0,2,70FC22FC-0972-4261-99B3-226B15F00B33,2026-09-15 17:18:08.633,
A357F503-9042-4FD5-84CC-98FC136AC30C,C20784,20260914,OT1_5,0,2,70FC22FC-0972-4261-99B3-226B15F00B33,2026-09-15 17:16:58.430,
2A1699D5-D159-4062-9F87-805BAC4DFE62,C20784,20260915,OT1_5,0,2,70FC22FC-0972-4261-99B3-226B15F00B33,2026-09-16 09:56:11.707,
2BF334F2-882D-4A12-8C0C-E81206604C88,C20881,20260914,OT1_5,0,2,70FC22FC-0972-4261-99B3-226B15F00B33,2026-09-15 17:23:12.767,
580DEF0F-EC38-474D-9A6C-02D1CAAE2D4F,C20881,20260915,OT1_5,0,2,70FC22FC-0972-4261-99B3-226B15F00B33,2026-09-16 10:01:52.047,
04D4FDFA-A7D2-47E7-9AA1-9065772DEC2A,C20925,20260914,OT1_5,0,2,70FC22FC-0972-4261-99B3-226B15F00B33,2026-09-15 17:23:13.400,
EE9F0DB3-4E12-4182-815B-5D7827BBD2F2,C20925,20260915,OT1_5,0,2,70FC22FC-0972-4261-99B3-226B15F00B33,2026-09-16 10:01:53.740,
D24A12E0-4C86-4A0A-B67F-B799D466861D,C20961,20260914,OT1_5,0,2,70FC22FC-0972-4261-99B3-226B15F00B33,2026-09-15 17:18:01.770,
905858D3-7855-4E5C-8D41-E89F87F2D19A,C20961,20260915,OT1_5,0,2,70FC22FC-0972-4261-99B3-226B15F00B33,2026-09-16 09:56:56.000,
B7747E40-C3DF-415D-A902-761EA6D8C76C,C20987,20260914,OT1_5,0,2,70FC22FC-0972-4261-99B3-226B15F00B33,2026-09-15 17:18:03.390,
C34410C0-791E-49CF-B233-B8008338916F,C20987,20260915,OT1_5,0,2,70FC22FC-0972-4261-99B3-226B15F00B33,2026-09-16 09:56:57.913,
411095B2-65CC-4F9F-893D-E751A0023355,C20993,20260914,OT1_5,0,2,70FC22FC-0972-4261-99B3-226B15F00B33,2026-09-15 17:18:58.243,
4140509C-1814-4297-B879-CF621A5A6A0D,C20993,20260915,OT1_5,0,2,70FC22FC-0972-4261-99B3-226B15F00B33,2026-09-16 09:57:39.963,
78D44BA4-CE26-47DC-ADE6-F4E7060F685E,C20997,20260914,OT1_5,0,2,70FC22FC-0972-4261-99B3-226B15F00B33,2026-09-15 17:20:45.833,
E85ECE60-5A34-4421-A8DB-5AE1C3BF1462,C20998,20260914,OT1_5,0,2,70FC22FC-0972-4261-99B3-226B15F00B33,2026-09-15 17:18:07.577,
A5458EE1-3686-4C7B-AAA1-67C4D62652BA,C20998,20260915,OT1_5,0,2,70FC22FC-0972-4261-99B3-226B15F00B33,2026-09-16 09:56:57.233,
AEC6350B-B621-40FE-BEA7-8B5F3AC4F4FA,C21014,20260914,OT1_5,0,2,70FC22FC-0972-4261-99B3-226B15F00B33,2026-09-15 17:23:08.413,
4998BF80-F3D6-4EBB-AD0D-3378254C60FF,C21014,20260915,OT1_5,0,2,70FC22FC-0972-4261-99B3-226B15F00B33,2026-09-16 10:01:47.063,
BF6BE6AD-D9B3-4E18-B48E-0B0A513D2F3E,C21024,20260914,OT1_5,0,2,70FC22FC-0972-4261-99B3-226B15F00B33,2026-09-15 17:21:05.860,
1F5B97B7-14A6-4938-9161-E1BBB6C909C3,C21024,20260915,OT1_5,0,2,70FC22FC-0972-4261-99B3-226B15F00B33,2026-09-16 09:59:40.360,
F57045E2-0182-4821-8DA7-E0EDD2561CB3,C21074,20260914,OT1_5,0,2,70FC22FC-0972-4261-99B3-226B15F00B33,2026-09-15 17:20:43.483,
419AF2E4-3F65-4741-88A2-C44D92F81844,C21074,20260915,OT1_5,0,2,70FC22FC-0972-4261-99B3-226B15F00B33,2026-09-16 09:59:34.753,
EB1DA9EF-267E-403E-9721-CDB5716CC0BA,C21154,20260914,OT1_5,0,2,70FC22FC-0972-4261-99B3-226B15F00B33,2026-09-15 17:18:03.617,
43638FDC-7CE8-47CF-841A-41B777439F31,C21154,20260915,OT1_5,0,2,70FC22FC-0972-4261-99B3-226B15F00B33,2026-09-16 09:56:54.797,
F86696AA-7EC5-4020-BC2E-87F673BEE22D,C21171,20260914,OT1_5,0,2,70FC22FC-0972-4261-99B3-226B15F00B33,2026-09-15 17:18:12.770,
7F661DD2-00F6-4F82-B144-4BD3101741F4,C21171,20260915,OT1_5,0,2,70FC22FC-0972-4261-99B3-226B15F00B33,2026-09-16 09:56:58.163,
6B08CBC8-2E59-4F24-84F9-FDA92605B520,C21175,20260914,OT1_5,0,2,70FC22FC-0972-4261-99B3-226B15F00B33,2026-09-15 17:21:03.750,
67CAB070-4133-40C5-8195-30338C5ECF8A,C21175,20260915,OT1_5,0,2,70FC22FC-0972-4261-99B3-226B15F00B33,2026-09-16 09:59:36.853,
B26790DE-23A1-471D-BEDD-212951DE3E95,C21192,20260914,OT1_5,0,2,70FC22FC-0972-4261-99B3-226B15F00B33,2026-09-15 17:20:43.610,
B45D203E-A6DE-4654-8A7A-C2E2F5CEE3E5,C21211,20260914,OT1_5,0,2,70FC22FC-0972-4261-99B3-226B15F00B33,2026-09-15 17:16:58.510,
FA213C38-0B78-4417-993F-7DD6C42007C6,C21211,20260915,OT1_5,0,2,70FC22FC-0972-4261-99B3-226B15F00B33,2026-09-16 09:56:11.580,
9832F5F5-9460-4AC6-8A7E-C171C2C6BC00,C21212,20260914,OT1_5,0,2,70FC22FC-0972-4261-99B3-226B15F00B33,2026-09-15 17:17:59.537,
2CE83385-D7ED-4652-B0F6-57A0732311D0,C21212,20260915,OT1_5,0,2,70FC22FC-0972-4261-99B3-226B15F00B33,2026-09-16 09:56:53.897,
D228010A-757F-40A6-B423-4ED84FF0BCE8,C21213,20260915,OT1_5,0,2,70FC22FC-0972-4261-99B3-226B15F00B33,2026-09-16 09:56:56.630,
92518B00-C2B3-4BD3-93B9-0534D327B87A,C21239,20260914,OT1_5,0,2,70FC22FC-0972-4261-99B3-226B15F00B33,2026-09-15 17:20:49.577,
5AFBBE43-BABD-4315-9C74-2DFBADFBFFF6,C21239,20260915,OT1_5,0,2,70FC22FC-0972-4261-99B3-226B15F00B33,2026-09-16 09:59:36.803,
65DA910B-7C84-4F57-BFC2-797A503FD541,C21243,20260914,OT1_5,0,2,70FC22FC-0972-4261-99B3-226B15F00B33,2026-09-15 17:18:12.497,
6F73142D-BB23-4628-AAD7-8F4A761881C4,C21243,20260915,OT1_5,0,2,70FC22FC-0972-4261-99B3-226B15F00B33,2026-09-16 09:56:58.850,
B8104831-9E2E-4789-8D85-8F201F299CC6,C21285,20260914,OT1_5,0,2,70FC22FC-0972-4261-99B3-226B15F00B33,2026-09-15 17:20:41.213,
FD93CE52-C376-4FDF-8A0F-8ED52C32C802,C21285,20260915,OT1_5,0,2,70FC22FC-0972-4261-99B3-226B15F00B33,2026-09-16 09:59:30.700,
D8E51B7F-1362-4213-A361-F16C193DE910,C21350,20260914,OT1_5,0,2,70FC22FC-0972-4261-99B3-226B15F00B33,2026-09-15 17:21:36.693,
F073AC50-58FE-49B0-84DB-1CCFE902D3F1,C21350,20260915,OT1_5,0,2,70FC22FC-0972-4261-99B3-226B15F00B33,2026-09-16 10:00:12.767,
B821D56F-4EDD-4493-A2BA-1E1AA5CC5229,C21423,20260914,OT1_5,0,2,70FC22FC-0972-4261-99B3-226B15F00B33,2026-09-15 17:23:15.360,
81BD706B-BD45-4B0D-859B-4696E82D76E6,C21423,20260915,OT1_5,0,2,70FC22FC-0972-4261-99B3-226B15F00B33,2026-09-16 10:01:54.870,
7FAC0ECB-E12F-4F06-9C77-F38C76B12985,C21429,20260914,OT1_5,0,2,70FC22FC-0972-4261-99B3-226B15F00B33,2026-09-15 17:20:43.193,
C4AD3FF3-538C-4C35-920E-2A0D32CF1801,C21429,20260915,OT1_5,0,2,70FC22FC-0972-4261-99B3-226B15F00B33,2026-09-16 09:59:30.237,
92AC3D25-7D02-46E7-8AF0-BA41F4495787,C21495,20260914,OT1_5,0,2,70FC22FC-0972-4261-99B3-226B15F00B33,2026-09-15 17:21:35.220,
95100852-306E-41C5-81D2-6B29B1D37CC0,C21495,20260915,OT1_5,0,2,70FC22FC-0972-4261-99B3-226B15F00B33,2026-09-16 10:00:12.140,
F3628D59-4225-483B-BBB9-CEB800831634,C21504,20260914,OT1_5,0,2,70FC22FC-0972-4261-99B3-226B15F00B33,2026-09-15 17:18:03.307,
6A3068CB-1FAD-4944-8C10-A95F978CF699,C21504,20260915,OT1_5,0,2,70FC22FC-0972-4261-99B3-226B15F00B33,2026-09-16 09:56:55.233,
E1B110AE-F48B-41CD-BEBF-3EC2920AAD2A,C21552,20260914,OT1_5,0,2,70FC22FC-0972-4261-99B3-226B15F00B33,2026-09-15 17:20:40.447,
BA84FA34-87DD-4186-AB0B-623299B019F4,C21552,20260915,OT1_5,0,2,70FC22FC-0972-4261-99B3-226B15F00B33,2026-09-16 09:59:29.183,
303FE61A-FCC8-46A5-A56C-7012D18D2826,C21593,20260914,OT1_5,0,2,70FC22FC-0972-4261-99B3-226B15F00B33,2026-09-15 17:18:02.803,
39A21FB1-47F9-45F9-9EC6-EA278F33DE93,C21604,20260914,OT1_5,0,2,70FC22FC-0972-4261-99B3-226B15F00B33,2026-09-15 17:23:17.530,
71CE834F-D08C-47BC-BD15-45A88466E240,C21604,20260915,OT1_5,0,2,70FC22FC-0972-4261-99B3-226B15F00B33,2026-09-16 10:01:44.113,
0B053962-56FD-4E6A-83F2-FBF28FB1AB81,C21634,20260914,OT1_5,0,2,70FC22FC-0972-4261-99B3-226B15F00B33,2026-09-15 17:21:05.627,
FF231F6C-4435-4653-A4E8-0674CEC907F6,C21634,20260915,OT1_5,0,2,70FC22FC-0972-4261-99B3-226B15F00B33,2026-09-16 09:59:37.830,
9FE83C44-E4DC-4870-BB63-29CA2EE1EEA3,C21635,20260914,OT1_5,0,2,70FC22FC-0972-4261-99B3-226B15F00B33,2026-09-15 17:20:42.653,
2E7E44C4-39D6-48FC-BE87-5E3C94705085,C21635,20260915,OT1_5,0,2,70FC22FC-0972-4261-99B3-226B15F00B33,2026-09-16 09:59:30.383,
C2F9E9C2-80D6-4362-A7DF-9D66BF3CBF3B,C21650,20260914,OT1_5,0,2,70FC22FC-0972-4261-99B3-226B15F00B33,2026-09-15 17:17:58.970,
EF5059CC-B3F5-4248-BBF7-441B1D991898,C21650,20260915,OT1_5,0,2,70FC22FC-0972-4261-99B3-226B15F00B33,2026-09-16 09:56:52.913,
48F258BF-A2C5-4E82-8AF8-0B759E38FB45,C21653,20260914,OT1_5,0,2,70FC22FC-0972-4261-99B3-226B15F00B33,2026-09-15 17:18:01.390,
BEBE9920-F53A-4C4B-90DE-57347477BC3A,C21653,20260915,OT1_5,0,2,70FC22FC-0972-4261-99B3-226B15F00B33,2026-09-16 09:56:53.580,
3849BC63-4CDD-43C7-9843-F18555484927,C21680,20260914,OT1_5,0,2,70FC22FC-0972-4261-99B3-226B15F00B33,2026-09-15 17:16:58.627,
BFCDC032-16E3-4A30-BF28-0625DE86A4F6,C21680,20260915,OT1_5,0,2,70FC22FC-0972-4261-99B3-226B15F00B33,2026-09-16 09:56:11.783,
C214D866-5042-4A38-9F7F-7962DD9E8692,C21706,20260914,OT1_5,0,2,70FC22FC-0972-4261-99B3-226B15F00B33,2026-09-15 17:23:12.323,
007FC7C1-4D91-4A5F-9476-F0E1C4C80D19,C21706,20260915,OT1_5,0,2,70FC22FC-0972-4261-99B3-226B15F00B33,2026-09-16 10:01:54.100,
9249C944-3DFF-457D-902E-586C127C1378,C21757,20260914,OT1_5,0,2,70FC22FC-0972-4261-99B3-226B15F00B33,2026-09-15 17:23:09.143,
71D63458-7041-4770-A943-4D12A1454B2E,C21757,20260915,OT1_5,0,2,70FC22FC-0972-4261-99B3-226B15F00B33,2026-09-16 10:01:52.653,
2C337268-7EE2-49C7-BA53-2C53E10DDE5A,C21764,20260915,OT1_5,0,2,70FC22FC-0972-4261-99B3-226B15F00B33,2026-09-16 09:57:40.337,
9643537D-6031-446D-9F1E-47950B38FC46,C21838,20260914,OT1_5,0,2,70FC22FC-0972-4261-99B3-226B15F00B33,2026-09-15 17:20:48.890,
5C43A8F3-6341-4CBD-B976-D943362D8D9D,C21838,20260915,OT1_5,0,2,70FC22FC-0972-4261-99B3-226B15F00B33,2026-09-16 09:59:33.923,
9D6BABB6-8AB8-4EE2-B2CB-06B651EB1843,C21839,20260914,OT1_5,0,2,70FC22FC-0972-4261-99B3-226B15F00B33,2026-09-15 17:20:52.057,
7DF6C029-96AE-4507-A59A-13E5BBCFC579,C21839,20260915,OT1_5,0,2,70FC22FC-0972-4261-99B3-226B15F00B33,2026-09-16 09:59:33.750,
B6C4F064-E3FC-4840-8745-ABAC9B57C381,C21840,20260915,OT1_5,0,2.5,70FC22FC-0972-4261-99B3-226B15F00B33,2026-09-16 09:56:59.173,
B73A901A-6A4F-44FE-A780-B9530F296DD6,C21888,20260914,OT1_5,0,2,70FC22FC-0972-4261-99B3-226B15F00B33,2026-09-15 17:18:08.620,
B0F7A743-6E65-458E-9EBD-1B55767BE269,C21944,20260914,OT1_5,0,2,70FC22FC-0972-4261-99B3-226B15F00B33,2026-09-15 17:20:51.510,
BC1047E4-34C2-4573-B380-7AA38E2F6D32,C22018,20260914,OT1_5,0,2,70FC22FC-0972-4261-99B3-226B15F00B33,2026-09-15 17:18:12.083,
1EDDEE00-FC4B-46B7-AEF4-001EB30F567A,C22028,20260914,OT1_5,0,2,70FC22FC-0972-4261-99B3-226B15F00B33,2026-09-15 17:18:09.070,
700E72E3-9010-4959-96D3-6BA3C71D0BA7,C22028,20260915,OT1_5,0,2,70FC22FC-0972-4261-99B3-226B15F00B33,2026-09-16 09:56:57.877,
402B4033-799A-4D82-92ED-2E028B170A28,C22062,20260914,OT1_5,0,2,70FC22FC-0972-4261-99B3-226B15F00B33,2026-09-15 17:20:50.177,
4EA0C3FF-12ED-46B3-BE7C-4D722D3BB424,C22062,20260915,OT1_5,0,2,70FC22FC-0972-4261-99B3-226B15F00B33,2026-09-16 09:59:31.400,
3416763F-4394-4321-8D49-9AC886B70EC6,C22072,20260914,OT1_5,0,2,70FC22FC-0972-4261-99B3-226B15F00B33,2026-09-15 17:18:09.817,
F1419F25-1F3F-4B2E-A6C7-BF0FBDF203C6,C22072,20260915,OT1_5,0,2,70FC22FC-0972-4261-99B3-226B15F00B33,2026-09-16 09:56:57.580,
D18BC8CE-9741-4243-A226-8C4CEBA3C2B3,C22106,20260914,OT1_5,0,2,70FC22FC-0972-4261-99B3-226B15F00B33,2026-09-15 17:20:44.260,
984A7066-0741-4DA4-8286-531C981D613D,C22106,20260915,OT1_5,0,2,70FC22FC-0972-4261-99B3-226B15F00B33,2026-09-16 09:59:30.210,
D5CA6391-8D71-4A6E-9B45-81B07D67DAE5,C22115,20260914,OT1_5,0,2,70FC22FC-0972-4261-99B3-226B15F00B33,2026-09-15 17:16:58.647,
AEE938E6-6954-4C21-80E8-49D8053E7807,C22115,20260915,OT1_5,0,2,70FC22FC-0972-4261-99B3-226B15F00B33,2026-09-16 09:56:11.663,
81DDED5C-0598-4F5B-BD2F-8DCF52DAD1F4,C22168,20260914,OT1_5,0,2,70FC22FC-0972-4261-99B3-226B15F00B33,2026-09-15 17:18:06.580,
5A3995E6-2A00-4B2C-BCC3-D16428B6BF04,C22327,20260914,OT1_5,0,2,70FC22FC-0972-4261-99B3-226B15F00B33,2026-09-15 17:21:00.643,
781E4B91-7AFB-4A17-95E0-C2D9544DCFE0,C22368,20260914,OT1_5,0,2,70FC22FC-0972-4261-99B3-226B15F00B33,2026-09-15 17:18:01.183,
7AA0F116-F99A-4D9E-8535-101462BAA8A6,C22391,20260914,OT1_5,0,2,70FC22FC-0972-4261-99B3-226B15F00B33,2026-09-15 17:20:40.920,
27B87A5C-6E20-4768-BB9E-8C2B09DC98B2,C22391,20260915,OT1_5,0,2,70FC22FC-0972-4261-99B3-226B15F00B33,2026-09-16 09:59:28.687,
9A82E012-3277-4BDA-9514-74D76F62D7E1,C22393,20260914,OT1_5,0,2,70FC22FC-0972-4261-99B3-226B15F00B33,2026-09-15 17:17:55.073,
39A230FF-4404-4518-A00D-6E6864009EA4,C22393,20260915,OT1_5,0,2,70FC22FC-0972-4261-99B3-226B15F00B33,2026-09-16 09:56:55.200,
8D0B395F-12CA-4FC8-A12C-7908DB31D257,C22547,20260914,OT1_5,0,2,70FC22FC-0972-4261-99B3-226B15F00B33,2026-09-15 17:16:58.657,
8DE7CDF1-5208-4E4F-A844-45DBBCD94873,C22547,20260915,OT1_5,0,2,70FC22FC-0972-4261-99B3-226B15F00B33,2026-09-16 09:56:11.823,
DA119956-FD99-43C2-8D6E-3E04421ED9FC,C22566,20260914,OT1_5,0,2,70FC22FC-0972-4261-99B3-226B15F00B33,2026-09-15 17:17:57.410,
4115EBD9-50E8-4CE6-96BF-EC0EE716BA42,C22579,20260914,OT1_5,0,2,70FC22FC-0972-4261-99B3-226B15F00B33,2026-09-15 17:23:13.657,
00C03AA1-D891-4383-A975-68FF2632F1E1,C22579,20260915,OT1_5,0,2,70FC22FC-0972-4261-99B3-226B15F00B33,2026-09-16 10:01:54.127,
44D43F89-1210-4A35-9CB2-F19B24526171,C22604,20260914,OT1_5,0,2,70FC22FC-0972-4261-99B3-226B15F00B33,2026-09-15 17:17:58.600,
7EE5DD86-E2B9-47A1-B9FE-99E40711BB01,C22604,20260915,OT1_5,0,2,70FC22FC-0972-4261-99B3-226B15F00B33,2026-09-16 09:56:54.570,
70F7459D-E991-478C-AF6E-B372CD71367A,C22614,20260914,OT1_5,0,2,70FC22FC-0972-4261-99B3-226B15F00B33,2026-09-15 17:20:42.553,
28988FD9-3F0B-472E-9D17-31699C676306,C22614,20260915,OT1_5,0,2,70FC22FC-0972-4261-99B3-226B15F00B33,2026-09-16 09:59:30.080,
D5AFDE92-7519-4055-8A13-9F822A91EFD4,C22663,20260914,OT1_5,0,2,70FC22FC-0972-4261-99B3-226B15F00B33,2026-09-15 17:17:59.333,
023A39FE-2796-4876-A0B3-98DB31F76038,C22978,20260914,OT1_5,0,2,70FC22FC-0972-4261-99B3-226B15F00B33,2026-09-15 17:18:06.880,
A36DEF5E-0CA7-44FD-AECF-EDEA24D93510,C22978,20260915,OT1_5,0,2,70FC22FC-0972-4261-99B3-226B15F00B33,2026-09-16 09:56:57.137,
3B116AFA-26F1-409E-8279-052D6928EDD1,C23085,20260914,OT1_5,0,2,70FC22FC-0972-4261-99B3-226B15F00B33,2026-09-15 17:16:58.670,
DE13D7D3-FD14-48AE-B6E5-762BE74C0685,C23085,20260915,OT1_5,0,2,70FC22FC-0972-4261-99B3-226B15F00B33,2026-09-16 09:56:11.697,
E5952415-1611-4E30-93BD-A4245A236E28,C23548,20260914,OT1_5,0,2,70FC22FC-0972-4261-99B3-226B15F00B33,2026-09-15 17:18:04.227,
7887675C-D2E0-4311-9377-61442D2152A3,C23548,20260915,OT1_5,0,2,70FC22FC-0972-4261-99B3-226B15F00B33,2026-09-16 09:56:55.793,
45A5AF54-9ABC-4739-BFF8-3BB0B31DEC59,C23607,20260914,OT1_5,0,2,70FC22FC-0972-4261-99B3-226B15F00B33,2026-09-15 17:18:08.500,
B7C90D73-9BDE-4249-BB34-2AE8A2B77B8E,C23626,20260914,OT1_5,0,2,70FC22FC-0972-4261-99B3-226B15F00B33,2026-09-15 17:22:22.000,
67360A5E-019A-4864-AC8A-EE1FE736A667,C23626,20260915,OT1_5,0,2,70FC22FC-0972-4261-99B3-226B15F00B33,2026-09-16 10:01:56.910,
E0557C32-ABEE-442F-9EAB-81E18AD7DAF9,C23654,20260915,OT1_5,0,2.5,70FC22FC-0972-4261-99B3-226B15F00B33,2026-09-16 09:56:59.153,
1CE0462A-B5AA-415A-9D38-CCDA1C457BAE,C23697,20260914,OT1_5,0,2,70FC22FC-0972-4261-99B3-226B15F00B33,2026-09-15 17:20:48.550,
23CC19A0-D6F7-423C-B040-A2C88BD8C9F4,C23697,20260915,OT1_5,0,2,70FC22FC-0972-4261-99B3-226B15F00B33,2026-09-16 09:59:36.773,
0C173906-501F-441A-AD91-429F466871CB,C23830,20260914,OT1_5,0,2,70FC22FC-0972-4261-99B3-226B15F00B33,2026-09-15 17:23:04.960,
A820E326-03E5-4808-80BA-8190A28B326D,C23830,20260915,OT1_5,0,2,70FC22FC-0972-4261-99B3-226B15F00B33,2026-09-16 10:01:43.177,
FFB09D61-6387-4FA8-BFA9-7244AB72EB56,C23886,20260914,OT1_5,0,2,70FC22FC-0972-4261-99B3-226B15F00B33,2026-09-15 17:21:34.927,
DCE2D5AF-D1DF-45E6-B26A-FCC17827200B,C23886,20260915,OT1_5,0,2,70FC22FC-0972-4261-99B3-226B15F00B33,2026-09-16 10:00:13.907,
9387560D-5181-4C43-AD4A-34976DAC5883,C23931,20260914,OT1_5,0,2,70FC22FC-0972-4261-99B3-226B15F00B33,2026-09-15 17:20:47.617,
08A0737B-6710-4952-85DE-87ACE78B3F16,C23931,20260915,OT1_5,0,2,70FC22FC-0972-4261-99B3-226B15F00B33,2026-09-16 09:59:33.473,
74FAFAC8-4DB9-49FF-9B83-17FF52A26420,C23933,20260914,OT1_5,0,2,70FC22FC-0972-4261-99B3-226B15F00B33,2026-09-15 17:20:57.947,
634C9D72-00D2-41DE-818F-F367B4F13A0D,C23933,20260915,OT1_5,0,2,70FC22FC-0972-4261-99B3-226B15F00B33,2026-09-16 09:59:36.713,
3510BDD1-5206-473B-AFB5-884F032D309A,C24000,20260914,OT1_5,0,2,70FC22FC-0972-4261-99B3-226B15F00B33,2026-09-15 17:20:41.683,
47848CD8-4BD6-4354-9939-B4D48C419BA4,C24000,20260915,OT1_5,0,2,70FC22FC-0972-4261-99B3-226B15F00B33,2026-09-16 09:59:29.740,
F09FD0A8-21D4-4F27-BA21-C12982E6284F,C24036,20260914,OT1_5,0,2,70FC22FC-0972-4261-99B3-226B15F00B33,2026-09-15 17:21:01.770,
94B417F3-AF77-4124-8CA9-E7E4A6C5040F,C24036,20260915,OT1_5,0,2,70FC22FC-0972-4261-99B3-226B15F00B33,2026-09-16 09:59:37.447,
876C4C2D-997F-4D52-904B-59C13FBB7EF1,C24040,20260914,OT1_5,0,2,70FC22FC-0972-4261-99B3-226B15F00B33,2026-09-15 17:18:05.243,
5BF46EE7-2FFE-4BE9-AC56-F415AE9BDB26,C24040,20260915,OT1_5,0,2,70FC22FC-0972-4261-99B3-226B15F00B33,2026-09-16 09:56:56.573,
59083822-E150-44C3-8CF8-E64BB5A0E277,C24119,20260914,OT1_5,0,2,70FC22FC-0972-4261-99B3-226B15F00B33,2026-09-15 17:18:10.810,
00F8195F-0DB2-4393-A7B7-A4D2B248B6FD,C24194,20260914,OT1_5,0,2,70FC22FC-0972-4261-99B3-226B15F00B33,2026-09-15 17:20:49.693,
1ED273D7-3ECB-4BEF-9487-5797DED59348,C24194,20260915,OT1_5,0,2,70FC22FC-0972-4261-99B3-226B15F00B33,2026-09-16 09:59:36.317,
ECB933D5-7205-4CBE-A2B9-BC01CACD7AD9,C24217,20260914,OT1_5,0,2,70FC22FC-0972-4261-99B3-226B15F00B33,2026-09-15 17:23:08.767,
5A22ED23-FECC-44C4-BBB6-557D818ED4F4,C24345,20260914,OT1_5,0,2,70FC22FC-0972-4261-99B3-226B15F00B33,2026-09-15 17:18:00.907,
FEFA7208-0EEC-490D-ADC5-489024774FDF,C24423,20260914,OT1_5,0,2,70FC22FC-0972-4261-99B3-226B15F00B33,2026-09-15 17:18:10.573,
2009700E-1068-4CEE-B47B-1BB225BB52E7,C24423,20260915,OT1_5,0,2,70FC22FC-0972-4261-99B3-226B15F00B33,2026-09-16 09:56:57.763,
B283FDA1-A127-4A40-B18E-2E84FC7ADB58,C24537,20260915,OT1_5,0,2,70FC22FC-0972-4261-99B3-226B15F00B33,2026-09-16 09:56:57.080,
A7429C1D-5F31-470C-AB27-B80F6F93B2EE,C24769,20260914,OT1_5,0,2,70FC22FC-0972-4261-99B3-226B15F00B33,2026-09-15 17:18:06.457,
683FE9DD-FA67-48A6-8D48-56EA33D90122,C24769,20260915,OT1_5,0,2,70FC22FC-0972-4261-99B3-226B15F00B33,2026-09-16 09:56:56.203,
D29A8770-FBC3-47F4-81CD-8B861CA3AA6B,C24772,20260914,OT1_5,0,2,70FC22FC-0972-4261-99B3-226B15F00B33,2026-09-15 17:18:03.960,
C990FDA7-44A6-4B20-8EE0-35F9061882F8,C24772,20260915,OT1_5,0,2,70FC22FC-0972-4261-99B3-226B15F00B33,2026-09-16 09:56:56.357,
C96C8E25-9500-41CD-A315-EC73A284B7C8,C24782,20260914,OT1_5,0,2,70FC22FC-0972-4261-99B3-226B15F00B33,2026-09-15 17:20:46.550,
0B246BE1-18D3-46C3-B56D-3910E6CD6575,C24782,20260915,OT1_5,0,2,70FC22FC-0972-4261-99B3-226B15F00B33,2026-09-16 09:59:35.523,
68A6FA5D-2BB2-48EA-B6FC-8A87C7534936,C24862,20260914,OT1_5,0,2,70FC22FC-0972-4261-99B3-226B15F00B33,2026-09-15 17:18:12.653,
0D6A1CAA-9767-4AC3-8CDA-136F6C1CFD43,C24926,20260914,OT1_5,0,2,70FC22FC-0972-4261-99B3-226B15F00B33,2026-09-15 17:18:08.863,
F43E26A9-F67F-47B5-A961-F52403FA61B0,C24926,20260915,OT1_5,0,2,70FC22FC-0972-4261-99B3-226B15F00B33,2026-09-16 09:56:57.240,
33AA8785-DF55-4522-A488-D5275DF46A4B,C24934,20260914,OT1_5,0,2,70FC22FC-0972-4261-99B3-226B15F00B33,2026-09-15 17:20:57.000,
A49C9020-F19A-4C8A-AA2E-FA896C5487C7,C24934,20260915,OT1_5,0,2,70FC22FC-0972-4261-99B3-226B15F00B33,2026-09-16 09:59:40.033,
A408EF89-289C-4C53-9454-8EF717DE563E,C24935,20260914,OT1_5,0,2,70FC22FC-0972-4261-99B3-226B15F00B33,2026-09-15 17:21:01.203,
E4E32410-930A-4C6A-848B-7DCC8961F33B,C24935,20260915,OT1_5,0,2,70FC22FC-0972-4261-99B3-226B15F00B33,2026-09-16 09:59:39.877,
ECC0E8D4-9DD7-4871-8EA3-FF45A1EBC394,C24959,20260914,OT1_5,0,2,70FC22FC-0972-4261-99B3-226B15F00B33,2026-09-15 17:20:46.320,
A31ACA80-B6A6-4F20-99F8-FF0CC76E940F,C24959,20260915,OT1_5,0,2,70FC22FC-0972-4261-99B3-226B15F00B33,2026-09-16 09:59:31.620,
7BAD4848-29B2-440F-BCA4-595353317E7C,C24988,20260914,OT1_5,0,2,70FC22FC-0972-4261-99B3-226B15F00B33,2026-09-15 17:18:10.097,
C7ED8987-94EB-4F35-9FAE-D4EB945C4F71,C25001,20260914,OT1_5,0,2,70FC22FC-0972-4261-99B3-226B15F00B33,2026-09-15 17:18:00.110,
38AE36EA-1328-4269-8942-CD69583A21EB,C25069,20260914,OT1_5,0,2,70FC22FC-0972-4261-99B3-226B15F00B33,2026-09-15 17:23:17.913,
6FEDED47-DABD-4962-B46D-1D781ADFE237,C25069,20260915,OT1_5,0,2,70FC22FC-0972-4261-99B3-226B15F00B33,2026-09-16 10:01:56.437,
5D90DB83-F974-4085-8FEE-B89F35B661D1,C25083,20260914,OT1_5,0,2,70FC22FC-0972-4261-99B3-226B15F00B33,2026-09-15 17:18:10.640,
7DA6C940-D4B0-46B5-A156-732419AA0F6A,C25083,20260915,OT1_5,0,2,70FC22FC-0972-4261-99B3-226B15F00B33,2026-09-16 09:56:57.833,
E9139442-8B99-4558-A22F-33D868B08BBD,C25315,20260914,OT1_5,0,2,70FC22FC-0972-4261-99B3-226B15F00B33,2026-09-15 17:20:44.313,
42A7F13E-5F06-4495-9348-F5E4F5177A6A,C25315,20260915,OT1_5,0,2,70FC22FC-0972-4261-99B3-226B15F00B33,2026-09-16 09:59:32.590,
3E0A6956-ABB7-403A-8D0E-1EF17185B98A,C25339,20260915,OT1_5,0,2.5,70FC22FC-0972-4261-99B3-226B15F00B33,2026-09-16 09:56:59.057,
A06B1B81-01E6-444F-AE81-404D0AEF1088,C25340,20260915,OT1_5,0,2.5,70FC22FC-0972-4261-99B3-226B15F00B33,2026-09-16 09:56:59.197,
65C6A055-78D8-46CC-84C9-705C16C81525,C25361,20260914,OT1_5,0,2,70FC22FC-0972-4261-99B3-226B15F00B33,2026-09-15 17:18:02.260,
A08E09C9-7DE9-484C-B20F-173E44FEA38A,C25361,20260915,OT1_5,0,2,70FC22FC-0972-4261-99B3-226B15F00B33,2026-09-16 09:56:54.877,
F492B837-E520-481F-9925-738C4B086DE3,C25362,20260914,OT1_5,0,2,70FC22FC-0972-4261-99B3-226B15F00B33,2026-09-15 17:17:59.570,
9A6BBCBF-115F-4EFA-9A58-D8696F620016,C25362,20260915,OT1_5,0,2,70FC22FC-0972-4261-99B3-226B15F00B33,2026-09-16 09:56:54.600,
E975E4C0-D749-4CAF-A746-F68453128346,C25387,20260914,OT1_5,0,2,70FC22FC-0972-4261-99B3-226B15F00B33,2026-09-15 17:18:09.603,
C3BEF602-BDAB-4C78-9E94-E84FF152C14C,C25394,20260914,OT1_5,0,2,70FC22FC-0972-4261-99B3-226B15F00B33,2026-09-15 17:18:06.337,
9B82D9FF-EA83-4DF9-B715-475A7FB235D8,C25394,20260915,OT1_5,0,1.5,70FC22FC-0972-4261-99B3-226B15F00B33,2026-09-16 09:56:52.657,
D40E88EB-42BA-4DC8-BA3F-B3DB32C3FF10,C25399,20260914,OT1_5,0,2,70FC22FC-0972-4261-99B3-226B15F00B33,2026-09-15 17:18:58.063,
FE694702-F7D0-4F1F-AAC2-6E49826BF556,C25399,20260915,OT1_5,0,2,70FC22FC-0972-4261-99B3-226B15F00B33,2026-09-16 09:57:40.070,
D9B3EF4B-0FC1-4A57-91B1-8D4FA95291E8,C25424,20260914,OT1_5,0,6,70FC22FC-0972-4261-99B3-226B15F00B33,2026-09-15 17:23:19.113,
36C40B85-6E55-4946-A8C5-AE5CB3A5AC6D,C25424,20260915,OT1_5,0,2,70FC22FC-0972-4261-99B3-226B15F00B33,2026-09-16 10:01:52.003,
41205702-724B-48D1-8305-4850F50F4DCE,C25442,20260914,OT1_5,0,2,70FC22FC-0972-4261-99B3-226B15F00B33,2026-09-15 17:18:10.660,
E86112DB-ED92-4CD4-92EB-AE918A025E5C,C25449,20260914,OT1_5,0,2,70FC22FC-0972-4261-99B3-226B15F00B33,2026-09-15 17:18:01.120,
D7D81DCA-B48B-486A-846D-5D2E76B6FC76,C25449,20260915,OT1_5,0,2,70FC22FC-0972-4261-99B3-226B15F00B33,2026-09-16 09:56:54.240,
93696C6B-52FB-4CC3-9917-B204657E973F,C25456,20260914,OT1_5,0,3.5,70FC22FC-0972-4261-99B3-226B15F00B33,2026-09-15 17:18:57.453,
E2BBDBD3-84C2-4E2D-BAAB-5F9E8349E5F3,C25456,20260915,OT1_5,0,3.5,70FC22FC-0972-4261-99B3-226B15F00B33,2026-09-16 09:57:39.780,
60C13D70-2077-411D-91F1-6016A9D117B9,C25476,20260914,OT1_5,0,2,70FC22FC-0972-4261-99B3-226B15F00B33,2026-09-15 17:18:11.987,
B15F053E-7A04-4259-9D4A-B81A8E457A0C,C25476,20260915,OT1_5,0,2,70FC22FC-0972-4261-99B3-226B15F00B33,2026-09-16 09:56:58.657,
7E306466-343A-4224-87F5-3D52407073F6,C25477,20260914,OT1_5,0,2,70FC22FC-0972-4261-99B3-226B15F00B33,2026-09-15 17:20:51.123,
117F166E-E977-42C3-A405-3E4C17AE6E07,C25477,20260915,OT1_5,0,2,70FC22FC-0972-4261-99B3-226B15F00B33,2026-09-16 09:59:38.623,
A00A9319-2DD6-47B6-822C-1AEFA8CC252F,C25478,20260914,OT1_5,0,2,70FC22FC-0972-4261-99B3-226B15F00B33,2026-09-15 17:23:11.867,
5DBC1043-A851-4FF5-ABED-0FA2CCDA65D0,C25478,20260915,OT1_5,0,2,70FC22FC-0972-4261-99B3-226B15F00B33,2026-09-16 10:01:53.100,
9B92A41C-770E-47E8-BD6A-0F196A50661F,C25488,20260914,OT1_5,0,2,70FC22FC-0972-4261-99B3-226B15F00B33,2026-09-15 17:23:11.913,
A3D96390-422B-4F47-A4E8-65F85352BD77,C25488,20260915,OT1_5,0,2,70FC22FC-0972-4261-99B3-226B15F00B33,2026-09-16 10:01:53.793,
1397D4E0-57AC-4329-92C5-FD2E4BB3FE69,C25491,20260914,OT1_5,0,2,70FC22FC-0972-4261-99B3-226B15F00B33,2026-09-15 17:20:54.030,
965825F3-C2FA-458F-8E29-5C2C00788622,C25492,20260914,OT1_5,0,2,70FC22FC-0972-4261-99B3-226B15F00B33,2026-09-15 17:18:57.793,
1E0B4262-E40F-4E5F-99DC-89CE022F9014,C25492,20260915,OT1_5,0,2,70FC22FC-0972-4261-99B3-226B15F00B33,2026-09-16 09:57:40.007,
8E4C150D-EB3D-4DAD-900E-E4236ACC77E6,C25493,20260914,OT1_5,0,2,70FC22FC-0972-4261-99B3-226B15F00B33,2026-09-15 17:18:01.053,
9409FE1D-22D9-4952-AEC4-144AC23C7DAC,C25494,20260914,OT1_5,0,2,70FC22FC-0972-4261-99B3-226B15F00B33,2026-09-15 17:18:03.253,
8BBCFF26-AED1-42F4-9FB9-11ECBC6211CC,C25494,20260915,OT1_5,0,2,70FC22FC-0972-4261-99B3-226B15F00B33,2026-09-16 09:56:56.753,
C51A33D7-9365-4C75-B8EB-DD2F810CFB81,C25497,20260914,OT1_5,0,2,70FC22FC-0972-4261-99B3-226B15F00B33,2026-09-15 17:23:07.133,
DA3D3C81-574D-4EF1-B583-9445B3968C5D,C25497,20260915,OT1_5,0,2,70FC22FC-0972-4261-99B3-226B15F00B33,2026-09-16 10:01:44.300,
4A4372F2-4253-4441-B67E-5D3C11D0FDEC,C25500,20260915,OT1_5,0,2,70FC22FC-0972-4261-99B3-226B15F00B33,2026-09-16 09:56:58.713,
F81ABF23-6CCD-4423-96DD-B92356BBB1E4,C25535,20260914,OT1_5,0,2,70FC22FC-0972-4261-99B3-226B15F00B33,2026-09-15 17:23:03.720,
66148F48-DF5C-4EC8-B419-908FAB9727EB,C25535,20260915,OT1_5,0,2,70FC22FC-0972-4261-99B3-226B15F00B33,2026-09-16 10:01:51.903,
63B2719C-2010-47A9-A6B9-AA723A4FDA67,C25536,20260914,OT1_5,0,2,70FC22FC-0972-4261-99B3-226B15F00B33,2026-09-15 17:20:42.467,
677BF9A0-A090-498D-AFC9-DBEE95147FA6,C25536,20260915,OT1_5,0,2,70FC22FC-0972-4261-99B3-226B15F00B33,2026-09-16 09:59:29.863,
79058F96-E418-4DE4-82F2-D1D32B4AB7C8,C25543,20260914,OT1_5,0,1.5,70FC22FC-0972-4261-99B3-226B15F00B33,2026-09-15 17:17:58.490,
2CC98C77-BAAB-430D-B6A0-34FBFAE8C2F3,C25543,20260915,OT1_5,0,1,70FC22FC-0972-4261-99B3-226B15F00B33,2026-09-16 09:56:52.523,
31903A91-12AA-49CC-B373-A4660779A299,C25544,20260914,OT1_5,0,2,70FC22FC-0972-4261-99B3-226B15F00B33,2026-09-15 17:20:06.927,
1A2B998C-165E-4423-83E0-519480EB131C,C25544,20260915,OT1_5,0,2,70FC22FC-0972-4261-99B3-226B15F00B33,2026-09-16 09:58:23.000,
6EF38383-0422-4B79-A8A4-D7BE0A94366C,C25547,20260914,OT1_5,0,2,70FC22FC-0972-4261-99B3-226B15F00B33,2026-09-15 17:21:35.583,
E9C06A77-5C65-4118-9349-94072F7977D9,C25547,20260915,OT1_5,0,1,70FC22FC-0972-4261-99B3-226B15F00B33,2026-09-16 10:00:14.213,
99257DE9-7FEF-4485-9D13-78B9E912C6DC,C25548,20260914,OT1_5,0,2,70FC22FC-0972-4261-99B3-226B15F00B33,2026-09-15 17:18:00.640,
4048AF50-2493-402D-8AD9-F3BB6AD3A3C1,C25555,20260914,OT1_5,0,2,70FC22FC-0972-4261-99B3-226B15F00B33,2026-09-15 17:23:14.743,
17A4FDC7-402C-4DD6-8C8E-FC17382712F1,C25555,20260915,OT1_5,0,2,70FC22FC-0972-4261-99B3-226B15F00B33,2026-09-16 10:01:54.607,
EAEF7148-DA37-442C-AE94-049EC376C8CF,C25557,20260915,OT1_5,0,2.5,70FC22FC-0972-4261-99B3-226B15F00B33,2026-09-16 09:56:59.097,
A844BD06-716A-4108-8656-9C0DDBB4DA83,C25562,20260914,OT1_5,0,2,70FC22FC-0972-4261-99B3-226B15F00B33,2026-09-15 17:21:35.627,
AB14D95C-A4F2-46DE-A8C8-E896C1CCFEDD,C25562,20260915,OT1_5,0,2,70FC22FC-0972-4261-99B3-226B15F00B33,2026-09-16 10:00:13.680,
DCC48CFC-E96C-42AB-929E-00631DF8F1E7,C25572,20260914,OT1_5,0,2,70FC22FC-0972-4261-99B3-226B15F00B33,2026-09-15 17:18:11.060,
AECD57AA-5979-431C-ACBC-400FCA46B028,C25594,20260914,OT1_5,0,2,70FC22FC-0972-4261-99B3-226B15F00B33,2026-09-15 17:18:07.153,
5971E32F-339D-4BEC-ADF8-966B814D8165,C25594,20260915,OT1_5,0,2,70FC22FC-0972-4261-99B3-226B15F00B33,2026-09-16 09:56:56.563,
C23C4B85-9A2E-49DB-999C-EBD2366DFE52,C25602,20260914,OT1_5,0,2,70FC22FC-0972-4261-99B3-226B15F00B33,2026-09-15 17:18:03.900,
966F11FD-822B-4523-8EEF-7B26054B93D0,C25602,20260915,OT1_5,0,2,70FC22FC-0972-4261-99B3-226B15F00B33,2026-09-16 09:56:54.033,
CEF12A05-1B75-4891-B4D1-5032EF3E23CB,C25605,20260914,OT1_5,0,2,70FC22FC-0972-4261-99B3-226B15F00B33,2026-09-15 17:18:12.830,
98E3262C-FB4E-4756-8252-A7061724A960,C25605,20260915,OT1_5,0,2,70FC22FC-0972-4261-99B3-226B15F00B33,2026-09-16 09:56:59.003,
557E3355-720A-4855-A74C-BAF55ADBC659,C25606,20260914,OT1_5,0,2,70FC22FC-0972-4261-99B3-226B15F00B33,2026-09-15 17:18:58.387,
E295405F-1658-45D1-8538-7A892611276A,C25606,20260915,OT1_5,0,2,70FC22FC-0972-4261-99B3-226B15F00B33,2026-09-16 09:57:39.953,
0D82DCD2-3638-43DB-A503-AB64DECC6285,C25608,20260914,OT1_5,0,2,70FC22FC-0972-4261-99B3-226B15F00B33,2026-09-15 17:23:12.807,
F28CB2F0-6E1F-4A4B-9CE5-D0AD6362C90B,C25608,20260915,OT1_5,0,2,70FC22FC-0972-4261-99B3-226B15F00B33,2026-09-16 10:01:50.940,
7F0B4A1D-F5D6-4848-9E0C-A8C0297C21B7,C25609,20260914,OT1_5,0,2,70FC22FC-0972-4261-99B3-226B15F00B33,2026-09-15 17:23:02.827,
5EAC1E77-C5ED-4B80-AA67-A8718FE6767A,C25609,20260915,OT1_5,0,1,70FC22FC-0972-4261-99B3-226B15F00B33,2026-09-16 10:01:57.073,
80F83EDD-B816-4F1E-A6AE-0C64AD6615A4,C25616,20260914,OT1_5,0,2,70FC22FC-0972-4261-99B3-226B15F00B33,2026-09-15 17:23:11.843,
776575CA-A4F3-4269-846B-6EAF45658CDF,C25616,20260915,OT1_5,0,2,70FC22FC-0972-4261-99B3-226B15F00B33,2026-09-16 10:01:53.047,
7734B8A4-991D-4347-95F9-8D6160979E7A,C25617,20260914,OT1_5,0,2,70FC22FC-0972-4261-99B3-226B15F00B33,2026-09-15 17:23:15.983,
B23ADB36-D485-48EB-8C69-04778243A58A,C25652,20260914,OT1_5,0,2,70FC22FC-0972-4261-99B3-226B15F00B33,2026-09-15 17:18:11.027,
ECB39FC4-F7DE-49B3-A81D-A592D4674415,C25652,20260915,OT1_5,0,2,70FC22FC-0972-4261-99B3-226B15F00B33,2026-09-16 09:56:57.840,
127A4CB9-07B4-4870-82D2-A660B6E9EBD0,C25688,20260914,OT1_5,0,2,70FC22FC-0972-4261-99B3-226B15F00B33,2026-09-15 17:17:53.310,
7E368C5C-4EED-42E2-ABE1-54B0B730DFF8,C25689,20260914,OT1_5,0,2,70FC22FC-0972-4261-99B3-226B15F00B33,2026-09-15 17:17:54.110,
83659434-A6EE-4074-9102-524632EF856B,C25689,20260915,OT1_5,0,2,70FC22FC-0972-4261-99B3-226B15F00B33,2026-09-16 09:56:52.863,
0A1B4BC0-2665-4E00-AA8B-8FCB4CC3601E,C25695,20260915,OT1_5,0,1.5,70FC22FC-0972-4261-99B3-226B15F00B33,2026-09-16 09:57:40.770,
F12B55D3-D90C-4BC4-811F-F4B830728FE8,C25699,20260914,OT1_5,0,2,70FC22FC-0972-4261-99B3-226B15F00B33,2026-09-15 17:18:05.283,
A5715BE8-E783-4FF0-A136-5DFC8AA9ED6E,C25699,20260915,OT1_5,0,2,70FC22FC-0972-4261-99B3-226B15F00B33,2026-09-16 09:56:56.680,
75C858F8-9312-42BB-9AF1-B659B6394109,C25703,20260914,OT1_5,0,2,70FC22FC-0972-4261-99B3-226B15F00B33,2026-09-15 17:18:08.487,
294A307A-DD09-4530-A59A-24D72065BFAE,C25703,20260915,OT1_5,0,2,70FC22FC-0972-4261-99B3-226B15F00B33,2026-09-16 09:56:57.147,
2410CB64-B0DF-4AA9-A570-ABF36E156C73,C25705,20260915,OT1_5,0,2,70FC22FC-0972-4261-99B3-226B15F00B33,2026-09-16 09:56:57.823,
3FB793BC-D344-4AB9-B876-0CC3270B7F84,C25714,20260914,OT1_5,0,2,70FC22FC-0972-4261-99B3-226B15F00B33,2026-09-15 17:18:09.213,
E4BF2BB2-46B2-40BA-A63B-E3CC9CC03674,C25728,20260915,OT1_5,0,2,70FC22FC-0972-4261-99B3-226B15F00B33,2026-09-16 09:56:53.783,
4E555B41-1D8F-43AB-A715-8ED8880937E9,C25737,20260914,OT1_5,0,2,70FC22FC-0972-4261-99B3-226B15F00B33,2026-09-15 17:18:02.837,
AB9C8F30-65E9-4EB2-AA04-6458BAACDDB6,C25737,20260915,OT1_5,0,2,70FC22FC-0972-4261-99B3-226B15F00B33,2026-09-16 09:56:55.123,
9D61B80F-4C9E-4ABD-ADCC-46359B6C98A0,C25745,20260914,OT1_5,0,2,70FC22FC-0972-4261-99B3-226B15F00B33,2026-09-15 17:17:56.640,
6C5CDA85-0A6F-40E0-97B7-61D50E5487A9,C25747,20260914,OT1_5,0,2,70FC22FC-0972-4261-99B3-226B15F00B33,2026-09-15 17:18:57.960,
3B7D1665-ADEC-43B2-9696-0C747773201A,C25747,20260915,OT1_5,0,2,70FC22FC-0972-4261-99B3-226B15F00B33,2026-09-16 09:57:40.367,
5A33BD68-A04B-4491-B08B-A2C6717BFF46,C25749,20260914,OT1_5,0,2,70FC22FC-0972-4261-99B3-226B15F00B33,2026-09-15 17:18:57.990,
AB7CF9FB-27CF-4400-B66A-1D1A87495091,C25749,20260915,OT1_5,0,2,70FC22FC-0972-4261-99B3-226B15F00B33,2026-09-16 09:57:40.310,
D07F791E-6E59-48CA-81A7-39C4022E9AF7,C25758,20260914,OT1_5,0,2,70FC22FC-0972-4261-99B3-226B15F00B33,2026-09-15 17:20:48.587,
935E15CF-9B4C-4E30-BF7D-DF23D8C08BA5,C25758,20260915,OT1_5,0,2,70FC22FC-0972-4261-99B3-226B15F00B33,2026-09-16 09:59:29.100,
BDF4780B-7BE6-4C49-AC1F-36B9FC42A147,C25783,20260914,OT1_5,0,2,70FC22FC-0972-4261-99B3-226B15F00B33,2026-09-15 17:23:06.450,
A2A4391C-B49A-4117-A4AA-50194E23B2EA,C25783,20260915,OT1_5,0,2,70FC22FC-0972-4261-99B3-226B15F00B33,2026-09-16 10:01:49.283,
F0FA01FC-B0D9-4953-BB70-10661CFB3AB3,C25790,20260914,OT1_5,0,2,70FC22FC-0972-4261-99B3-226B15F00B33,2026-09-15 17:20:54.087,
D007AEE6-6639-42A5-A646-A2F2844A4BBB,C25790,20260915,OT1_5,0,2,70FC22FC-0972-4261-99B3-226B15F00B33,2026-09-16 09:59:38.607,
D3116CA3-AB6C-46D0-8257-1D6D98C805A3,C25802,20260914,OT1_5,0,2,70FC22FC-0972-4261-99B3-226B15F00B33,2026-09-15 17:18:05.080,
EA569E9A-159E-42BC-8901-30884BEA8053,C25807,20260914,OT1_5,0,2,70FC22FC-0972-4261-99B3-226B15F00B33,2026-09-15 17:23:14.733,
C8D8E776-6FE4-4CE8-9E51-F6395313E554,C25807,20260915,OT1_5,0,2,70FC22FC-0972-4261-99B3-226B15F00B33,2026-09-16 10:01:53.990,
FD33C8CB-47C2-490C-B5D3-F369DD9A0C3C,C25813,20260914,OT1_5,0,2,70FC22FC-0972-4261-99B3-226B15F00B33,2026-09-15 17:20:45.597,
BB16DE37-D166-4708-817B-E9C4A640EF1A,C25813,20260915,OT1_5,0,2,70FC22FC-0972-4261-99B3-226B15F00B33,2026-09-16 09:59:31.090,
28113133-2351-4EB8-B24D-EBD9261E04F6,C25814,20260914,OT1_5,0,2,70FC22FC-0972-4261-99B3-226B15F00B33,2026-09-15 17:18:09.797,
C4B1E0C2-B930-4361-9752-69A978D242F3,C25824,20260914,OT1_5,0,2,70FC22FC-0972-4261-99B3-226B15F00B33,2026-09-15 17:23:15.140,
439A6F73-81CD-4B44-8ACA-79F06EE4D4D3,C25824,20260915,OT1_5,0,2,70FC22FC-0972-4261-99B3-226B15F00B33,2026-09-16 10:01:55.487,
047F1392-2B36-4677-AA3B-1C535B02466D,C25827,20260914,OT1_5,0,2,70FC22FC-0972-4261-99B3-226B15F00B33,2026-09-15 17:23:17.313,
1A94AC8F-48E3-4EB3-91AB-7B0E06376235,C25827,20260915,OT1_5,0,2,70FC22FC-0972-4261-99B3-226B15F00B33,2026-09-16 10:01:55.790,
BAE7CA97-63F4-4047-BB74-493B8D0FB41E,C25854,20260914,OT1_5,0,2,70FC22FC-0972-4261-99B3-226B15F00B33,2026-09-15 17:18:07.263,
6C534F38-372C-4AF6-9C48-499073CCEB51,C25854,20260915,OT1_5,0,2,70FC22FC-0972-4261-99B3-226B15F00B33,2026-09-16 09:56:56.270,
8DC85CC3-F331-4C58-9729-17F1F5E011B3,C25897,20260914,OT1_5,0,2,70FC22FC-0972-4261-99B3-226B15F00B33,2026-09-15 17:18:07.510,
4158841E-4748-4106-927D-9AC58E04D006,C25897,20260915,OT1_5,0,2,70FC22FC-0972-4261-99B3-226B15F00B33,2026-09-16 09:56:57.267,
D0EE3FDF-E4F6-4334-A9AB-58F228789A9F,C25925,20260914,OT1_5,0,2,70FC22FC-0972-4261-99B3-226B15F00B33,2026-09-15 17:23:14.120,
17B26B5C-C655-4258-9A08-4840A0DE9283,C25925,20260915,OT1_5,0,2,70FC22FC-0972-4261-99B3-226B15F00B33,2026-09-16 10:01:54.817,
2EE1ED9E-8553-468D-8E56-4CC4F28AE11F,C25926,20260914,OT1_5,0,2,70FC22FC-0972-4261-99B3-226B15F00B33,2026-09-15 17:23:14.340,
C544DFF1-9BB2-4607-8BB1-7E34A9E62F02,C25926,20260915,OT1_5,0,2,70FC22FC-0972-4261-99B3-226B15F00B33,2026-09-16 10:01:55.270,
72F9E218-D693-4792-89CB-A771A30357A0,C25928,20260914,OT1_5,0,2,70FC22FC-0972-4261-99B3-226B15F00B33,2026-09-15 17:23:15.237,
1E520ED2-0EFB-4D80-AFB1-1E373565032D,C25928,20260915,OT1_5,0,2,70FC22FC-0972-4261-99B3-226B15F00B33,2026-09-16 10:01:55.640,
524C9DB9-1832-47DA-90F9-ADD7E38AD1E5,C25929,20260914,OT1_5,0,2,70FC22FC-0972-4261-99B3-226B15F00B33,2026-09-15 17:23:13.893,
1578A921-3A0B-433D-BCC1-57CC86F5F5C4,C25929,20260915,OT1_5,0,2,70FC22FC-0972-4261-99B3-226B15F00B33,2026-09-16 10:01:55.137,
B468FA2F-0ACF-49CB-B881-28D9E21E23E1,C25931,20260914,OT1_5,0,2,70FC22FC-0972-4261-99B3-226B15F00B33,2026-09-15 17:16:58.683,
408A3E28-9F37-4663-84FA-66735B5293BD,C25931,20260915,OT1_5,0,2,70FC22FC-0972-4261-99B3-226B15F00B33,2026-09-16 09:56:11.717,
617E4516-73D4-422C-8258-093720CACD74,C25932,20260914,OT1_5,0,2,70FC22FC-0972-4261-99B3-226B15F00B33,2026-09-15 17:18:08.430,
0226A474-5CCF-46DB-81EF-E05F7F22CF1F,C25932,20260915,OT1_5,0,2,70FC22FC-0972-4261-99B3-226B15F00B33,2026-09-16 09:56:56.993,
2ACB1C88-4C64-46C4-B311-6DAE13609463,C25937,20260914,OT1_5,0,2,70FC22FC-0972-4261-99B3-226B15F00B33,2026-09-15 17:18:08.130,
238FCB0A-7EFF-47D0-810E-12B28CCB639E,C25937,20260915,OT1_5,0,2,70FC22FC-0972-4261-99B3-226B15F00B33,2026-09-16 09:56:56.860,
659E7EF8-6EF8-458E-9B31-96F22A9A92C5,C25939,20260914,OT1_5,0,2,70FC22FC-0972-4261-99B3-226B15F00B33,2026-09-15 17:23:05.367,
0986BEA1-494C-44AB-AB9D-AFA5CAAA600A,C25939,20260915,OT1_5,0,2,70FC22FC-0972-4261-99B3-226B15F00B33,2026-09-16 10:01:45.807,
0B3F1740-BFDE-441B-AB7C-40E07792F341,C25942,20260915,OT1_5,0,2,70FC22FC-0972-4261-99B3-226B15F00B33,2026-09-16 09:56:58.680,
B5FD5EAD-8EFB-4748-9D7A-7ED77F82A5ED,C25956,20260914,OT1_5,0,2,70FC22FC-0972-4261-99B3-226B15F00B33,2026-09-15 17:18:09.470,
45186B36-051A-4879-B5FA-4B5CA92CBAF8,C25956,20260915,OT1_5,0,2,70FC22FC-0972-4261-99B3-226B15F00B33,2026-09-16 09:56:58.097,
C5AC8B74-92C3-4B36-B2B8-868E63E2BCF0,C25978,20260914,OT1_5,0,2,70FC22FC-0972-4261-99B3-226B15F00B33,2026-09-15 17:23:09.663,
06A24DE5-33EA-4689-98A6-7971D580C489,C25978,20260915,OT1_5,0,2,70FC22FC-0972-4261-99B3-226B15F00B33,2026-09-16 10:01:51.143,
B72458D3-9BA3-43B0-8990-EF23212CFED5,C25985,20260914,OT1_5,0,2,70FC22FC-0972-4261-99B3-226B15F00B33,2026-09-15 17:21:02.147,
E4A8CB8F-6791-46E6-B1F8-5074AAC396AA,C25985,20260915,OT1_5,0,2,70FC22FC-0972-4261-99B3-226B15F00B33,2026-09-16 09:59:39.740,
B9DD7F3C-B21C-4616-A066-D2A2D1CA496B,C25999,20260914,OT1_5,0,2,70FC22FC-0972-4261-99B3-226B15F00B33,2026-09-15 17:21:36.680,
63EF1D1C-C8E0-4839-ABA1-8C22323AEDB0,C25999,20260915,OT1_5,0,2,70FC22FC-0972-4261-99B3-226B15F00B33,2026-09-16 10:00:12.113,
814910EA-DC43-423E-BA24-0351CB07989E,C26041,20260914,OT1_5,0,2,70FC22FC-0972-4261-99B3-226B15F00B33,2026-09-15 17:18:08.010,
6C9B06CF-D195-4AE2-B74A-3607F8B70186,C26043,20260914,OT1_5,0,2,70FC22FC-0972-4261-99B3-226B15F00B33,2026-09-15 17:20:44.133,
7B8F47E7-2745-487A-BC7D-3D39B2BF7561,C26043,20260915,OT1_5,0,2,70FC22FC-0972-4261-99B3-226B15F00B33,2026-09-16 09:59:31.887,
A853F24F-EC69-4DC5-8A2E-DD1D96572084,C26044,20260914,OT1_5,0,2,70FC22FC-0972-4261-99B3-226B15F00B33,2026-09-15 17:21:35.920,
E0EEBA8B-658E-4DDE-BF42-A19A33E7AF9D,C26048,20260914,OT1_5,0,1.5,70FC22FC-0972-4261-99B3-226B15F00B33,2026-09-15 17:21:36.853,
71C762B2-7444-4E7D-93FD-4317C7F64C94,C26048,20260915,OT1_5,0,1.5,70FC22FC-0972-4261-99B3-226B15F00B33,2026-09-16 10:00:14.153,
9A28E47F-6592-4837-A594-3710A865E4FC,C26050,20260914,OT1_5,0,1.5,70FC22FC-0972-4261-99B3-226B15F00B33,2026-09-15 17:17:54.320,
901383B4-9B71-41DA-A1BB-6358B2071E74,C26050,20260915,OT1_5,0,1.5,70FC22FC-0972-4261-99B3-226B15F00B33,2026-09-16 09:56:52.760,
607947A5-FF43-4BEB-B3A0-1DBDF63002FF,C26053,20260914,OT1_5,0,2,70FC22FC-0972-4261-99B3-226B15F00B33,2026-09-15 17:23:15.857,
885E45BE-C6F9-4CE0-A5EC-1501225FCF25,C26053,20260915,OT1_5,0,2,70FC22FC-0972-4261-99B3-226B15F00B33,2026-09-16 10:01:55.230,
5A409BD2-9E40-48B9-A2D4-7C0F0C7D7FED,C26062,20260914,OT1_5,0,2,70FC22FC-0972-4261-99B3-226B15F00B33,2026-09-15 17:18:12.690,
B6C4BB4D-F9EA-485E-97BF-6D5BD9B74115,C26099,20260914,OT1_5,0,1,70FC22FC-0972-4261-99B3-226B15F00B33,2026-09-15 17:23:59.070,
A6A2314E-DA07-4210-AF05-CF42EC5C24A8,C26099,20260915,OT1_5,0,2,70FC22FC-0972-4261-99B3-226B15F00B33,2026-09-16 10:02:22.060,
67561AA5-F1EE-4443-891D-C578A47BDF67,C26129,20260914,OT1_5,0,2,70FC22FC-0972-4261-99B3-226B15F00B33,2026-09-15 17:18:03.443,
84B1A5D1-5304-4BFA-BC4A-78592EC77C7C,C26134,20260914,OT1_5,0,6,70FC22FC-0972-4261-99B3-226B15F00B33,2026-09-15 17:23:19.123,
87542D7A-2FCA-42EF-B6F3-D131DAF4905E,C26134,20260915,OT1_5,0,2,70FC22FC-0972-4261-99B3-226B15F00B33,2026-09-16 10:01:55.660,
C86C3909-D9D0-4329-AB8C-C372D53069A3,C26147,20260914,OT1_5,0,2,70FC22FC-0972-4261-99B3-226B15F00B33,2026-09-15 17:21:35.090,
A0CF3419-6FDB-4805-BE73-B8157C28A483,C26147,20260915,OT1_5,0,2,70FC22FC-0972-4261-99B3-226B15F00B33,2026-09-16 10:00:13.300,
F6D38878-DF86-4B6B-88B9-A80D6E86FB2D,C26153,20260914,OT1_5,0,2,70FC22FC-0972-4261-99B3-226B15F00B33,2026-09-15 17:18:09.910,
F90AB077-1C79-4736-AEF1-28015F322078,C26153,20260915,OT1_5,0,1,70FC22FC-0972-4261-99B3-226B15F00B33,2026-09-16 09:56:52.550,
3EEE0DB9-10D1-4DA0-9C91-49CFF26E0B9E,C26156,20260914,OT1_5,0,2,70FC22FC-0972-4261-99B3-226B15F00B33,2026-09-15 17:17:58.730,
0F43148F-89BF-431B-AB8A-27A5739EB181,C26156,20260915,OT1_5,0,2,70FC22FC-0972-4261-99B3-226B15F00B33,2026-09-16 09:56:54.283,
FDB40E8C-CA80-4F7E-A120-79D8DCDD9A8F,C26172,20260914,OT1_5,0,2,70FC22FC-0972-4261-99B3-226B15F00B33,2026-09-15 17:18:05.173,
A94EA8A0-45F2-4FC1-8C6B-0040D7B7172A,C26240,20260914,OT1_5,0,2,70FC22FC-0972-4261-99B3-226B15F00B33,2026-09-15 17:23:01.083,
148E9FAC-CD72-4582-A69B-EF6451D94D65,C26240,20260915,OT1_5,0,2,70FC22FC-0972-4261-99B3-226B15F00B33,2026-09-16 10:01:44.427,
2DF742FA-EFE8-4610-B57D-6F42D3AA9CF2,C26264,20260914,OT1_5,0,2,70FC22FC-0972-4261-99B3-226B15F00B33,2026-09-15 17:18:03.153,
AD3F7CA5-08D8-475F-BF19-6FC4270CE0DF,C26264,20260915,OT1_5,0,2,70FC22FC-0972-4261-99B3-226B15F00B33,2026-09-16 09:56:55.730,
FDACD98A-92A1-42C9-A6C1-02593586F97D,C26304,20260914,OT1_5,0,2,70FC22FC-0972-4261-99B3-226B15F00B33,2026-09-15 17:18:58.277,
D107A82C-1E47-4EB2-82B6-5FC62C31EA9A,C26304,20260915,OT1_5,0,2,70FC22FC-0972-4261-99B3-226B15F00B33,2026-09-16 09:57:39.910,
E3393B13-9438-4519-ADAB-B983584390CF,C26305,20260914,OT1_5,0,2,70FC22FC-0972-4261-99B3-226B15F00B33,2026-09-15 17:20:51.063,
7552F5A2-FA0F-4D4F-B65B-D8D1CCD1F97D,C26305,20260915,OT1_5,0,2,70FC22FC-0972-4261-99B3-226B15F00B33,2026-09-16 09:59:36.653,
FA23AAE9-135C-4907-9AC0-143B73F8957D,C26308,20260914,OT1_5,0,2,70FC22FC-0972-4261-99B3-226B15F00B33,2026-09-15 17:20:57.167,
EA84007D-D048-4E8B-A1F1-24790A77B3C1,C26308,20260915,OT1_5,0,2,70FC22FC-0972-4261-99B3-226B15F00B33,2026-09-16 09:59:37.390,
9150474A-BF3F-48AF-B93D-5202550B8E2C,C26321,20260914,OT1_5,0,2,70FC22FC-0972-4261-99B3-226B15F00B33,2026-09-15 17:22:21.963,
4E7F538F-D35B-4CCC-AD1E-ED006E083FDD,C26325,20260914,OT1_5,0,2,70FC22FC-0972-4261-99B3-226B15F00B33,2026-09-15 17:23:17.537,
E5F5A560-19AD-4036-BF3C-F5E4D863F9B0,C26325,20260915,OT1_5,0,2,70FC22FC-0972-4261-99B3-226B15F00B33,2026-09-16 10:01:56.010,
248FF7E0-A3AF-47BD-9409-1C9BC0B4B229,C26345,20260914,OT1_5,0,4,70FC22FC-0972-4261-99B3-226B15F00B33,2026-09-15 17:20:39.480,
9538E9EF-0807-4AEE-8796-95B9F01F4048,C26345,20260915,OT1_5,0,4,70FC22FC-0972-4261-99B3-226B15F00B33,2026-09-16 09:59:41.110,
CDC6D043-6B0D-4362-AE1C-2D9CB842614A,C26392,20260914,OT1_5,0,1,70FC22FC-0972-4261-99B3-226B15F00B33,2026-09-15 17:17:55.920,
5228D9CA-84D4-47BD-8795-0D37DA795C24,C26392,20260915,OT1_5,0,2,70FC22FC-0972-4261-99B3-226B15F00B33,2026-09-16 09:56:53.873,
F48F0A32-51BD-446D-9C3B-185E1968554B,C26395,20260914,OT1_5,0,2,70FC22FC-0972-4261-99B3-226B15F00B33,2026-09-15 17:23:58.580,
2FC33AEA-C426-4993-864F-1E69CBC0C875,C26398,20260914,OT1_5,0,3.5,70FC22FC-0972-4261-99B3-226B15F00B33,2026-09-15 17:18:57.367,
33C018B8-FC2F-42BC-8825-3F385CFEBEE3,C26398,20260915,OT1_5,0,3.5,70FC22FC-0972-4261-99B3-226B15F00B33,2026-09-16 09:57:39.640,
2250D38A-8597-4211-A3FF-115A7D23F62B,C26413,20260914,OT1_5,0,2,70FC22FC-0972-4261-99B3-226B15F00B33,2026-09-15 17:23:15.580,
C1C65791-E137-46A2-B148-38070D3438B7,C26415,20260914,OT1_5,0,2,70FC22FC-0972-4261-99B3-226B15F00B33,2026-09-15 17:20:57.110,
3A0A1C4A-5E23-420F-A304-CD607E2ED9AD,C26415,20260915,OT1_5,0,2,70FC22FC-0972-4261-99B3-226B15F00B33,2026-09-16 09:59:38.990,
477C80CD-9EB6-4206-A406-6FAC6F6006E6,C26416,20260914,OT1_5,0,2,70FC22FC-0972-4261-99B3-226B15F00B33,2026-09-15 17:20:57.430,
D26A6C4B-661A-4056-9392-5159B935F628,C26416,20260915,OT1_5,0,2,70FC22FC-0972-4261-99B3-226B15F00B33,2026-09-16 09:59:36.643,
7D79A753-5A28-4EAB-BB0E-394E79F3B298,C26427,20260914,OT1_5,0,2,70FC22FC-0972-4261-99B3-226B15F00B33,2026-09-15 17:21:35.817,
D38FA707-0F64-441E-99FC-CE561325D9CD,C26427,20260915,OT1_5,0,2,70FC22FC-0972-4261-99B3-226B15F00B33,2026-09-16 10:00:12.990,
ACFC962D-A2E7-4CA5-9013-1EF6A6FB139F,C26465,20260915,OT1_5,0,2,70FC22FC-0972-4261-99B3-226B15F00B33,2026-09-16 09:59:30.423,
5F10CE04-47DE-44EE-844E-39BAFA6579F7,C26473,20260914,OT1_5,0,2,70FC22FC-0972-4261-99B3-226B15F00B33,2026-09-15 17:23:06.370,
2CBB5FFE-B284-414A-819A-A58CD4FC3009,C26473,20260915,OT1_5,0,2,70FC22FC-0972-4261-99B3-226B15F00B33,2026-09-16 10:01:49.560,
F2AC130F-0F63-4AA3-B4A4-5517BEDB3B81,C26498,20260914,OT1_5,0,2,70FC22FC-0972-4261-99B3-226B15F00B33,2026-09-15 17:23:09.393,
6EE93B65-9B4D-4F3C-92D4-2E73B4838757,C26498,20260915,OT1_5,0,2,70FC22FC-0972-4261-99B3-226B15F00B33,2026-09-16 10:01:53.120,
CF85519D-03FE-4A7F-9EA9-7135C342BFB8,C26499,20260914,OT1_5,0,2,70FC22FC-0972-4261-99B3-226B15F00B33,2026-09-15 17:23:13.600,
FEF28D7D-1A50-4ABE-A6C1-09025DAAD333,C26499,20260915,OT1_5,0,2,70FC22FC-0972-4261-99B3-226B15F00B33,2026-09-16 10:01:53.110,
CA04D98B-10F8-49D8-93DD-5180E2E87CA8,C26528,20260915,OT1_5,0,2,70FC22FC-0972-4261-99B3-226B15F00B33,2026-09-16 10:01:56.377,
9D4EC5F1-B81D-41DA-AA01-1B5CEE2F5745,C26530,20260914,OT1_5,0,2,70FC22FC-0972-4261-99B3-226B15F00B33,2026-09-15 17:23:17.373,
BA060131-7BC8-4488-9614-987C55B1595C,C26530,20260915,OT1_5,0,2,70FC22FC-0972-4261-99B3-226B15F00B33,2026-09-16 10:01:55.507,
CCF56ADC-EC9A-4985-A884-30F301EA76F8,C26542,20260914,OT1_5,0,2,70FC22FC-0972-4261-99B3-226B15F00B33,2026-09-15 17:23:18.663,
69627C03-5CB9-43E3-86AB-25BC4397CCF2,C26542,20260915,OT1_5,0,2,70FC22FC-0972-4261-99B3-226B15F00B33,2026-09-16 10:01:56.743,
96379331-0C2D-487E-8540-BF106BFA67C3,C26569,20260914,OT1_5,0,2,70FC22FC-0972-4261-99B3-226B15F00B33,2026-09-15 17:23:58.733,
0FFB66F6-463E-4726-9E2B-33EC327A596C,C26569,20260915,OT1_5,0,2,70FC22FC-0972-4261-99B3-226B15F00B33,2026-09-16 10:02:22.097,
D0B78FF9-1325-4635-ACD6-C03C3C28A60D,C26575,20260914,OT1_5,0,2,70FC22FC-0972-4261-99B3-226B15F00B33,2026-09-15 17:23:07.880,
8F787F9B-CC26-43E6-B434-73263F415624,C26575,20260915,OT1_5,0,2,70FC22FC-0972-4261-99B3-226B15F00B33,2026-09-16 10:01:53.087,
BC8B9093-8D88-41B2-884C-7F8086DC2684,C26577,20260914,OT1_5,0,2,70FC22FC-0972-4261-99B3-226B15F00B33,2026-09-15 17:21:36.283,
B2D89E99-DB5B-4C86-897D-3B61A7633E89,C26577,20260915,OT1_5,0,2,70FC22FC-0972-4261-99B3-226B15F00B33,2026-09-16 10:00:12.857,
017D17D5-5E0B-4F1F-A46C-3D1479F196A5,C26590,20260914,OT1_5,0,2,70FC22FC-0972-4261-99B3-226B15F00B33,2026-09-15 17:17:59.803,
8DAA6C2A-3060-4900-9117-E43548A658C8,C26590,20260915,OT1_5,0,2,70FC22FC-0972-4261-99B3-226B15F00B33,2026-09-16 09:56:53.627,
3C6190CC-4010-449B-96BA-3F997AF24BE7,C26602,20260914,OT1_5,0,2,70FC22FC-0972-4261-99B3-226B15F00B33,2026-09-15 17:23:08.337,
66523463-9EB1-4180-9D52-19DE5408EB24,C26602,20260915,OT1_5,0,2,70FC22FC-0972-4261-99B3-226B15F00B33,2026-09-16 10:01:44.227,
04C04F75-078A-41A6-A47A-DF12C4C273A1,C26618,20260914,OT1_5,0,2,70FC22FC-0972-4261-99B3-226B15F00B33,2026-09-15 17:18:11.600,
552D3E19-3E6B-4068-B590-CC42A392D096,C26635,20260914,OT1_5,0,2,70FC22FC-0972-4261-99B3-226B15F00B33,2026-09-15 17:18:08.240,
62446E85-9348-47F4-BEB8-F01C9A461F53,C26643,20260914,OT1_5,0,2,70FC22FC-0972-4261-99B3-226B15F00B33,2026-09-15 17:21:34.793,
34E9B2D5-BDD4-4762-8AB0-31B68C67F799,C26643,20260915,OT1_5,0,2,70FC22FC-0972-4261-99B3-226B15F00B33,2026-09-16 10:00:12.370,
71127FDB-C78D-4978-A14E-942AD07B641C,C26673,20260914,OT1_5,0,2,70FC22FC-0972-4261-99B3-226B15F00B33,2026-09-15 17:20:54.147,
AC39BEFE-93F6-465A-B0A6-8079FEDC21CE,C26673,20260915,OT1_5,0,2,70FC22FC-0972-4261-99B3-226B15F00B33,2026-09-16 09:59:40.970,
16B8389D-1BDB-468C-8BC9-D0D6CA907042,C26674,20260914,OT1_5,0,2,70FC22FC-0972-4261-99B3-226B15F00B33,2026-09-15 17:20:41.643,
9CC8FC8A-CEF0-4D4D-A968-D5C8903FFF51,C26674,20260916,nOT1_5,0,15,70FC22FC-0972-4261-99B3-226B15F00B33,2026-09-17 13:27:25.783,NULL
4314E15C-119A-4BD5-A130-CD92FC7A0229,C26675,20260914,OT1_5,0,2,70FC22FC-0972-4261-99B3-226B15F00B33,2026-09-15 17:18:09.727,
302D3946-3565-43C6-A735-4B8893455C5E,C26675,20260915,OT1_5,0,2,70FC22FC-0972-4261-99B3-226B15F00B33,2026-09-16 09:56:57.707,
73D96D83-D6BE-45FA-B0CE-4DECA70DF635,C26751,20260914,OT1_5,0,3,70FC22FC-0972-4261-99B3-226B15F00B33,2026-09-15 17:23:18.920,
5F60E989-5641-446B-A364-C0D5F278CB5C,C26751,20260915,OT1_5,0,3,70FC22FC-0972-4261-99B3-226B15F00B33,2026-09-16 10:01:42.543,
198DAEF6-7F02-4657-AED3-2D75997BFEBD,C26769,20260914,OT1_5,0,2,70FC22FC-0972-4261-99B3-226B15F00B33,2026-09-15 17:18:04.290,
FD623A66-2DC4-489E-AF8B-D28DC20309E5,C26769,20260915,OT1_5,0,2,70FC22FC-0972-4261-99B3-226B15F00B33,2026-09-16 09:56:56.387,
3DD2B7EA-72B3-4013-BD09-EC94F8C25461,C26817,20260914,OT1_5,0,2,70FC22FC-0972-4261-99B3-226B15F00B33,2026-09-15 17:18:10.740,
37579662-F571-4D4A-AB65-9E8F0A9BD69D,C26817,20260915,OT1_5,0,2,70FC22FC-0972-4261-99B3-226B15F00B33,2026-09-16 09:56:57.963,
67023A6F-5B55-4B65-AFCE-B4978B69F1FF,C26819,20260915,OT1_5,0,2,70FC22FC-0972-4261-99B3-226B15F00B33,2026-09-16 09:56:56.423,
0BFD50C1-3645-4747-9114-1B344B72244D,C26825,20260914,OT1_5,0,2,70FC22FC-0972-4261-99B3-226B15F00B33,2026-09-15 17:18:11.613,
CB390ECF-4953-4A47-A471-A414CAEF2BF3,C26832,20260914,OT1_5,0,2,70FC22FC-0972-4261-99B3-226B15F00B33,2026-09-15 17:20:40.437,
38C1D5E6-BD3C-4F14-8500-E895D8F634EF,C26832,20260915,OT1_5,0,2,70FC22FC-0972-4261-99B3-226B15F00B33,2026-09-16 09:59:29.277,
475D51A5-2D3F-4D8E-AC8C-6B080CF8EC8E,C26852,20260914,OT1_5,0,2,70FC22FC-0972-4261-99B3-226B15F00B33,2026-09-15 17:23:17.827,
453CB61E-A1B7-461D-B9A9-2FDE8854268E,C26852,20260915,OT1_5,0,2,70FC22FC-0972-4261-99B3-226B15F00B33,2026-09-16 10:01:57.000,
E4299CA3-8F2F-4E90-BC3C-C56B6148234B,C26869,20260914,OT1_5,0,2,70FC22FC-0972-4261-99B3-226B15F00B33,2026-09-15 17:23:13.377,
CA268822-725F-44B6-902D-AA01380F3AB2,C26869,20260915,OT1_5,0,2,70FC22FC-0972-4261-99B3-226B15F00B33,2026-09-16 10:01:53.420,
F24796EA-A1DB-4C0D-81D6-5843B6F32508,C26890,20260914,OT1_5,0,2,70FC22FC-0972-4261-99B3-226B15F00B33,2026-09-15 17:23:12.990,
8F356153-FA69-4E01-A573-5A0C2298421B,C26890,20260915,OT1_5,0,2,70FC22FC-0972-4261-99B3-226B15F00B33,2026-09-16 10:01:54.223,
2CE516CA-A5FF-47F5-8C93-244D8E6A0D5C,C26899,20260914,OT1_5,0,2,70FC22FC-0972-4261-99B3-226B15F00B33,2026-09-15 17:20:55.980,
D42635F5-E17B-44A2-A05A-DD30C6D87B23,C26899,20260915,OT1_5,0,2,70FC22FC-0972-4261-99B3-226B15F00B33,2026-09-16 09:59:37.163,
B0CFC635-A686-410B-8C30-75FB20B60860,C26901,20260914,OT1_5,0,2,70FC22FC-0972-4261-99B3-226B15F00B33,2026-09-15 17:18:01.803,
BD5BBBF2-C37E-46E8-91AE-58299E08BC01,C26901,20260915,OT1_5,0,1.5,70FC22FC-0972-4261-99B3-226B15F00B33,2026-09-16 09:56:52.697,
9748AA81-5F49-493B-9CCE-3D763FBEB258,C26902,20260914,OT1_5,0,2,70FC22FC-0972-4261-99B3-226B15F00B33,2026-09-15 17:17:56.697,
931C41C9-84FF-4933-AEC9-52F357C7B7BC,C26902,20260915,OT1_5,0,2,70FC22FC-0972-4261-99B3-226B15F00B33,2026-09-16 09:56:53.363,
DD4E8260-2736-480E-8AC6-91B523F1F235,C26905,20260914,OT1_5,0,2,70FC22FC-0972-4261-99B3-226B15F00B33,2026-09-15 17:23:11.777,
06A0EFCA-74CB-4557-A90E-F67283FA94F1,C26905,20260915,OT1_5,0,2,70FC22FC-0972-4261-99B3-226B15F00B33,2026-09-16 10:01:43.137,
05DC211D-DD47-4206-935E-54D73D4914FC,C26965,20260914,OT1_5,0,2,70FC22FC-0972-4261-99B3-226B15F00B33,2026-09-15 17:21:34.980,
4A6AF821-BB51-4B2B-B19F-B5326BB5F8F6,C26965,20260915,OT1_5,0,2,70FC22FC-0972-4261-99B3-226B15F00B33,2026-09-16 10:00:13.970,
A0515A82-873B-4120-930B-7AD3259871E0,C26966,20260914,OT1_5,0,2,70FC22FC-0972-4261-99B3-226B15F00B33,2026-09-15 17:18:02.520,
539308CA-5C7E-4383-834A-1A2A302C93B4,C26981,20260914,OT1_5,0,2,70FC22FC-0972-4261-99B3-226B15F00B33,2026-09-15 17:16:58.697,
B12A20C8-FBC5-4FC5-B18B-6B3CB4DC4447,C26981,20260915,OT1_5,0,2,70FC22FC-0972-4261-99B3-226B15F00B33,2026-09-16 09:56:11.830,
D57B2771-B971-46FF-B8F1-097B94A85CBF,C26985,20260914,OT1_5,0,2,70FC22FC-0972-4261-99B3-226B15F00B33,2026-09-15 17:23:13.683,
DD1CFC1C-1314-4DCD-925B-A65F4CDA3D41,C26985,20260915,OT1_5,0,2,70FC22FC-0972-4261-99B3-226B15F00B33,2026-09-16 10:01:54.533,
B887E8D3-C29A-47AA-8842-9535F3C44511,C27028,20260914,OT1_5,0,2,70FC22FC-0972-4261-99B3-226B15F00B33,2026-09-15 17:16:58.720,
F275BAA7-AEEE-435B-B068-857A77696510,C27028,20260915,OT1_5,0,2,70FC22FC-0972-4261-99B3-226B15F00B33,2026-09-16 09:56:11.590,
56A8C6ED-742C-41CF-9D0F-438573A0207D,C27034,20260914,OT1_5,0,2.5,70FC22FC-0972-4261-99B3-226B15F00B33,2026-09-15 17:18:11.590,
3BE598F6-B232-43B5-9115-7783050BE3FA,C27034,20260915,OT1_5,0,2.5,70FC22FC-0972-4261-99B3-226B15F00B33,2026-09-16 09:56:59.167,
F7DB4AF5-B4D3-4BBC-B26B-AD76A9B82251,C27044,20260915,OT1_5,0,3.5,70FC22FC-0972-4261-99B3-226B15F00B33,2026-09-16 09:57:39.483,
524357B3-992E-42E9-ADF0-C6DA3B4A38AD,C27070,20260915,OT1_5,0,3.5,70FC22FC-0972-4261-99B3-226B15F00B33,2026-09-16 09:57:39.600,
0359054D-A53C-4B99-8C2C-810824751DBF,C27071,20260914,OT1_5,0,2,70FC22FC-0972-4261-99B3-226B15F00B33,2026-09-15 17:20:54.383,
B36FA007-719B-4D25-BF08-69671C1AAF18,C27071,20260915,OT1_5,0,2,70FC22FC-0972-4261-99B3-226B15F00B33,2026-09-16 09:59:35.473,
1C54F425-E24E-4EBE-B471-75205274F769,C27073,20260914,OT1_5,0,3.5,70FC22FC-0972-4261-99B3-226B15F00B33,2026-09-15 17:18:57.413,
1789F5BD-D496-460B-9C5C-B39BD1B05410,C27073,20260915,OT1_5,0,3.5,70FC22FC-0972-4261-99B3-226B15F00B33,2026-09-16 09:57:39.703,
D922E3B4-9AB0-467C-B53E-A4EF89EBD71B,C27075,20260914,OT1_5,0,2,70FC22FC-0972-4261-99B3-226B15F00B33,2026-09-15 17:17:56.407,
00DAB2FF-8B5F-4B2F-B597-40B83A69CC77,C27075,20260915,OT1_5,0,2,70FC22FC-0972-4261-99B3-226B15F00B33,2026-09-16 09:56:53.980,
F082D7D3-FD71-4C0C-826B-B04D3152CF7B,C27087,20260914,OT1_5,0,2,70FC22FC-0972-4261-99B3-226B15F00B33,2026-09-15 17:18:10.460,
E84281FB-FA85-413D-A542-D5AB1B24603F,C27088,20260915,OT1_5,0,2,70FC22FC-0972-4261-99B3-226B15F00B33,2026-09-16 10:01:44.450,
F3BFCC00-DF6D-41E4-AD0D-3CCFC4A95D2C,C27090,20260914,OT1_5,0,2,70FC22FC-0972-4261-99B3-226B15F00B33,2026-09-15 17:20:56.313,
4651428E-BA06-4A23-AC6B-8B0ACD56881B,C27090,20260915,OT1_5,0,2,70FC22FC-0972-4261-99B3-226B15F00B33,2026-09-16 09:59:34.057,
2FC7DEF4-5EB0-4E0A-88E0-EAA7C0748AE3,C27094,20260914,OT1_5,0,2,70FC22FC-0972-4261-99B3-226B15F00B33,2026-09-15 17:20:49.977,
3EC4BCCC-F8E9-4825-9AEC-83941EB0D02E,C27094,20260915,OT1_5,0,2,70FC22FC-0972-4261-99B3-226B15F00B33,2026-09-16 09:59:33.193,
76145798-72DE-4B0B-B0D4-18BC41CDECDB,C27095,20260914,OT1_5,0,2,70FC22FC-0972-4261-99B3-226B15F00B33,2026-09-15 17:20:48.957,
4523B986-E03A-4E3C-B5F5-DA5CAB688E73,C27095,20260915,OT1_5,0,2,70FC22FC-0972-4261-99B3-226B15F00B33,2026-09-16 09:59:33.553,
54666700-0FB7-4B09-8518-5ED1999D78BF,C27096,20260914,OT1_5,0,2,70FC22FC-0972-4261-99B3-226B15F00B33,2026-09-15 17:21:34.950,
FF7F65E3-E027-4EB7-811C-21A94AA61604,C27096,20260915,OT1_5,0,2,70FC22FC-0972-4261-99B3-226B15F00B33,2026-09-16 10:00:13.980,
3B814AC9-4688-476A-9F0D-5B8A36864C34,C27098,20260914,OT1_5,0,3.5,70FC22FC-0972-4261-99B3-226B15F00B33,2026-09-15 17:18:57.507,
881808B0-D59D-4162-82D4-3BEB2474B1D0,C27098,20260915,OT1_5,0,3.5,70FC22FC-0972-4261-99B3-226B15F00B33,2026-09-16 09:57:39.717,
868259FB-B8F6-4AE4-97B5-18961A517170,C27102,20260914,OT1_5,0,2,70FC22FC-0972-4261-99B3-226B15F00B33,2026-09-15 17:22:22.050,
7BC62897-3947-4989-AC90-CDEBCFB36A26,C27102,20260915,OT1_5,0,2,70FC22FC-0972-4261-99B3-226B15F00B33,2026-09-16 10:01:12.823,
6FA55DAB-3503-44F0-8039-E8526DC8209B,C27103,20260914,OT1_5,0,2,70FC22FC-0972-4261-99B3-226B15F00B33,2026-09-15 17:22:22.100,
54BEA38C-18AF-488B-AEB8-29AE5374F8C0,C27103,20260915,OT1_5,0,2,70FC22FC-0972-4261-99B3-226B15F00B33,2026-09-16 10:01:12.833,
ED694A40-B33B-4B80-AD49-28BCE95220B4,C27107,20260914,OT1_5,0,2,70FC22FC-0972-4261-99B3-226B15F00B33,2026-09-15 17:23:18.340,
A3A99D30-D0AA-4B39-909E-3AB891189A0D,C27107,20260915,OT1_5,0,2,70FC22FC-0972-4261-99B3-226B15F00B33,2026-09-16 10:01:56.657,
44142506-2501-49BB-8D8A-83F53E61B266,C27108,20260914,OT1_5,0,2,70FC22FC-0972-4261-99B3-226B15F00B33,2026-09-15 17:23:03.677,
2300240C-9888-4F8C-865B-B60719BD9353,C27108,20260915,OT1_5,0,2,70FC22FC-0972-4261-99B3-226B15F00B33,2026-09-16 10:01:56.637,
7B793B5D-8671-4CC9-B27C-3A2B617F7F45,C27161,20260914,OT1_5,0,2,70FC22FC-0972-4261-99B3-226B15F00B33,2026-09-15 17:23:08.000,
A00FA3F4-9A8E-4034-B046-891850954262,C27161,20260915,OT1_5,0,2,70FC22FC-0972-4261-99B3-226B15F00B33,2026-09-16 10:01:49.530,
5DA4B09A-5761-49B1-BF5B-3C0DA429242A,C27173,20260914,OT1_5,0,2,70FC22FC-0972-4261-99B3-226B15F00B33,2026-09-15 17:23:15.840,
CADCFAEA-E6B8-49A4-BCC2-47356405148A,C27173,20260915,OT1_5,0,2,70FC22FC-0972-4261-99B3-226B15F00B33,2026-09-16 10:01:53.500,
360B1CAA-6571-4326-BCA4-C82C0CB6CC85,C27205,20260914,OT1_5,0,2,70FC22FC-0972-4261-99B3-226B15F00B33,2026-09-15 17:18:08.680,
6524036C-34C9-400F-918E-2FC15C295BAD,C27205,20260915,OT1_5,0,2,70FC22FC-0972-4261-99B3-226B15F00B33,2026-09-16 09:56:57.743,
E4C5A964-9E8D-4220-B0C0-D8B1D1E9B2F2,C27271,20260914,OT1_5,0,2,70FC22FC-0972-4261-99B3-226B15F00B33,2026-09-15 17:23:16.343,
8945CA67-8239-4C64-8B09-C9FE574987F6,C27271,20260915,OT1_5,0,2,70FC22FC-0972-4261-99B3-226B15F00B33,2026-09-16 10:01:55.220,
DD70789A-5DEE-4FEB-B028-93EA863B14CF,C27276,20260914,OT1_5,0,2,70FC22FC-0972-4261-99B3-226B15F00B33,2026-09-15 17:21:34.880,
4F3E0EBB-35DD-46AF-97D6-026C1B655323,C27276,20260915,OT1_5,0,2,70FC22FC-0972-4261-99B3-226B15F00B33,2026-09-16 10:00:13.233,
D094395B-0C61-4D8D-AD28-BE8D6BB33DD0,C27285,20260914,OT1_5,0,2,70FC22FC-0972-4261-99B3-226B15F00B33,2026-09-15 17:18:11.333,
2AF45ABB-8BAC-4DD4-BABB-FD347934E6FD,C27287,20260914,OT1_5,0,2,70FC22FC-0972-4261-99B3-226B15F00B33,2026-09-15 17:23:17.867,
EBC5E1A1-1579-4598-AB3B-88F2D919810D,C27287,20260915,OT1_5,0,2,70FC22FC-0972-4261-99B3-226B15F00B33,2026-09-16 10:01:56.627,
4267DEAC-AAFA-41D9-90D0-29B669EF14B6,C27290,20260914,OT1_5,0,2,70FC22FC-0972-4261-99B3-226B15F00B33,2026-09-15 17:20:50.237,
3DC4DBEC-FF77-45EC-8B75-504DB8F883B3,C27290,20260915,OT1_5,0,2,70FC22FC-0972-4261-99B3-226B15F00B33,2026-09-16 09:59:33.523,
742E4918-C63A-4CED-A957-7109902DCC86,C27306,20260914,OT1_5,0,2,70FC22FC-0972-4261-99B3-226B15F00B33,2026-09-15 17:23:14.233,
9259E47C-E733-414C-8583-C3ACE5B80CD3,C27306,20260915,OT1_5,0,2,70FC22FC-0972-4261-99B3-226B15F00B33,2026-09-16 10:01:52.737,
85373E04-EEBE-49D4-9376-398FCEEF8327,C27338,20260914,OT1_5,0,2,70FC22FC-0972-4261-99B3-226B15F00B33,2026-09-15 17:18:05.320,
B85660BB-D6BC-441C-AC71-7C6FEAE245B1,C27338,20260915,OT1_5,0,2,70FC22FC-0972-4261-99B3-226B15F00B33,2026-09-16 09:56:56.283,
B3886330-213D-43AD-BF72-CD101F7FBEA0,C27349,20260915,OT1_5,0,2,70FC22FC-0972-4261-99B3-226B15F00B33,2026-09-16 09:59:30.797,
55D2DED2-C00F-4C6C-B1F9-37204B6DB396,C27367,20260914,OT1_5,0,2,70FC22FC-0972-4261-99B3-226B15F00B33,2026-09-15 17:16:58.733,
949FEE37-3DE2-428F-9938-3B11113DAF50,C27367,20260915,OT1_5,0,2,70FC22FC-0972-4261-99B3-226B15F00B33,2026-09-16 09:56:11.510,
5753E41B-37E2-4483-979D-CDD9208BEC1E,C27396,20260914,OT1_5,0,2,70FC22FC-0972-4261-99B3-226B15F00B33,2026-09-15 17:20:50.027,
34D7FA0E-E789-4D6B-AAD3-29785E155F44,C27396,20260915,OT1_5,0,2,70FC22FC-0972-4261-99B3-226B15F00B33,2026-09-16 09:59:36.130,
D9832F45-65EE-4047-BB1A-6005A7171DCC,C27428,20260914,OT1_5,0,2,70FC22FC-0972-4261-99B3-226B15F00B33,2026-09-15 17:17:56.030,
E7E04293-9E98-4006-9D59-88658B809E9F,C27428,20260915,OT1_5,0,2,70FC22FC-0972-4261-99B3-226B15F00B33,2026-09-16 09:56:53.680,
F212977E-E8C7-4521-9398-C1540D41BE69,C27442,20260914,OT1_5,0,2,70FC22FC-0972-4261-99B3-226B15F00B33,2026-09-15 17:17:53.727,
EFA37763-A040-47EC-8F0F-F1D9633C927D,C27442,20260915,OT1_5,0,2,70FC22FC-0972-4261-99B3-226B15F00B33,2026-09-16 09:56:53.480,
FC8F4AD2-014A-4B0E-8E22-110729892676,C27443,20260914,OT1_5,0,2,70FC22FC-0972-4261-99B3-226B15F00B33,2026-09-15 17:17:54.723,
2A5E5BCF-2D38-4092-9FAF-E2E0FE5F2CAD,C27443,20260915,OT1_5,0,2,70FC22FC-0972-4261-99B3-226B15F00B33,2026-09-16 09:56:53.057,
A8A162D5-954B-4EF3-9946-81814AD30209,C27444,20260914,OT1_5,0,2,70FC22FC-0972-4261-99B3-226B15F00B33,2026-09-15 17:18:03.520,
298F169B-50F8-4E0E-91F1-B6CF1DBF3259,C27444,20260915,OT1_5,0,2,70FC22FC-0972-4261-99B3-226B15F00B33,2026-09-16 09:56:56.620,
3E1AA743-9D9C-4121-BBC0-213BAA49E5BD,C27451,20260914,OT1_5,0,2,70FC22FC-0972-4261-99B3-226B15F00B33,2026-09-15 17:23:16.623,
F1131305-2D15-4677-B83E-201A319A8192,C27451,20260915,OT1_5,0,2,70FC22FC-0972-4261-99B3-226B15F00B33,2026-09-16 10:01:55.617,
CD543864-F1C7-4B56-97BC-8404ACAF1A6D,C27521,20260914,OT1_5,0,2,70FC22FC-0972-4261-99B3-226B15F00B33,2026-09-15 17:18:08.770,
33FB0EDE-4477-4611-9A9C-CB6E88D9F805,C27521,20260915,OT1_5,0,2,70FC22FC-0972-4261-99B3-226B15F00B33,2026-09-16 09:56:57.197,
7ACEFB1F-7010-4223-A1F2-DDE4EB60C327,C27561,20260914,OT1_5,0,2,70FC22FC-0972-4261-99B3-226B15F00B33,2026-09-15 17:23:09.473,
CDBEC89A-B656-4877-B7C3-2EC2A1FCD3FD,C27561,20260915,OT1_5,0,2,70FC22FC-0972-4261-99B3-226B15F00B33,2026-09-16 10:01:47.000,
D3048B9A-ED01-4427-B16C-73E7403376A2,C27692,20260914,OT1_5,0,2,70FC22FC-0972-4261-99B3-226B15F00B33,2026-09-15 17:23:18.170,
FC0AC7D9-6BB3-4D7A-AE12-108526EE226A,C27692,20260915,OT1_5,0,2,70FC22FC-0972-4261-99B3-226B15F00B33,2026-09-16 10:01:56.647,
1385E2DA-7FD1-4FCC-8302-181D8BEB5D7B,C27860,20260914,OT1_5,0,2,70FC22FC-0972-4261-99B3-226B15F00B33,2026-09-15 17:23:11.763,
9014A553-ADF3-4817-830F-9EA3AC20C0D1,C27860,20260915,OT1_5,0,2,70FC22FC-0972-4261-99B3-226B15F00B33,2026-09-16 10:01:53.980,
5EC2B48C-97A4-40C6-8A76-FCFD38B3432D,C27866,20260914,OT1_5,0,1,70FC22FC-0972-4261-99B3-226B15F00B33,2026-09-15 17:23:00.880,
A17C6547-1F4A-40D2-9FF2-D8DACD4392FE,C27866,20260915,OT1_5,0,2,70FC22FC-0972-4261-99B3-226B15F00B33,2026-09-16 10:01:56.147,
D4706735-2E36-4994-B40E-23346C9AC3A3,C27911,20260914,OT1_5,0,2,70FC22FC-0972-4261-99B3-226B15F00B33,2026-09-15 17:23:16.833,
21455313-0057-4BCA-8875-AAC57ACBD0B3,C27932,20260914,OT1_5,0,2,70FC22FC-0972-4261-99B3-226B15F00B33,2026-09-15 17:21:36.663,
FA4CF8AD-447E-42E0-A3EB-D991CCA8403B,C27932,20260915,OT1_5,0,2,70FC22FC-0972-4261-99B3-226B15F00B33,2026-09-16 10:00:12.900,
CD070058-BBE6-443E-96A8-0DF3574344DB,C27966,20260914,OT1_5,0,2,70FC22FC-0972-4261-99B3-226B15F00B33,2026-09-15 17:23:15.907,
FA91FACB-8343-4118-A5E8-8836F4946604,C27966,20260915,OT1_5,0,2,70FC22FC-0972-4261-99B3-226B15F00B33,2026-09-16 10:01:54.553,
A4C5BEA6-102E-48E0-A478-5622628B1B80,C27967,20260914,OT1_5,0,2,70FC22FC-0972-4261-99B3-226B15F00B33,2026-09-15 17:23:15.920,
1FD333F1-2028-4317-8363-7684440191AF,C27967,20260915,OT1_5,0,2,70FC22FC-0972-4261-99B3-226B15F00B33,2026-09-16 10:01:54.573,
42117F30-EA4D-4569-AADD-483BE337397A,C27976,20260914,OT1_5,0,2,70FC22FC-0972-4261-99B3-226B15F00B33,2026-09-15 17:23:17.610,
C5F4410C-4FA4-4C97-8D36-CAD56780AD84,C27976,20260915,OT1_5,0,2,70FC22FC-0972-4261-99B3-226B15F00B33,2026-09-16 10:01:56.280,
C0D6C8F9-236B-40F4-9A14-4FD97832489D,C28024,20260914,OT1_5,0,2,70FC22FC-0972-4261-99B3-226B15F00B33,2026-09-15 17:18:06.183,
57ABAEFB-9090-4F96-8E6C-8AF08E6D9C75,C28024,20260915,OT1_5,0,2,70FC22FC-0972-4261-99B3-226B15F00B33,2026-09-16 09:56:57.127,
2E132A1B-F868-4C24-A543-8F52C16D4DDC,C28098,20260914,OT1_5,0,2,70FC22FC-0972-4261-99B3-226B15F00B33,2026-09-15 17:20:48.903,
0BA82026-26E5-4DFC-A30A-0802A9496D45,C28098,20260915,OT1_5,0,2,70FC22FC-0972-4261-99B3-226B15F00B33,2026-09-16 09:59:36.090,
7D4E0464-9085-48A2-9C66-13015DAF2F7C,C28101,20260914,OT1_5,0,2,70FC22FC-0972-4261-99B3-226B15F00B33,2026-09-15 17:20:42.897,
55B6B868-FAE3-40BF-8475-305F43D5C7CD,C28185,20260915,OT1_5,0,2,70FC22FC-0972-4261-99B3-226B15F00B33,2026-09-16 10:01:54.233,
2258093C-4FC0-41CE-A6FB-35F942654F73,C28203,20260914,OT1_5,0,2,70FC22FC-0972-4261-99B3-226B15F00B33,2026-09-15 17:20:57.860,
E520F46D-A4C7-4792-B709-D16743C785C1,C28203,20260915,OT1_5,0,2,70FC22FC-0972-4261-99B3-226B15F00B33,2026-09-16 09:59:37.400,
2A2C4CBA-3DDC-4C8F-B59E-37AB5F8B4E92,C28206,20260914,OT1_5,0,2,70FC22FC-0972-4261-99B3-226B15F00B33,2026-09-15 17:23:06.783,
1498DBA1-D913-42D8-A371-BB678D230635,C28206,20260915,OT1_5,0,2,70FC22FC-0972-4261-99B3-226B15F00B33,2026-09-16 10:01:44.207,
025711DE-96CF-4E30-90C3-D986C19200F2,C28240,20260914,OT1_5,0,2,70FC22FC-0972-4261-99B3-226B15F00B33,2026-09-15 17:17:56.927,
0A3D657D-6DCA-440E-8D8B-919D9B0EB14F,C28240,20260915,OT1_5,0,2,70FC22FC-0972-4261-99B3-226B15F00B33,2026-09-16 09:56:55.307,
4118F991-D882-40E1-8B9F-1F34C4B86F31,C28257,20260914,OT1_5,0,2,70FC22FC-0972-4261-99B3-226B15F00B33,2026-09-15 17:18:10.723,
DCD7D9A2-45D3-4BB1-B801-774435825E29,C28258,20260914,OT1_5,0,2,70FC22FC-0972-4261-99B3-226B15F00B33,2026-09-15 17:20:58.590,
87858DC2-B4D0-4B4E-A093-BD7666D34898,C28262,20260914,OT1_5,0,2,70FC22FC-0972-4261-99B3-226B15F00B33,2026-09-15 17:18:04.270,
C2F2D1BB-218B-4A9B-9462-8C5709079750,C28262,20260915,OT1_5,0,2,70FC22FC-0972-4261-99B3-226B15F00B33,2026-09-16 09:56:55.467,
8A777D91-6814-4FEC-9EA6-F59B248A8E7D,C28289,20260914,OT1_5,0,2,70FC22FC-0972-4261-99B3-226B15F00B33,2026-09-15 17:18:10.620,
F5292B1A-6349-4FA7-A63F-2FBBC18C54AF,C28289,20260915,OT1_5,0,2,70FC22FC-0972-4261-99B3-226B15F00B33,2026-09-16 09:56:57.940,
2AA52843-42F0-4C7D-9486-69256453385F,C28315,20260914,OT1_5,0,2,70FC22FC-0972-4261-99B3-226B15F00B33,2026-09-15 17:23:59.033,
44F02CFE-9942-488B-9EF4-D2C6387158DA,C28315,20260915,OT1_5,0,2,70FC22FC-0972-4261-99B3-226B15F00B33,2026-09-16 10:02:22.050,
89DCD88C-A873-49F2-B379-C4F2AC10EC24,C28327,20260914,OT1_5,0,2,70FC22FC-0972-4261-99B3-226B15F00B33,2026-09-15 17:23:13.720,
49A43149-E7DD-4A72-8AB4-9E4E4679BAFF,C28327,20260915,OT1_5,0,2,70FC22FC-0972-4261-99B3-226B15F00B33,2026-09-16 10:01:53.490,
0E3337D6-662E-4180-A47F-0D160D7EA989,C28334,20260914,OT1_5,0,2,70FC22FC-0972-4261-99B3-226B15F00B33,2026-09-15 17:18:10.953,
44EC3A7F-FF31-4909-B769-CCA443BA8CA3,C28334,20260915,OT1_5,0,2,70FC22FC-0972-4261-99B3-226B15F00B33,2026-09-16 09:56:58.523,
633A5126-1A8D-4768-B75A-9CA41F0AA87F,C28338,20260914,OT1_5,0,2,70FC22FC-0972-4261-99B3-226B15F00B33,2026-09-15 17:18:05.813,
215F3816-346E-49C4-9EFD-E41D6B4434EB,C28338,20260915,OT1_5,0,1.5,70FC22FC-0972-4261-99B3-226B15F00B33,2026-09-16 09:56:52.650,
F826C7BD-C8CA-448D-9678-F6BC873FA807,C28396,20260914,OT1_5,0,2,70FC22FC-0972-4261-99B3-226B15F00B33,2026-09-15 17:21:00.047,
FB6F4FD2-0556-451F-9C2C-BE3468DF5BC5,C28396,20260915,OT1_5,0,2,70FC22FC-0972-4261-99B3-226B15F00B33,2026-09-16 09:59:35.173,
62F0065A-2799-4DD4-84AB-903263351F7D,C28431,20260914,OT1_5,0,2,70FC22FC-0972-4261-99B3-226B15F00B33,2026-09-15 17:20:51.620,
34E79112-9927-44BF-83FB-22879C718CE6,C28459,20260914,OT1_5,0,2,70FC22FC-0972-4261-99B3-226B15F00B33,2026-09-15 17:18:12.943,
BA9ABFB1-C886-46DA-B2A1-E917EBD235C8,C28459,20260915,OT1_5,0,2,70FC22FC-0972-4261-99B3-226B15F00B33,2026-09-16 09:56:53.550,
6235D922-1A33-48C4-8ADE-8E4ACE2C15DC,C28489,20260914,OT1_5,0,2,70FC22FC-0972-4261-99B3-226B15F00B33,2026-09-15 17:17:55.597,
A9F698C9-A436-49E5-97AA-0FE1CB78D9AC,C28489,20260915,OT1_5,0,2,70FC22FC-0972-4261-99B3-226B15F00B33,2026-09-16 09:56:53.037,
A2945A07-54B4-478E-AE1C-B8BE705297AF,C28492,20260914,OT1_5,0,2,70FC22FC-0972-4261-99B3-226B15F00B33,2026-09-15 17:17:54.737,
03A24517-3317-45AA-888E-0A7E88432821,C28492,20260915,OT1_5,0,2,70FC22FC-0972-4261-99B3-226B15F00B33,2026-09-16 09:56:54.900,
461F5E68-480B-4718-B3F7-23B007C9D9D1,C28503,20260914,OT1_5,0,2,70FC22FC-0972-4261-99B3-226B15F00B33,2026-09-15 17:18:10.783,
E0556B8A-53E8-4F37-8792-BEF156892C89,C28503,20260915,OT1_5,0,2,70FC22FC-0972-4261-99B3-226B15F00B33,2026-09-16 09:56:57.860,
D2D5E84C-5310-4001-A46A-859B7C15A988,C28522,20260914,nOT1_5,0,14.5,70FC22FC-0972-4261-99B3-226B15F00B33,2026-09-16 07:57:09.403,NULL
9E3334BF-311F-413F-AAF0-148C02AD01D6,C28528,20260914,OT1_5,0,2,70FC22FC-0972-4261-99B3-226B15F00B33,2026-09-15 17:23:01.217,
6741CC4D-456A-40B5-8D94-357BBA5EB5CF,C28528,20260915,OT1_5,0,2,70FC22FC-0972-4261-99B3-226B15F00B33,2026-09-16 10:01:43.613,
84894856-B363-4AD1-B40B-44FB2EF1E981,C28530,20260914,OT1_5,0,2,70FC22FC-0972-4261-99B3-226B15F00B33,2026-09-15 17:23:13.550,
EBC46027-7A9A-4E40-BA78-A744F940FC9E,C28530,20260915,OT1_5,0,2,70FC22FC-0972-4261-99B3-226B15F00B33,2026-09-16 10:01:52.323,
102BFE13-B127-4C8C-9E99-D820F68DD507,C28536,20260914,OT1_5,0,2,70FC22FC-0972-4261-99B3-226B15F00B33,2026-09-15 17:23:14.267,
73B1397F-1BBD-4066-A73D-681E342B5A3D,C28536,20260915,OT1_5,0,2,70FC22FC-0972-4261-99B3-226B15F00B33,2026-09-16 10:01:55.180,
EBAF02BE-8246-468E-A148-31F4F88AE9E6,C28537,20260914,OT1_5,0,2,70FC22FC-0972-4261-99B3-226B15F00B33,2026-09-15 17:18:05.573,
EBE3B7E2-1701-45D2-A4B6-3DD71D37428A,C28537,20260915,OT1_5,0,2,70FC22FC-0972-4261-99B3-226B15F00B33,2026-09-16 09:56:57.260,
4F9931B1-ABDF-48D1-90A5-60792F467A94,C28556,20260914,OT1_5,0,2,70FC22FC-0972-4261-99B3-226B15F00B33,2026-09-15 17:23:02.513,
400954B5-E263-42E7-BECF-AFA3BFFADFD3,C28557,20260914,OT1_5,0,2,70FC22FC-0972-4261-99B3-226B15F00B33,2026-09-15 17:23:06.473,
55B54C7A-B9D6-4860-9A0A-707A8DF8AAB0,C28557,20260915,OT1_5,0,2,70FC22FC-0972-4261-99B3-226B15F00B33,2026-09-16 10:01:44.943,
F5FC0034-2718-4214-B73D-444076B82F67,C28589,20260914,OT1_5,0,2,70FC22FC-0972-4261-99B3-226B15F00B33,2026-09-15 17:20:52.143,
81AF1489-FFF1-43B8-A44F-EBB37367F066,C28589,20260915,OT1_5,0,2,70FC22FC-0972-4261-99B3-226B15F00B33,2026-09-16 09:59:33.907,
31706DA5-459B-4D7F-9B70-86F6277B812C,C28683,20260914,OT1_5,0,2,70FC22FC-0972-4261-99B3-226B15F00B33,2026-09-15 17:18:11.043,
B004E3DD-053F-4D48-B5C2-B9EE7E38AED8,C28683,20260915,OT1_5,0,2,70FC22FC-0972-4261-99B3-226B15F00B33,2026-09-16 09:56:58.383,
42AEAC41-E822-4B91-8ADA-2022C11EAAD5,C28688,20260914,OT1_5,0,2,70FC22FC-0972-4261-99B3-226B15F00B33,2026-09-15 17:20:41.830,
31E712B0-D24F-467C-B622-2953F8E73BC0,C28688,20260915,OT1_5,0,2,70FC22FC-0972-4261-99B3-226B15F00B33,2026-09-16 09:59:29.730,
F389D308-246F-4AEB-B1A0-D88431F1B72C,C28750,20260914,OT1_5,0,2,70FC22FC-0972-4261-99B3-226B15F00B33,2026-09-15 17:17:56.597,
E09EFDC5-B73D-4C2F-ADBB-94EA909DF918,C28750,20260915,OT1_5,0,1.5,70FC22FC-0972-4261-99B3-226B15F00B33,2026-09-16 09:56:52.723,
DFB98EF9-F789-4A98-9C7B-2D9E2060370F,C28817,20260914,OT1_5,0,2,70FC22FC-0972-4261-99B3-226B15F00B33,2026-09-15 17:16:58.750,
C71D2388-47D5-4C34-AD9B-E2771E56A165,C28817,20260915,OT1_5,0,2,70FC22FC-0972-4261-99B3-226B15F00B33,2026-09-16 09:56:11.560,
7B97780E-0D28-432E-A287-E465857854DE,C28834,20260914,OT1_5,0,2,70FC22FC-0972-4261-99B3-226B15F00B33,2026-09-15 17:20:57.937,
89F7BEE5-7C97-47F1-93F9-22C885E9F17C,C28834,20260915,OT1_5,0,2,70FC22FC-0972-4261-99B3-226B15F00B33,2026-09-16 09:59:36.413,
E01F7398-BA55-4114-9C99-5FC6A1927E6A,C28873,20260915,OT1_5,0,1.5,70FC22FC-0972-4261-99B3-226B15F00B33,2026-09-16 10:00:14.183,
FE63E35B-D18D-4B05-92CD-2ED659048C48,C28875,20260914,OT1_5,0,2,70FC22FC-0972-4261-99B3-226B15F00B33,2026-09-15 17:18:09.027,
36A1EDB6-9C81-40FE-9EF1-3889E6F2DD3E,C28875,20260915,OT1_5,0,2,70FC22FC-0972-4261-99B3-226B15F00B33,2026-09-16 09:56:57.990,
874046E8-A300-42E1-880E-138F502E9C2E,C28883,20260914,OT1_5,0,2,70FC22FC-0972-4261-99B3-226B15F00B33,2026-09-15 17:17:59.840,
60D3333E-6B9F-4363-868C-DDCF671C1317,C28916,20260914,OT1_5,0,2,70FC22FC-0972-4261-99B3-226B15F00B33,2026-09-15 17:22:21.883,
B62C0446-F994-4A4D-AD27-22B55DD3C1F6,C28916,20260915,OT1_5,0,2,70FC22FC-0972-4261-99B3-226B15F00B33,2026-09-16 10:01:12.927,
29F11740-18B8-4FF8-99E2-1F2C56D08495,C28966,20260914,OT1_5,0,2,70FC22FC-0972-4261-99B3-226B15F00B33,2026-09-15 17:18:06.747,
A82F9B86-9620-4F8F-B0C4-655CB329BA95,C28967,20260914,OT1_5,0,2,70FC22FC-0972-4261-99B3-226B15F00B33,2026-09-15 17:18:11.270,
397AE428-769F-4261-A8E8-F9A56ABAEA6B,C29025,20260914,OT1_5,0,2,70FC22FC-0972-4261-99B3-226B15F00B33,2026-09-15 17:18:05.540,
DAF0CCF6-6561-4847-9AD8-2507935FE779,C29025,20260915,OT1_5,0,2,70FC22FC-0972-4261-99B3-226B15F00B33,2026-09-16 09:56:56.367,
F228619C-3B0C-42F0-B36A-F855B7603200,C29110,20260914,OT1_5,0,2,70FC22FC-0972-4261-99B3-226B15F00B33,2026-09-15 17:17:56.213,
B5AD035F-0645-49AC-8F69-D6C16E4000F4,C29110,20260915,OT1_5,0,2,70FC22FC-0972-4261-99B3-226B15F00B33,2026-09-16 09:56:53.960,
4FC33AEF-13E5-4B74-B01A-6DD926B12245,C29115,20260914,OT1_5,0,2,70FC22FC-0972-4261-99B3-226B15F00B33,2026-09-15 17:18:00.850,
350832F8-9C74-4565-B4A6-2ABBB83320C1,C29115,20260915,OT1_5,0,2,70FC22FC-0972-4261-99B3-226B15F00B33,2026-09-16 09:56:54.043,
2F1BDEC4-AA0B-4288-9382-610155A9F123,C29124,20260914,OT1_5,0,2,70FC22FC-0972-4261-99B3-226B15F00B33,2026-09-15 17:23:13.020,
44F96DF4-01C6-4624-91F2-FEF9139E68C8,C29124,20260915,OT1_5,0,2,70FC22FC-0972-4261-99B3-226B15F00B33,2026-09-16 10:01:54.513,
FD53658E-2E2C-4CFC-82E3-6F072E347334,C29201,20260914,OT1_5,0,2,70FC22FC-0972-4261-99B3-226B15F00B33,2026-09-15 17:18:08.823,
BEB31165-A36A-4BE2-9A4C-5C3CD1C36178,C29201,20260915,OT1_5,0,2,70FC22FC-0972-4261-99B3-226B15F00B33,2026-09-16 09:56:57.453,
384FEE47-94B9-4FE1-B438-AFA32EC127FD,C29212,20260914,OT1_5,0,2,70FC22FC-0972-4261-99B3-226B15F00B33,2026-09-15 17:18:00.873,
FEB414E7-7B83-4F61-BBD6-A4B5E5DCB504,C29298,20260915,OT1_5,0,2,70FC22FC-0972-4261-99B3-226B15F00B33,2026-09-16 09:59:38.397,
C5A270AC-30FA-4108-86B2-27ABEBDFA9E1,C29352,20260914,OT1_5,0,2,70FC22FC-0972-4261-99B3-226B15F00B33,2026-09-15 17:20:40.200,
F096ACA2-0719-4673-8544-C7DA70F4F32B,C29352,20260915,OT1_5,0,2,70FC22FC-0972-4261-99B3-226B15F00B33,2026-09-16 09:59:28.770,
0C5D1E60-FAFA-4057-84BC-8E6E44667856,C29424,20260914,OT1_5,0,2,70FC22FC-0972-4261-99B3-226B15F00B33,2026-09-15 17:18:58.053,
65966D7D-C4AE-4290-B9FD-B6E003357895,C29424,20260915,OT1_5,0,2,70FC22FC-0972-4261-99B3-226B15F00B33,2026-09-16 09:57:40.520,
3E1B4E74-EC5C-40ED-9527-6D43B56FCC1C,C29425,20260914,OT1_5,0,2,70FC22FC-0972-4261-99B3-226B15F00B33,2026-09-15 17:21:36.830,
1607EA68-25CF-46B2-B1F7-C42BD80BC597,C29425,20260915,OT1_5,0,2,70FC22FC-0972-4261-99B3-226B15F00B33,2026-09-16 10:00:13.897,
A5F398B3-6352-4A61-A957-2E92B522AC0B,C29506,20260914,OT1_5,0,2,70FC22FC-0972-4261-99B3-226B15F00B33,2026-09-15 17:20:58.003,
1C1D63AC-874A-4603-A3D7-9E6C0ADDA3A5,C29506,20260915,OT1_5,0,2,70FC22FC-0972-4261-99B3-226B15F00B33,2026-09-16 09:59:38.980,
4BB38181-28CE-445B-A439-678616FFE618,C29511,20260914,OT1_5,0,2,70FC22FC-0972-4261-99B3-226B15F00B33,2026-09-15 17:18:08.757,
F16E0B4F-2A70-4559-927E-24B01E2EBABA,C29511,20260915,OT1_5,0,2,70FC22FC-0972-4261-99B3-226B15F00B33,2026-09-16 09:56:57.673,
402FA2FF-2FAA-4BDC-90C8-CD7AA7B54CEC,C29582,20260914,OT1_5,0,2,70FC22FC-0972-4261-99B3-226B15F00B33,2026-09-15 17:21:34.803,
DB7E8EAC-1985-4100-8B12-21998728E372,C29582,20260915,OT1_5,0,2,70FC22FC-0972-4261-99B3-226B15F00B33,2026-09-16 10:00:11.923,
DC0D0B1E-2AB3-43DF-8966-D8A38AF6F645,C29644,20260914,OT1_5,0,2,70FC22FC-0972-4261-99B3-226B15F00B33,2026-09-15 17:17:59.243,
712AB919-49CC-4CDF-B730-D0BDFA6BA099,C29644,20260915,OT1_5,0,2,70FC22FC-0972-4261-99B3-226B15F00B33,2026-09-16 09:56:54.730,
5A87121F-7E11-4324-803A-BA641A1F069C,C29647,20260914,OT1_5,0,2,70FC22FC-0972-4261-99B3-226B15F00B33,2026-09-15 17:22:22.077,
ED123819-14B6-4C3C-8CD4-4999C95910FD,C29647,20260915,OT1_5,0,2,70FC22FC-0972-4261-99B3-226B15F00B33,2026-09-16 10:01:12.843,
840A07D0-E806-4C17-97FB-90E0AFF0A3BD,C29662,20260914,OT1_5,0,2,70FC22FC-0972-4261-99B3-226B15F00B33,2026-09-15 17:17:54.593,
D73BEE09-7F06-4082-BF9A-B1FEE4D5D605,C29662,20260915,OT1_5,0,2,70FC22FC-0972-4261-99B3-226B15F00B33,2026-09-16 09:56:53.103,
7B6EC7AB-6B12-4E64-9026-6B848F36815F,C29671,20260914,OT1_5,0,2,70FC22FC-0972-4261-99B3-226B15F00B33,2026-09-15 17:23:07.867,
D5BA8D82-8C43-4BEB-8818-E99B3BC49002,C29671,20260915,OT1_5,0,2,70FC22FC-0972-4261-99B3-226B15F00B33,2026-09-16 10:01:44.340,
6E33EC8B-5E4E-4684-8D35-4D272DCF7699,C29681,20260914,OT1_5,0,4.5,70FC22FC-0972-4261-99B3-226B15F00B33,2026-09-15 17:20:39.437,
67C7AC19-B821-4C38-81B0-68CBBC7A0EA5,C29681,20260915,OT1_5,0,4,70FC22FC-0972-4261-99B3-226B15F00B33,2026-09-16 09:59:41.080,
0585B2DA-32B3-477F-BC47-D20C7743B8F3,C29687,20260915,OT1_5,0,2.5,70FC22FC-0972-4261-99B3-226B15F00B33,2026-09-16 09:56:59.067,
B321ED65-9FB4-4898-9AA9-B3EFF3576E7A,C29696,20260914,OT1_5,0,2,70FC22FC-0972-4261-99B3-226B15F00B33,2026-09-15 17:23:15.400,
B19F0168-3CE1-48A5-AABD-6123AD6326BD,C29713,20260915,OT1_5,0,2,70FC22FC-0972-4261-99B3-226B15F00B33,2026-09-16 10:01:56.300,
9D87822C-77C8-422E-AA10-607B32BDADFE,C29798,20260914,OT1_5,0,2,70FC22FC-0972-4261-99B3-226B15F00B33,2026-09-15 17:23:05.693,
33726C0B-47E4-434D-BCF4-1BCC724E06F9,C29798,20260915,OT1_5,0,2,70FC22FC-0972-4261-99B3-226B15F00B33,2026-09-16 10:01:44.697,
AAB9B4E6-B47D-4B29-86C0-2105ABFFF5EE,C29810,20260914,OT1_5,0,2,70FC22FC-0972-4261-99B3-226B15F00B33,2026-09-15 17:20:50.810,
FB343F54-FD51-4803-8118-8945433488B5,C29810,20260915,OT1_5,0,2,70FC22FC-0972-4261-99B3-226B15F00B33,2026-09-16 09:59:32.743,
68E1E4C3-F8FE-4296-975A-39A33E5A2875,C29835,20260914,OT1_5,0,2,70FC22FC-0972-4261-99B3-226B15F00B33,2026-09-15 17:20:06.947,
611762E1-4EDA-495A-AA4E-DB65F32BB14E,C29835,20260915,OT1_5,0,2,70FC22FC-0972-4261-99B3-226B15F00B33,2026-09-16 09:58:23.013,
09B5F878-FA86-43CC-A45E-2B3283CC78ED,C29939,20260914,OT1_5,0,2,70FC22FC-0972-4261-99B3-226B15F00B33,2026-09-15 17:21:36.133,
7D96810F-1DFF-4C9E-8DE6-D1AF744D1F2A,C29939,20260915,OT1_5,0,2,70FC22FC-0972-4261-99B3-226B15F00B33,2026-09-16 10:00:12.980,
BAEB9F8B-DBCE-4984-9019-24E530563764,C29948,20260914,OT1_5,0,2,70FC22FC-0972-4261-99B3-226B15F00B33,2026-09-15 17:23:18.250,
6636A29F-BCC7-4643-A733-55A49B6A07C4,C29948,20260915,OT1_5,0,2,70FC22FC-0972-4261-99B3-226B15F00B33,2026-09-16 10:01:55.853,
E6101482-B954-48EC-9B43-21414EACC5ED,C30007,20260914,OT1_5,0,3,70FC22FC-0972-4261-99B3-226B15F00B33,2026-09-15 17:23:18.970,
6B9AD77F-4AA8-463E-947B-04A7EA1A150F,C30007,20260915,OT1_5,0,2,70FC22FC-0972-4261-99B3-226B15F00B33,2026-09-16 10:01:12.870,
83A8C4EB-A0BF-4945-9375-98A1E73D7B14,C30042,20260915,OT1_5,0,2,70FC22FC-0972-4261-99B3-226B15F00B33,2026-09-16 09:59:32.820,
5D6CB044-BAEA-4A7C-8A4F-88DD031480E0,C30053,20260914,nOT1_5,0,14.5,70FC22FC-0972-4261-99B3-226B15F00B33,2026-09-16 07:57:09.410,NULL
B1AF83D4-9276-48CE-AB2B-EB5C1B93E36C,C30053,20260915,OT1_5,0,4,70FC22FC-0972-4261-99B3-226B15F00B33,2026-09-16 09:56:59.270,
FF9C9837-7190-41BB-8656-08454DDC8568,C30072,20260914,OT1_5,0,2,70FC22FC-0972-4261-99B3-226B15F00B33,2026-09-15 17:17:57.863,
ED6299D1-429B-47F2-A67C-6E61F5A479DA,C30078,20260914,OT1_5,0,2,70FC22FC-0972-4261-99B3-226B15F00B33,2026-09-15 17:17:59.280,
CFD006C5-3D38-4B47-B081-FAEDDDA7B9C4,C30078,20260915,OT1_5,0,2,70FC22FC-0972-4261-99B3-226B15F00B33,2026-09-16 09:56:53.540,
9BF9C9A2-395E-4E8A-8F8F-CA0E61C48909,C30087,20260914,OT1_5,0,2,70FC22FC-0972-4261-99B3-226B15F00B33,2026-09-15 17:23:05.633,
4D9DAE28-B99A-476B-AA4F-3CB68F93A147,C30087,20260915,OT1_5,0,2,70FC22FC-0972-4261-99B3-226B15F00B33,2026-09-16 10:01:44.687,
28B45F0C-38D5-4F7C-8BA1-ABE893C76E32,C30091,20260914,OT1_5,0,2,70FC22FC-0972-4261-99B3-226B15F00B33,2026-09-15 17:21:35.597,
416DA1E5-56C3-4B92-B015-DC735BC2B722,C30091,20260915,OT1_5,0,1,70FC22FC-0972-4261-99B3-226B15F00B33,2026-09-16 10:00:14.223,
5A3D6AE0-6545-4579-82AD-5CBD6FB15CD2,C30098,20260914,OT1_5,0,2,70FC22FC-0972-4261-99B3-226B15F00B33,2026-09-15 17:23:09.627,
3AC72701-5BEC-4612-A0D2-D60C09390736,C30098,20260915,OT1_5,0,2,70FC22FC-0972-4261-99B3-226B15F00B33,2026-09-16 10:01:51.507,
68C5BFEB-9F98-4C69-840E-985406C60024,C30152,20260914,OT1_5,0,2,70FC22FC-0972-4261-99B3-226B15F00B33,2026-09-15 17:17:56.757,
D23B455B-900D-4629-A5DC-EA4F78FFC39B,C30164,20260914,OT1_5,0,2,70FC22FC-0972-4261-99B3-226B15F00B33,2026-09-15 17:20:57.987,
1C15DB97-F06B-47DA-BB36-D53464EFE465,C30164,20260915,OT1_5,0,2,70FC22FC-0972-4261-99B3-226B15F00B33,2026-09-16 09:59:38.897,
D4586A77-B6E6-4EA6-847B-F6D0D3AB3C37,C30167,20260914,OT1_5,0,2,70FC22FC-0972-4261-99B3-226B15F00B33,2026-09-15 17:21:05.160,
E72DFBB8-BE9E-47FB-97E5-CFFC8830E5FB,C30167,20260915,OT1_5,0,2,70FC22FC-0972-4261-99B3-226B15F00B33,2026-09-16 09:59:40.540,
132AD0BD-E983-4AF7-94FC-11E0156CE9B1,C30216,20260914,OT1_5,0,2,70FC22FC-0972-4261-99B3-226B15F00B33,2026-09-15 17:23:03.540,
FE40D307-8790-4D39-850A-84CCBD3213FC,C30216,20260915,OT1_5,0,2,70FC22FC-0972-4261-99B3-226B15F00B33,2026-09-16 10:01:43.360,
C181D760-1EA3-4978-8850-96872CDFEAE3,C30307,20260915,OT1_5,0,2,70FC22FC-0972-4261-99B3-226B15F00B33,2026-09-16 10:01:56.497,
C70AF98C-2A20-4368-A6E3-71F7C982FAF9,C30439,20260914,OT1_5,0,2,70FC22FC-0972-4261-99B3-226B15F00B33,2026-09-15 17:23:10.057,
E9287138-E3B6-4ABF-A83B-4E67961E9829,C30486,20260914,OT1_5,0,2,70FC22FC-0972-4261-99B3-226B15F00B33,2026-09-15 17:20:40.720,
6D6BDCE3-402D-46B8-9569-F3CCE76F9DF9,C30486,20260915,OT1_5,0,2,70FC22FC-0972-4261-99B3-226B15F00B33,2026-09-16 09:59:29.337,
35053E74-5187-4686-9352-01346F6304B3,C30488,20260914,OT1_5,0,2,70FC22FC-0972-4261-99B3-226B15F00B33,2026-09-15 17:23:58.637,
42287350-CB8E-4E7F-8118-3F074E42AE45,C30488,20260915,OT1_5,0,2,70FC22FC-0972-4261-99B3-226B15F00B33,2026-09-16 10:02:22.303,
85C314E1-24E4-4D26-A765-893027974608,C30507,20260914,OT1_5,0,2,70FC22FC-0972-4261-99B3-226B15F00B33,2026-09-15 17:20:06.963,
ECE872E1-43F0-43F7-B33E-33BB32663ABE,C30507,20260915,OT1_5,0,2,70FC22FC-0972-4261-99B3-226B15F00B33,2026-09-16 09:58:23.027,
D354910D-A18C-45BE-A5EA-06EAA283A3DC,C30521,20260914,OT1_5,0,2,70FC22FC-0972-4261-99B3-226B15F00B33,2026-09-15 17:20:59.573,
66FE9B3F-E929-4C3D-B019-99B3EF2A5B7C,C30521,20260915,OT1_5,0,2,70FC22FC-0972-4261-99B3-226B15F00B33,2026-09-16 09:59:35.207,
0BDD1013-79DA-471D-ACB7-32B13ADC094D,C30525,20260914,OT1_5,0,2,70FC22FC-0972-4261-99B3-226B15F00B33,2026-09-15 17:20:40.150,
1D639DF2-5858-4E79-BE34-156EDC20DDD4,C30525,20260915,OT1_5,0,2,70FC22FC-0972-4261-99B3-226B15F00B33,2026-09-16 09:59:28.830,
A75628B0-6185-494E-B0AF-F0F1D6060670,C30527,20260914,OT1_5,0,2,70FC22FC-0972-4261-99B3-226B15F00B33,2026-09-15 17:20:41.320,
5EF7DF0B-EDB8-454B-A76B-B21A42861AF9,C30527,20260915,OT1_5,0,2,70FC22FC-0972-4261-99B3-226B15F00B33,2026-09-16 09:59:29.460,
378647EC-C59B-46DE-8D4D-9EBCB601DA40,C30529,20260914,OT1_5,0,2,70FC22FC-0972-4261-99B3-226B15F00B33,2026-09-15 17:21:05.190,
FA05E8A9-BFF7-4CAE-AABD-C879B3E953F2,C30529,20260915,OT1_5,0,2,70FC22FC-0972-4261-99B3-226B15F00B33,2026-09-16 09:59:40.670,
59B4B5A8-9976-432B-B16A-EC235F8C22A0,C30531,20260914,OT1_5,0,2,70FC22FC-0972-4261-99B3-226B15F00B33,2026-09-15 17:20:41.350,
04BD4E85-4377-4D1E-AE99-4D28A56BC584,C30531,20260915,OT1_5,0,2,70FC22FC-0972-4261-99B3-226B15F00B33,2026-09-16 09:59:29.450,
8425BBAA-B0AB-41D7-866B-20038A2A0008,C30552,20260914,OT1_5,0,2,70FC22FC-0972-4261-99B3-226B15F00B33,2026-09-15 17:21:01.590,
289A20A0-CA73-4215-B2E6-2DEA7B86C531,C30552,20260915,OT1_5,0,2,70FC22FC-0972-4261-99B3-226B15F00B33,2026-09-16 09:59:40.150,
42F4E8D1-2893-4C75-A9C7-79645BDCDFD3,C30557,20260914,OT1_5,0,2,70FC22FC-0972-4261-99B3-226B15F00B33,2026-09-15 17:21:35.873,
D3CAF87B-711D-485C-AED7-824665DC72F0,C30557,20260915,OT1_5,0,2,70FC22FC-0972-4261-99B3-226B15F00B33,2026-09-16 10:00:13.840,
92621B4F-8F0D-4150-8D3B-F21DE560BB49,C30560,20260914,OT1_5,0,2,70FC22FC-0972-4261-99B3-226B15F00B33,2026-09-15 17:20:43.557,
9F6FC665-BB06-4CDF-A703-93D2AC716BE9,C30560,20260915,OT1_5,0,2,70FC22FC-0972-4261-99B3-226B15F00B33,2026-09-16 09:59:33.463,
2A71EEEB-0636-4A27-B44B-A687ACFA6C3C,C30562,20260914,OT1_5,0,2,70FC22FC-0972-4261-99B3-226B15F00B33,2026-09-15 17:20:42.997,
6BAE5696-F235-4C5E-AEDD-7734B26DE75D,C30562,20260915,OT1_5,0,2,70FC22FC-0972-4261-99B3-226B15F00B33,2026-09-16 09:59:29.720,
78258ED1-8098-489C-A28B-71A32CBBDFEE,C30569,20260914,OT1_5,0,2,70FC22FC-0972-4261-99B3-226B15F00B33,2026-09-15 17:20:47.650,
B8847A75-CF2F-4452-8426-CBAE6A2DBE7B,C30569,20260915,OT1_5,0,2,70FC22FC-0972-4261-99B3-226B15F00B33,2026-09-16 09:59:32.150,
92E960BF-D5D8-436C-8C04-0C9F25801B88,C30573,20260914,OT1_5,0,2,70FC22FC-0972-4261-99B3-226B15F00B33,2026-09-15 17:23:11.647,
06ABD854-C2E2-4730-BA09-F43C0B80E23D,C30573,20260915,OT1_5,0,2,70FC22FC-0972-4261-99B3-226B15F00B33,2026-09-16 10:01:55.330,
0B37079B-7B1D-4C64-9D45-0702DC5BC2DB,C30603,20260914,OT1_5,0,2,70FC22FC-0972-4261-99B3-226B15F00B33,2026-09-15 17:21:01.740,
5B04248F-96F8-4C69-BCE2-0838B246E9DC,C30603,20260915,OT1_5,0,2,70FC22FC-0972-4261-99B3-226B15F00B33,2026-09-16 09:59:40.220,
37F8900C-DE84-4966-BAA4-3C27827D4FD8,C30614,20260914,OT1_5,0,1.5,70FC22FC-0972-4261-99B3-226B15F00B33,2026-09-15 17:18:58.537,
B27F59FB-5C50-4D11-A581-69969FE3F3D2,C30614,20260915,OT1_5,0,3.5,70FC22FC-0972-4261-99B3-226B15F00B33,2026-09-16 09:57:39.667,
F828A833-68C5-455C-A92A-525AA0458BC2,C30615,20260915,OT1_5,0,2,70FC22FC-0972-4261-99B3-226B15F00B33,2026-09-16 09:59:33.443,
CA85F0F5-5A3A-4FDC-9AD4-F26205C34393,C30623,20260914,OT1_5,0,2,70FC22FC-0972-4261-99B3-226B15F00B33,2026-09-15 17:20:44.280,
3734AFCB-6BEA-4FDC-BC79-FE4471417C88,C30663,20260915,OT1_5,0,2,70FC22FC-0972-4261-99B3-226B15F00B33,2026-09-16 09:59:36.683,
92D25819-4DF2-4B52-8203-580A1D912364,C30665,20260914,OT1_5,0,2,70FC22FC-0972-4261-99B3-226B15F00B33,2026-09-15 17:20:57.683,
D49B219D-FEF5-46A8-A7E5-2819007779C3,C30665,20260915,OT1_5,0,2,70FC22FC-0972-4261-99B3-226B15F00B33,2026-09-16 09:59:34.227,
96669732-217D-4EB6-868E-8E0E580E4B34,C30671,20260914,OT1_5,0,2,70FC22FC-0972-4261-99B3-226B15F00B33,2026-09-15 17:22:21.937,
037C59C7-A0DB-44C5-B449-189F0223AA5D,C30671,20260915,OT1_5,0,2,70FC22FC-0972-4261-99B3-226B15F00B33,2026-09-16 10:01:12.880,
6B47F549-6707-45DD-8889-1D15D54EB7C1,C30674,20260914,OT1_5,0,3.5,70FC22FC-0972-4261-99B3-226B15F00B33,2026-09-15 17:18:57.190,
564CA612-CC86-4201-9289-7D7D84F0D556,C30674,20260915,OT1_5,0,3.5,70FC22FC-0972-4261-99B3-226B15F00B33,2026-09-16 09:57:39.753,
8CFEBDE3-3C58-416E-9D16-628CB26CE29C,C30709,20260914,OT1_5,0,2,70FC22FC-0972-4261-99B3-226B15F00B33,2026-09-15 17:21:01.067,
DC03BBDD-E70C-4534-BD0F-6D2A1069B8A6,C30709,20260915,OT1_5,0,2,70FC22FC-0972-4261-99B3-226B15F00B33,2026-09-16 09:59:38.940,
B45BD754-8559-49AB-863F-E6F734B6D9A0,C30712,20260914,OT1_5,0,2,70FC22FC-0972-4261-99B3-226B15F00B33,2026-09-15 17:20:55.580,
930BE1D2-1DEB-4005-9D0A-F43364497021,C30712,20260915,OT1_5,0,2,70FC22FC-0972-4261-99B3-226B15F00B33,2026-09-16 09:59:37.610,
9CF14209-E2EE-4AA1-9C43-E31D2660C3B8,C30724,20260914,OT1_5,0,2,70FC22FC-0972-4261-99B3-226B15F00B33,2026-09-15 17:20:48.047,
B7C4C02C-7511-4855-8AB8-02DA7B75F672,C30724,20260915,OT1_5,0,2,70FC22FC-0972-4261-99B3-226B15F00B33,2026-09-16 09:59:35.460,
B046CA92-02EE-4324-9F6C-859AC578F9AE,C30747,20260914,OT1_5,0,2,70FC22FC-0972-4261-99B3-226B15F00B33,2026-09-15 17:20:55.597,
63BA1FAE-DD5E-47D9-B9B7-D56781F0998A,C30747,20260915,OT1_5,0,2,70FC22FC-0972-4261-99B3-226B15F00B33,2026-09-16 09:59:33.307,
6108D588-6D8D-4140-A805-C628151E61A9,C30763,20260914,OT1_5,0,3.5,70FC22FC-0972-4261-99B3-226B15F00B33,2026-09-15 17:18:57.390,
6E29114E-F2B9-4BD7-8CFD-3979235484A1,C30763,20260915,OT1_5,0,3.5,70FC22FC-0972-4261-99B3-226B15F00B33,2026-09-16 09:57:39.740,
DBB8BFB9-D1FB-4814-8A08-F970BAD4A69C,C30765,20260914,OT1_5,0,3.5,70FC22FC-0972-4261-99B3-226B15F00B33,2026-09-15 17:18:57.400,
9C0702D2-CDF8-4DED-B0B0-F1E3E2DA72E9,C30765,20260915,OT1_5,0,3.5,70FC22FC-0972-4261-99B3-226B15F00B33,2026-09-16 09:57:39.513,
824B34F9-BCB6-4022-9CAA-8FE1D731BE05,C30769,20260914,OT1_5,0,2,70FC22FC-0972-4261-99B3-226B15F00B33,2026-09-15 17:22:21.917,
36C52DCD-49F2-44DF-B98E-C774FEC67581,C30769,20260915,OT1_5,0,2,70FC22FC-0972-4261-99B3-226B15F00B33,2026-09-16 10:01:12.893,
E694D14E-9F70-44F8-B094-D6D0C491ACD1,C30827,20260914,OT1_5,0,2,70FC22FC-0972-4261-99B3-226B15F00B33,2026-09-15 17:20:43.463,
681597AD-A699-444C-B2E0-6B2E8911BAF0,C30827,20260915,OT1_5,0,2,70FC22FC-0972-4261-99B3-226B15F00B33,2026-09-16 09:59:33.100,
04DCC426-5424-4175-B168-F62793E440F5,C30832,20260914,OT1_5,0,2,70FC22FC-0972-4261-99B3-226B15F00B33,2026-09-15 17:23:09.447,
21E43143-9EC4-4DA8-B5C4-808DAF33524D,C30832,20260915,OT1_5,0,2,70FC22FC-0972-4261-99B3-226B15F00B33,2026-09-16 10:01:50.240,
2DC58637-F91E-43F8-AB33-3261D7E92A01,C30836,20260914,OT1_5,0,2,70FC22FC-0972-4261-99B3-226B15F00B33,2026-09-15 17:23:07.310,
C6BD70E9-D2A4-4E68-A5C7-053E5B10CDA1,C30836,20260915,OT1_5,0,2,70FC22FC-0972-4261-99B3-226B15F00B33,2026-09-16 10:01:44.860,
05D6EF30-65BA-4095-B245-1700C038499E,C30912,20260914,OT1_5,0,2,70FC22FC-0972-4261-99B3-226B15F00B33,2026-09-15 17:23:01.487,
64416D18-FFAC-45F1-82DD-79BEC058050F,C30912,20260915,OT1_5,0,2,70FC22FC-0972-4261-99B3-226B15F00B33,2026-09-16 10:01:43.033,
9981F128-B4AE-4128-BC8E-61675C0FE0CC,C30942,20260914,OT1_5,0,2,70FC22FC-0972-4261-99B3-226B15F00B33,2026-09-15 17:20:40.647,
793D5F39-DE5E-4264-94F6-8AD2FEAA5213,C30942,20260915,OT1_5,0,2,70FC22FC-0972-4261-99B3-226B15F00B33,2026-09-16 09:59:28.920,
C09BE573-1760-4E69-8346-BBB100458548,C30952,20260914,OT1_5,0,2,70FC22FC-0972-4261-99B3-226B15F00B33,2026-09-15 17:20:50.377,
96D38A8C-CAF9-4F9C-A308-0D8D4B68BA42,C30968,20260914,OT1_5,0,2,70FC22FC-0972-4261-99B3-226B15F00B33,2026-09-15 17:23:02.627,
E5BA7F9E-233D-42DB-8EEA-BFAD7BA8A5DF,C30968,20260915,OT1_5,0,2,70FC22FC-0972-4261-99B3-226B15F00B33,2026-09-16 10:01:43.830,
422B2435-380E-4814-A0A9-3D559B8C8003,C31019,20260914,OT1_5,0,2,70FC22FC-0972-4261-99B3-226B15F00B33,2026-09-15 17:21:00.690,
8B16E57A-EE1D-4924-914A-BDA4E1D862B6,C31019,20260915,OT1_5,0,2,70FC22FC-0972-4261-99B3-226B15F00B33,2026-09-16 09:59:37.803,
909CF1B2-5851-4EFC-9F6E-2FAA812A60C1,C31020,20260914,OT1_5,0,4,70FC22FC-0972-4261-99B3-226B15F00B33,2026-09-15 17:20:39.533,
B4C18C5B-1E98-4C66-9D03-BF64ED88EAA6,C31020,20260915,OT1_5,0,2,70FC22FC-0972-4261-99B3-226B15F00B33,2026-09-16 09:58:23.040,
21162952-F0A9-4596-AFF3-EC051AA20EA8,C31049,20260914,OT1_5,0,2,70FC22FC-0972-4261-99B3-226B15F00B33,2026-09-15 17:20:51.263,
56816B25-3C9E-4117-9E24-D306B0F739B6,C31049,20260915,OT1_5,0,2,70FC22FC-0972-4261-99B3-226B15F00B33,2026-09-16 09:59:33.050,
6267AA39-5267-4C8E-92A6-ED42B679623F,C31061,20260914,OT1_5,0,2,70FC22FC-0972-4261-99B3-226B15F00B33,2026-09-15 17:21:04.573,
808B4236-0A28-45FA-9031-14B5B04DDD80,C31061,20260915,OT1_5,0,2,70FC22FC-0972-4261-99B3-226B15F00B33,2026-09-16 09:59:40.873,
013DDB9B-7A8B-4F43-B7FD-1F03B3930E73,C31064,20260914,OT1_5,0,2,70FC22FC-0972-4261-99B3-226B15F00B33,2026-09-15 17:20:45.790,
3CD69785-82A0-4EF5-82FD-AFC81B67EC1C,C31064,20260915,OT1_5,0,2,70FC22FC-0972-4261-99B3-226B15F00B33,2026-09-16 09:59:31.220,
81E108C5-0804-4FE1-89D5-6E2312FCE9F2,C31066,20260914,OT1_5,0,2,70FC22FC-0972-4261-99B3-226B15F00B33,2026-09-15 17:20:55.290,
E09F9048-A335-4023-821F-34574AF56875,C31066,20260915,OT1_5,0,2,70FC22FC-0972-4261-99B3-226B15F00B33,2026-09-16 09:59:32.613,
57CB693B-BE40-4686-8663-ED5184A23A67,C31070,20260914,OT1_5,0,2,70FC22FC-0972-4261-99B3-226B15F00B33,2026-09-15 17:20:56.880,
5B1A1239-7552-4994-8E3F-80E075D7D492,C31070,20260915,OT1_5,0,2,70FC22FC-0972-4261-99B3-226B15F00B33,2026-09-16 09:59:32.010,
5B6F1FC3-02A8-4E9E-BC01-F0ADAD117ACB,C31072,20260914,OT1_5,0,2,70FC22FC-0972-4261-99B3-226B15F00B33,2026-09-15 17:20:43.733,
5493D6AD-E607-49A5-975C-3C9C25FFDF5F,C31072,20260915,OT1_5,0,2,70FC22FC-0972-4261-99B3-226B15F00B33,2026-09-16 09:59:31.867,
00C7ACDC-F1F1-42C7-822B-D6282CD9C4FB,C31076,20260914,OT1_5,0,2,70FC22FC-0972-4261-99B3-226B15F00B33,2026-09-15 17:20:56.973,
F34A7D4A-46E2-460D-A2EB-5118469C7832,C31076,20260915,OT1_5,0,2,70FC22FC-0972-4261-99B3-226B15F00B33,2026-09-16 09:59:38.710,
11DB542A-6685-4D72-BD31-AAD09C0B6FB2,C31080,20260914,OT1_5,0,2,70FC22FC-0972-4261-99B3-226B15F00B33,2026-09-15 17:23:01.727,
8D9F17CF-9D78-4849-ACBA-D6EF29A57ED1,C31101,20260914,OT1_5,0,2,70FC22FC-0972-4261-99B3-226B15F00B33,2026-09-15 17:22:21.977,
ADB96466-D4D7-4CDF-859D-1C9D3E34D126,C31101,20260915,OT1_5,0,2,70FC22FC-0972-4261-99B3-226B15F00B33,2026-09-16 10:01:12.903,
E8243483-08E4-408A-BCE4-307964C7B881,C31110,20260915,OT1_5,0,2,70FC22FC-0972-4261-99B3-226B15F00B33,2026-09-16 09:58:23.053,
5A797FD4-B5C0-4753-B170-26B8B1034860,C31134,20260914,OT1_5,0,2,70FC22FC-0972-4261-99B3-226B15F00B33,2026-09-15 17:22:22.117,
4E573C13-52D5-4D94-9E87-7B10B7E4096D,C31134,20260915,OT1_5,0,3,70FC22FC-0972-4261-99B3-226B15F00B33,2026-09-16 10:01:42.567,
B8CD8B85-8031-4675-97A5-84A6E9A89109,C31231,20260914,OT1_5,0,2,70FC22FC-0972-4261-99B3-226B15F00B33,2026-09-15 17:23:08.300,
2926DC11-C389-42F4-B578-05DA76D17928,C31231,20260915,OT1_5,0,2,70FC22FC-0972-4261-99B3-226B15F00B33,2026-09-16 10:01:50.550,
294FE743-07EE-4D01-95B1-5CA969113C14,C31288,20260914,OT1_5,0,2,70FC22FC-0972-4261-99B3-226B15F00B33,2026-09-15 17:21:02.593,
53A1A48A-63CC-4BEC-BEF5-D4983A5928FD,C31288,20260915,OT1_5,0,2,70FC22FC-0972-4261-99B3-226B15F00B33,2026-09-16 09:59:36.003,
FF5E2D37-EF1B-4078-A15D-64B303221006,C31307,20260914,OT1_5,0,2,70FC22FC-0972-4261-99B3-226B15F00B33,2026-09-15 17:20:43.980,
716A1798-2FC7-4397-BCC8-2F1BEFFD9956,C31307,20260915,OT1_5,0,1,70FC22FC-0972-4261-99B3-226B15F00B33,2026-09-16 09:59:28.107,
3903D5CE-9D60-4DB1-9CAD-D43042AEE60F,C31338,20260914,OT1_5,0,2,70FC22FC-0972-4261-99B3-226B15F00B33,2026-09-15 17:20:52.370,
27FB16FD-BFD8-4F42-A09A-03F5B31AEAAA,C31338,20260915,OT1_5,0,2,70FC22FC-0972-4261-99B3-226B15F00B33,2026-09-16 09:59:40.113,
A50FB572-92FF-4BF9-A83C-2FC6105A3A5E,C31356,20260914,OT1_5,0,2,70FC22FC-0972-4261-99B3-226B15F00B33,2026-09-15 17:23:18.810,
5BF32223-0C4F-47C3-B74D-3DF8B3BA320C,C31356,20260915,OT1_5,0,2,70FC22FC-0972-4261-99B3-226B15F00B33,2026-09-16 10:01:56.920,
919F6DB0-3E3B-4931-8FBE-2A1335B69583,C31357,20260914,OT1_5,0,2,70FC22FC-0972-4261-99B3-226B15F00B33,2026-09-15 17:23:17.793,
E9D1EE50-4F60-48FE-AEA4-A1FD23B86BFF,C31357,20260915,OT1_5,0,2,70FC22FC-0972-4261-99B3-226B15F00B33,2026-09-16 10:01:56.167,
4D938BFE-1927-40EA-A707-C9D988C7D198,C31359,20260914,OT1_5,0,2,70FC22FC-0972-4261-99B3-226B15F00B33,2026-09-15 17:23:18.490,
95011D3F-D93F-477E-9144-8F7C2E860431,C31359,20260915,OT1_5,0,2,70FC22FC-0972-4261-99B3-226B15F00B33,2026-09-16 10:01:56.770,
02B748A4-E58B-4E17-8458-378874F3A537,C31362,20260914,OT1_5,0,2,70FC22FC-0972-4261-99B3-226B15F00B33,2026-09-15 17:23:09.510,
0B3C05AF-FEAF-48BD-8E5B-909B1B82124F,C31362,20260915,OT1_5,0,2,70FC22FC-0972-4261-99B3-226B15F00B33,2026-09-16 10:01:48.610,
043432B9-EED3-4343-87A0-712E1DB265B3,C31372,20260914,OT1_5,0,2,70FC22FC-0972-4261-99B3-226B15F00B33,2026-09-15 17:23:10.870,
D4020A12-8C7B-4779-A889-3A20740042FA,C31372,20260915,OT1_5,0,2,70FC22FC-0972-4261-99B3-226B15F00B33,2026-09-16 10:01:50.340,
5A00EEC5-6BF3-46D3-A94A-6485E667F5CA,C31412,20260914,nOT1_5,0,15,70FC22FC-0972-4261-99B3-226B15F00B33,2026-09-15 17:00:51.187,NULL
45B831B3-E9B4-4FC9-A109-CBE8FCF49E94,C31412,20260915,OT1_5,0,2,70FC22FC-0972-4261-99B3-226B15F00B33,2026-09-16 09:56:58.930,
78417F1D-F323-4887-97BE-15D71234FABE,C31433,20260914,OT1_5,0,2,70FC22FC-0972-4261-99B3-226B15F00B33,2026-09-15 17:23:13.870,
A440490E-7475-4E14-B8C6-0B3DC4300BCF,C31433,20260915,OT1_5,0,2,70FC22FC-0972-4261-99B3-226B15F00B33,2026-09-16 10:01:54.637,
F711A227-69B8-418E-BA0B-3282801586BC,C31435,20260914,OT1_5,0,2,70FC22FC-0972-4261-99B3-226B15F00B33,2026-09-15 17:20:53.510,
C0AC1BB3-49CD-41E8-B310-16591A71254A,C31435,20260915,OT1_5,0,2,70FC22FC-0972-4261-99B3-226B15F00B33,2026-09-16 09:59:40.477,
E10ADF0F-CD8D-440F-8394-2C0C6BB22403,C31440,20260914,OT1_5,0,2,70FC22FC-0972-4261-99B3-226B15F00B33,2026-09-15 17:23:12.647,
E5D830E5-1B02-434B-83CC-E2C32AC3EACA,C31440,20260915,OT1_5,0,2,70FC22FC-0972-4261-99B3-226B15F00B33,2026-09-16 10:01:53.770,
87FAE684-653C-4C54-BAFA-2B804CE9B1AD,C31445,20260914,OT1_5,0,2,70FC22FC-0972-4261-99B3-226B15F00B33,2026-09-15 17:23:15.270,
90026E39-D930-40F3-9EED-7997B301E586,C31445,20260915,OT1_5,0,2,70FC22FC-0972-4261-99B3-226B15F00B33,2026-09-16 10:01:55.430,
0C92FA18-0981-4A1C-A0E8-68D6C77A0458,C31446,20260914,OT1_5,0,2,70FC22FC-0972-4261-99B3-226B15F00B33,2026-09-15 17:23:15.783,
156D17C4-10A9-4F40-B5BB-027901F94DAE,C31446,20260915,OT1_5,0,2,70FC22FC-0972-4261-99B3-226B15F00B33,2026-09-16 10:01:55.403,
73D151C7-A64F-4601-A5C7-0B66B75454CE,C31451,20260914,OT1_5,0,2,70FC22FC-0972-4261-99B3-226B15F00B33,2026-09-15 17:23:15.337,
39B9AF10-5EDE-46C8-88A7-E52A04003881,C31451,20260915,OT1_5,0,2,70FC22FC-0972-4261-99B3-226B15F00B33,2026-09-16 10:01:54.647,
60638977-9F96-479D-91B4-564C839A0E14,C31453,20260914,OT1_5,0,2,70FC22FC-0972-4261-99B3-226B15F00B33,2026-09-15 17:23:12.153,
C0488AD5-6FD0-47B2-A6C1-1B3AC9F98A17,C31453,20260915,OT1_5,0,2,70FC22FC-0972-4261-99B3-226B15F00B33,2026-09-16 10:01:54.137,
25A07A83-DE5D-4009-BFBA-08D068F93937,C31454,20260914,OT1_5,0,2,70FC22FC-0972-4261-99B3-226B15F00B33,2026-09-15 17:21:02.720,
79DC7967-FFFB-4476-9F16-BBC4070CF2DC,C31454,20260915,OT1_5,0,2,70FC22FC-0972-4261-99B3-226B15F00B33,2026-09-16 09:59:38.780,
FA319440-6A85-49A6-A42C-D512B5886AD8,C31455,20260914,OT1_5,0,2,70FC22FC-0972-4261-99B3-226B15F00B33,2026-09-15 17:20:58.773,
F1ECCA9E-3DB0-4105-BBF3-0A8105B455EB,C31455,20260915,OT1_5,0,2,70FC22FC-0972-4261-99B3-226B15F00B33,2026-09-16 09:59:36.197,
A2E27A5C-FFEB-4EBC-8542-B2CAFA2E4F63,C31457,20260914,OT1_5,0,2,70FC22FC-0972-4261-99B3-226B15F00B33,2026-09-15 17:18:10.910,
50B00493-25AB-4D5F-A757-DCD4D50E1ECB,C31457,20260915,OT1_5,0,2,70FC22FC-0972-4261-99B3-226B15F00B33,2026-09-16 09:56:58.610,
0EFBF503-DC68-458B-9894-BF78B724C96A,C31458,20260914,OT1_5,0,1.5,70FC22FC-0972-4261-99B3-226B15F00B33,2026-09-15 17:17:53.580,
98848CB9-F4BE-47AF-9D4F-E50ED259F2E2,C31458,20260915,OT1_5,0,2,70FC22FC-0972-4261-99B3-226B15F00B33,2026-09-16 09:56:52.983,
F2C07050-692B-443D-A55D-5F24A6C4F2BB,C31460,20260914,OT1_5,0,2,70FC22FC-0972-4261-99B3-226B15F00B33,2026-09-15 17:18:10.187,
8ED42A32-8AA3-4F77-8802-6AB49C56A8D3,C31460,20260915,OT1_5,0,2,70FC22FC-0972-4261-99B3-226B15F00B33,2026-09-16 09:56:58.360,
93881B9B-BB83-4380-9FFD-8C6658E30207,C31462,20260914,OT1_5,0,2,70FC22FC-0972-4261-99B3-226B15F00B33,2026-09-15 17:18:07.077,
283956E7-8FE5-47C5-92B7-D96A0B5A36BB,C31463,20260914,OT1_5,0,2,70FC22FC-0972-4261-99B3-226B15F00B33,2026-09-15 17:18:02.190,
8EE00030-05E7-4FCE-B29D-EB96B1873288,C31465,20260914,OT1_5,0,2,70FC22FC-0972-4261-99B3-226B15F00B33,2026-09-15 17:18:02.200,
6F59DBB9-F09F-474F-8309-533AE7A6AB8B,C31466,20260914,OT1_5,0,2,70FC22FC-0972-4261-99B3-226B15F00B33,2026-09-15 17:18:06.660,
DFA141FC-1E97-4B02-9B41-7AEC67C7CE40,C31468,20260914,OT1_5,0,2,70FC22FC-0972-4261-99B3-226B15F00B33,2026-09-15 17:18:03.890,
B408A269-0AD1-43EE-A2EB-3B2708054B65,C31469,20260914,OT1_5,0,2,70FC22FC-0972-4261-99B3-226B15F00B33,2026-09-15 17:18:04.807,
D39CBCF3-36EF-4E57-B428-7C634378EFFC,C31469,20260915,OT1_5,0,2,70FC22FC-0972-4261-99B3-226B15F00B33,2026-09-16 09:56:56.250,
BF968440-A192-4320-B3D3-168B30166C2B,C31472,20260914,OT1_5,0,2,70FC22FC-0972-4261-99B3-226B15F00B33,2026-09-15 17:18:11.957,
ECC514E9-CFD2-4069-A2D4-93458399AE71,C31472,20260915,OT1_5,0,2,70FC22FC-0972-4261-99B3-226B15F00B33,2026-09-16 09:56:58.870,
AE1FF8A3-1890-4E56-B1DA-0D189BCF798F,C31473,20260914,OT1_5,0,2,70FC22FC-0972-4261-99B3-226B15F00B33,2026-09-15 17:18:04.523,
4E8316AE-973D-48F4-A453-A405606EDB5D,C31474,20260914,OT1_5,0,2,70FC22FC-0972-4261-99B3-226B15F00B33,2026-09-15 17:18:05.420,
45EEFD91-1F83-4CA2-8C48-30007CAC9F7D,C31474,20260915,OT1_5,0,2,70FC22FC-0972-4261-99B3-226B15F00B33,2026-09-16 09:56:56.120,
04DC9904-6367-455B-924D-0D7DEE4250CC,C31486,20260914,OT1_5,0,2,70FC22FC-0972-4261-99B3-226B15F00B33,2026-09-15 17:20:47.687,
7FCFE7EB-7E53-4E99-ADCE-7694089A17AB,C31486,20260915,OT1_5,0,2,70FC22FC-0972-4261-99B3-226B15F00B33,2026-09-16 09:59:31.967,
9760D08E-0137-4A39-A32D-9D86E351AC48,C31487,20260914,OT1_5,0,2,70FC22FC-0972-4261-99B3-226B15F00B33,2026-09-15 17:23:13.387,
7AC15583-99C4-4C11-B451-B7F2DA910C1C,C31487,20260915,OT1_5,0,2,70FC22FC-0972-4261-99B3-226B15F00B33,2026-09-16 10:01:54.677,
6FA9C9AB-FE49-44E2-BF04-355C03A7A3F2,C31488,20260914,OT1_5,0,2,70FC22FC-0972-4261-99B3-226B15F00B33,2026-09-15 17:23:14.390,
91871F07-6CBE-4E66-B549-46D476864B81,C31488,20260915,OT1_5,0,2,70FC22FC-0972-4261-99B3-226B15F00B33,2026-09-16 10:01:51.950,
76530676-3969-4424-97C3-47163F61BAF2,C31491,20260914,OT1_5,0,2,70FC22FC-0972-4261-99B3-226B15F00B33,2026-09-15 17:21:03.613,
7DE7FE9D-09C5-42EE-A97C-448A140C91FD,C31491,20260915,OT1_5,0,2,70FC22FC-0972-4261-99B3-226B15F00B33,2026-09-16 09:59:40.953,
A934FEC9-FDE9-4F77-9DC8-022C4339BF25,C31492,20260914,OT1_5,0,2,70FC22FC-0972-4261-99B3-226B15F00B33,2026-09-15 17:23:10.213,
70E64A63-1F4D-4FAB-9254-723A10CDB520,C31492,20260915,OT1_5,0,2,70FC22FC-0972-4261-99B3-226B15F00B33,2026-09-16 10:01:49.020,
8824CE30-548C-4968-8955-A6ECB28427D8,C31493,20260915,OT1_5,0,2.5,70FC22FC-0972-4261-99B3-226B15F00B33,2026-09-16 09:56:59.187,
EF7A2BD2-4EF9-4629-8419-1DC468BED828,C31494,20260915,OT1_5,0,2.5,70FC22FC-0972-4261-99B3-226B15F00B33,2026-09-16 09:56:59.143,
67959B89-3D60-4A3B-9EE8-76FB3ECE2A3D,C31495,20260914,OT1_5,0,2,70FC22FC-0972-4261-99B3-226B15F00B33,2026-09-15 17:23:06.963,
037E81F1-6CA6-478A-9F37-9B76922603DD,C31495,20260915,OT1_5,0,2,70FC22FC-0972-4261-99B3-226B15F00B33,2026-09-16 10:01:49.503,
179A82E8-3853-4405-AD5E-7494C1DCD0EC,C31498,20260914,OT1_5,0,2,70FC22FC-0972-4261-99B3-226B15F00B33,2026-09-15 17:23:18.390,
A54D2195-6412-4DB6-8C12-3BF505CCF86D,C31498,20260915,OT1_5,0,2,70FC22FC-0972-4261-99B3-226B15F00B33,2026-09-16 10:01:49.417,
063D05AB-B618-47C1-9756-1012EEFC77A4,C31499,20260914,OT1_5,0,2,70FC22FC-0972-4261-99B3-226B15F00B33,2026-09-15 17:23:09.257,
A213B606-B511-40FB-A20D-1DE8BD54B544,C31499,20260915,OT1_5,0,2,70FC22FC-0972-4261-99B3-226B15F00B33,2026-09-16 10:01:49.993,
A9605BB6-3A0A-4594-A6ED-D867AB2E3061,C31503,20260914,OT1_5,0,2,70FC22FC-0972-4261-99B3-226B15F00B33,2026-09-15 17:23:01.573,
C77DC692-0288-4A94-B6FE-BC07E0E1D944,C31503,20260915,OT1_5,0,2,70FC22FC-0972-4261-99B3-226B15F00B33,2026-09-16 10:01:42.650,
B56537A3-498A-4FB5-8A91-B41E08FBD5E0,C31504,20260914,OT1_5,0,2,70FC22FC-0972-4261-99B3-226B15F00B33,2026-09-15 17:23:01.097,
28B81F13-B9B3-4B2C-AFA2-74010BD4A83B,C31504,20260915,OT1_5,0,2,70FC22FC-0972-4261-99B3-226B15F00B33,2026-09-16 10:01:42.670,
442B34FD-7A7B-441F-B102-D9A3219718A4,C31506,20260914,OT1_5,0,2,70FC22FC-0972-4261-99B3-226B15F00B33,2026-09-15 17:23:18.190,
C20D2A64-56EF-43B1-8DEE-63F24C49643E,C31506,20260915,OT1_5,0,2,70FC22FC-0972-4261-99B3-226B15F00B33,2026-09-16 10:01:56.680,
D87707F7-E6DF-4017-A01A-26A1B1DFACEE,C31508,20260914,OT1_5,0,2,70FC22FC-0972-4261-99B3-226B15F00B33,2026-09-15 17:23:08.707,
9E8BCFE2-9053-452A-9D26-64D82FFE0272,C31508,20260915,OT1_5,0,2,70FC22FC-0972-4261-99B3-226B15F00B33,2026-09-16 10:01:48.670,
F3241895-BB05-423C-89AF-C5C6C50D207B,C31510,20260914,OT1_5,0,2,70FC22FC-0972-4261-99B3-226B15F00B33,2026-09-15 17:23:10.717,
95E52FC2-DA88-41D2-A6EA-7897910734E3,C31510,20260915,OT1_5,0,2,70FC22FC-0972-4261-99B3-226B15F00B33,2026-09-16 10:01:47.640,
CDDE239E-C9AB-4BE0-AE11-151DC7613DC9,C31512,20260914,OT1_5,0,2,70FC22FC-0972-4261-99B3-226B15F00B33,2026-09-15 17:23:10.157,
F8F89B12-85C8-4C74-81DE-364B2B5E050E,C31514,20260914,OT1_5,0,2,70FC22FC-0972-4261-99B3-226B15F00B33,2026-09-15 17:23:11.903,
F0800F47-58E7-4208-B745-E18986416E34,C31514,20260915,OT1_5,0,2,70FC22FC-0972-4261-99B3-226B15F00B33,2026-09-16 10:01:48.580,
280912F1-D4CA-42F5-A8C4-6A323F78DB85,C31518,20260915,OT1_5,0,2,70FC22FC-0972-4261-99B3-226B15F00B33,2026-09-16 10:01:56.617,
9449C7C2-E25F-4488-A173-2C3A62FDBA13,C31520,20260914,OT1_5,0,2,70FC22FC-0972-4261-99B3-226B15F00B33,2026-09-15 17:23:01.120,
5D1F52BB-8B8F-430B-973D-AD826E1A01EB,C31520,20260915,OT1_5,0,2,70FC22FC-0972-4261-99B3-226B15F00B33,2026-09-16 10:01:43.083,
E2CEF80B-D2E7-4299-81FB-F1FC1E87B363,C31521,20260914,OT1_5,0,2,70FC22FC-0972-4261-99B3-226B15F00B33,2026-09-15 17:23:16.890,
0A7BD161-20FD-4953-9A03-A462314F3E0A,C31521,20260915,OT1_5,0,2,70FC22FC-0972-4261-99B3-226B15F00B33,2026-09-16 10:01:55.517,
7F1BC927-27DE-4D04-BAEF-2DA7E1877C48,C31523,20260914,OT1_5,0,2,70FC22FC-0972-4261-99B3-226B15F00B33,2026-09-15 17:23:08.083,
09778210-04EE-4B40-9AF2-684E25B07F43,C31523,20260915,OT1_5,0,2,70FC22FC-0972-4261-99B3-226B15F00B33,2026-09-16 10:01:51.780,
B7F59131-8BBD-4575-88DF-17D43FD417D8,C31525,20260914,OT1_5,0,2,70FC22FC-0972-4261-99B3-226B15F00B33,2026-09-15 17:23:17.433,
AFFE9FEA-C571-4424-9346-6DF42B7BE5B4,C31525,20260915,OT1_5,0,2,70FC22FC-0972-4261-99B3-226B15F00B33,2026-09-16 10:01:55.740,
90D1ADFB-C58A-4DFD-B0B4-CBB4482E0EF7,C31533,20260914,OT1_5,0,2,70FC22FC-0972-4261-99B3-226B15F00B33,2026-09-15 17:23:13.493,
50FF3749-1902-4F34-86A0-BAAFDAA14D04,C31533,20260915,OT1_5,0,2,70FC22FC-0972-4261-99B3-226B15F00B33,2026-09-16 10:01:54.727,
21C07C52-3653-473D-8AF8-6110C2E42C2F,C31535,20260914,OT1_5,0,2,70FC22FC-0972-4261-99B3-226B15F00B33,2026-09-15 17:21:02.423,
8C2BA5A2-18FD-4754-B761-6DC76C356635,C31535,20260915,OT1_5,0,2,70FC22FC-0972-4261-99B3-226B15F00B33,2026-09-16 09:59:40.380,
60ADF56B-49CB-4B0A-B8AD-20709B748D6B,C31536,20260914,OT1_5,0,2,70FC22FC-0972-4261-99B3-226B15F00B33,2026-09-15 17:20:58.760,
2C0A1229-8F9D-484C-80A0-D3FB94431E66,C31537,20260914,OT1_5,0,2,70FC22FC-0972-4261-99B3-226B15F00B33,2026-09-15 17:21:03.997,
DD4090DB-82A6-4542-8523-8CE30B60564A,C31537,20260915,OT1_5,0,2,70FC22FC-0972-4261-99B3-226B15F00B33,2026-09-16 09:59:39.833,
7988BA65-FF7A-4A21-B080-793C960AB210,C31538,20260914,OT1_5,0,2,70FC22FC-0972-4261-99B3-226B15F00B33,2026-09-15 17:20:59.547,
0CC4CBFA-6FA4-46AB-AB2E-495CCE0F7EF9,C31540,20260914,OT1_5,0,2,70FC22FC-0972-4261-99B3-226B15F00B33,2026-09-15 17:21:02.830,
F24E2143-9F5F-44E3-A16B-2FE4ACA68EA8,C31540,20260915,OT1_5,0,2,70FC22FC-0972-4261-99B3-226B15F00B33,2026-09-16 09:59:39.710,
96002A1D-44F6-4B51-BF4B-03259FC99FF7,C31541,20260914,OT1_5,0,2,70FC22FC-0972-4261-99B3-226B15F00B33,2026-09-15 17:20:45.170,
C7C55094-B2BB-481E-B27B-833AA8B72DE1,C31541,20260915,OT1_5,0,2,70FC22FC-0972-4261-99B3-226B15F00B33,2026-09-16 09:59:30.813,
53CDA111-B0F7-468A-A215-6F14F34F1A99,C31542,20260914,OT1_5,0,1.5,70FC22FC-0972-4261-99B3-226B15F00B33,2026-09-15 17:21:06.523,
85A12C5E-168B-4E9E-ADAA-A9A13932FC1A,C31542,20260915,OT1_5,0,1,70FC22FC-0972-4261-99B3-226B15F00B33,2026-09-16 09:59:28.060,
5604244E-52E6-43B8-894A-66C995C1AE33,C31547,20260914,OT1_5,0,2,70FC22FC-0972-4261-99B3-226B15F00B33,2026-09-15 17:20:51.387,
81D09FC4-57AE-41BD-8860-F5FA022CA5D0,C31547,20260915,OT1_5,0,2,70FC22FC-0972-4261-99B3-226B15F00B33,2026-09-16 09:59:32.000,
F5ACBE97-4D33-46A3-9ADA-8487DC516C8B,C31549,20260914,OT1_5,0,2,70FC22FC-0972-4261-99B3-226B15F00B33,2026-09-15 17:20:56.397,
59F2B6B4-F29E-4A1F-ADB4-292D3EE3DE27,C31549,20260915,OT1_5,0,2,70FC22FC-0972-4261-99B3-226B15F00B33,2026-09-16 09:59:37.120,
EC1CEEE4-34A6-4E68-A18B-F036301F9032,C31554,20260914,OT1_5,0,2,70FC22FC-0972-4261-99B3-226B15F00B33,2026-09-15 17:20:49.457,
C2FD404C-D98E-4A4B-A270-0BFFB7011064,C31554,20260915,OT1_5,0,2,70FC22FC-0972-4261-99B3-226B15F00B33,2026-09-16 09:59:33.030,
89CC1D2E-DF5C-4A45-A306-E27AB6F52045,C31555,20260914,OT1_5,0,2,70FC22FC-0972-4261-99B3-226B15F00B33,2026-09-15 17:20:53.303,
438EC118-6D94-458F-BDF8-F0500DF7344D,C31555,20260915,OT1_5,0,2,70FC22FC-0972-4261-99B3-226B15F00B33,2026-09-16 09:59:35.357,
70D8F8C8-7D24-4C32-99E5-3387D995B379,C31556,20260914,OT1_5,0,2,70FC22FC-0972-4261-99B3-226B15F00B33,2026-09-15 17:20:52.243,
DAC3E80B-3F34-4036-820D-72703DB6CC20,C31556,20260915,OT1_5,0,2,70FC22FC-0972-4261-99B3-226B15F00B33,2026-09-16 09:59:33.530,
A3739DCE-EE03-4625-954E-4E7C5E1BED04,C31557,20260914,OT1_5,0,2,70FC22FC-0972-4261-99B3-226B15F00B33,2026-09-15 17:20:41.380,
213F4F07-6A41-41F9-AA75-132648372933,C31557,20260915,OT1_5,0,2,70FC22FC-0972-4261-99B3-226B15F00B33,2026-09-16 09:59:29.517,
E0ED2CEF-58D8-4350-93D8-172BECD9577D,C31558,20260915,OT1_5,0,2,70FC22FC-0972-4261-99B3-226B15F00B33,2026-09-16 09:59:38.970,
57DAE992-7B92-45D0-9FEA-F8921CE22CEC,C31560,20260914,OT1_5,0,2,70FC22FC-0972-4261-99B3-226B15F00B33,2026-09-15 17:20:53.210,
A5B2C1A3-E883-4AE2-A455-A6EB3705403F,C31560,20260915,OT1_5,0,2,70FC22FC-0972-4261-99B3-226B15F00B33,2026-09-16 09:59:40.093,
8DC1F514-8A2B-4C77-9A15-EDFD5972A5F6,C31565,20260914,OT1_5,0,2,70FC22FC-0972-4261-99B3-226B15F00B33,2026-09-15 17:20:39.750,
3C268710-1B52-4DA1-B4B0-E70840C41E9E,C31569,20260915,OT1_5,0,2,70FC22FC-0972-4261-99B3-226B15F00B33,2026-09-16 09:59:37.917,
F8BC09DF-9CFD-4395-99FA-1015845D5D9C,C31572,20260914,OT1_5,0,2,70FC22FC-0972-4261-99B3-226B15F00B33,2026-09-15 17:20:48.257,
095E311F-C9B9-4392-82D9-009FE400E297,C31573,20260914,OT1_5,0,2,70FC22FC-0972-4261-99B3-226B15F00B33,2026-09-15 17:20:56.230,
D9FCF80F-23C1-4538-8125-BDD453B9A250,C31573,20260915,OT1_5,0,2,70FC22FC-0972-4261-99B3-226B15F00B33,2026-09-16 09:59:38.300,
20F2BCFF-A798-488F-BDCE-35515BEC7BF6,C31574,20260914,OT1_5,0,2,70FC22FC-0972-4261-99B3-226B15F00B33,2026-09-15 17:21:03.253,
6F409B67-49FD-4439-A5BC-E08B39A1A897,C31574,20260915,OT1_5,0,2,70FC22FC-0972-4261-99B3-226B15F00B33,2026-09-16 09:59:39.903,
45D643E4-4C6C-4323-B055-5F290A96BB21,C31575,20260914,OT1_5,0,2,70FC22FC-0972-4261-99B3-226B15F00B33,2026-09-15 17:20:41.080,
93BAD778-AC1F-4360-9D34-78256257BD3D,C31575,20260915,OT1_5,0,2,70FC22FC-0972-4261-99B3-226B15F00B33,2026-09-16 09:59:29.470,
C2EDE47F-FEF3-4057-96B2-D1539EB1E7F4,C31577,20260915,OT1_5,0,2,70FC22FC-0972-4261-99B3-226B15F00B33,2026-09-16 09:59:36.140,
C5154D1A-BB9D-4A76-A23F-1EBE17FFA21F,C31578,20260914,OT1_5,0,2,70FC22FC-0972-4261-99B3-226B15F00B33,2026-09-15 17:20:54.993,
0DA39F3F-F755-4677-8DB4-4E8D8F5E2E24,C31578,20260915,OT1_5,0,2,70FC22FC-0972-4261-99B3-226B15F00B33,2026-09-16 09:59:35.183,
88C8126A-2ADF-419B-82F9-8E799CC424A0,C31584,20260914,OT1_5,0,2,70FC22FC-0972-4261-99B3-226B15F00B33,2026-09-15 17:23:11.620,
0A35622F-6128-4512-A281-D53EE054B5C8,C31584,20260915,OT1_5,0,2,70FC22FC-0972-4261-99B3-226B15F00B33,2026-09-16 10:01:51.893,
A46388B4-7B4F-4694-A4CD-5F1166B0E47D,C31585,20260914,OT1_5,0,2,70FC22FC-0972-4261-99B3-226B15F00B33,2026-09-15 17:23:02.333,
C56BE2DE-E540-493C-BBDB-ED31BEB7D217,C31585,20260915,OT1_5,0,2,70FC22FC-0972-4261-99B3-226B15F00B33,2026-09-16 10:01:43.790,
E73ED129-6D9D-4CBE-9ED0-0C49DCC76367,C31591,20260914,OT1_5,0,2,70FC22FC-0972-4261-99B3-226B15F00B33,2026-09-15 17:18:04.507,
D95B8603-8E53-44E7-B54F-FD45E412A2CE,C31591,20260915,OT1_5,0,2,70FC22FC-0972-4261-99B3-226B15F00B33,2026-09-16 09:56:56.150,
DA5182D1-1A96-4603-B379-CC0E870BB56B,C31601,20260914,OT1_5,0,2,70FC22FC-0972-4261-99B3-226B15F00B33,2026-09-15 17:20:52.023,
BD20C459-74BD-4A9D-BEAF-26C0DDF45371,C31601,20260915,OT1_5,0,2,70FC22FC-0972-4261-99B3-226B15F00B33,2026-09-16 09:59:36.860,
3AFAD477-9F23-41D4-9299-9F54FA318669,C31602,20260914,OT1_5,0,2,70FC22FC-0972-4261-99B3-226B15F00B33,2026-09-15 17:20:51.717,
5A905F37-5689-4F17-9D51-C31CDC475427,C31602,20260915,OT1_5,0,2,70FC22FC-0972-4261-99B3-226B15F00B33,2026-09-16 09:59:34.733,
0BE71151-C6D8-408E-9C9B-9BA3DA1F7EAD,C31603,20260914,OT1_5,0,2,70FC22FC-0972-4261-99B3-226B15F00B33,2026-09-15 17:21:03.357,
2059C487-A6DE-4E64-9B9D-26FB440BD754,C31603,20260915,OT1_5,0,2,70FC22FC-0972-4261-99B3-226B15F00B33,2026-09-16 09:59:39.187,
7CE7FF69-2E46-45AA-AD3B-3AB3B2859084,C31604,20260914,OT1_5,0,2,70FC22FC-0972-4261-99B3-226B15F00B33,2026-09-15 17:20:56.080,
5639C58A-4954-4F7E-90C0-F8D9F6E63CEC,C31604,20260915,OT1_5,0,2,70FC22FC-0972-4261-99B3-226B15F00B33,2026-09-16 09:59:38.223,
77920ADD-DC14-42A3-A7B5-08CF0DDC86C4,C31605,20260914,OT1_5,0,2,70FC22FC-0972-4261-99B3-226B15F00B33,2026-09-15 17:18:05.157,
AA0A4CD5-7C7D-4371-86E0-D7BA3D69B25A,C31605,20260915,OT1_5,0,2,70FC22FC-0972-4261-99B3-226B15F00B33,2026-09-16 09:56:56.973,
AE293BA4-D482-4707-8F52-8C9EDA97B1BB,C31607,20260914,OT1_5,0,2,70FC22FC-0972-4261-99B3-226B15F00B33,2026-09-15 17:20:47.117,
DBA0E382-B32B-4C12-990B-5A71C5B12AD4,C31607,20260915,OT1_5,0,2,70FC22FC-0972-4261-99B3-226B15F00B33,2026-09-16 09:59:35.167,
0694DA9D-45BE-411F-8D8E-AB38728D08D1,C31608,20260914,OT1_5,0,2,70FC22FC-0972-4261-99B3-226B15F00B33,2026-09-15 17:20:45.813,
E750C01D-1EF9-4332-94AE-701C18D1E695,C31608,20260915,OT1_5,0,2,70FC22FC-0972-4261-99B3-226B15F00B33,2026-09-16 09:59:35.640,
480660D6-5CAF-4026-ACD9-500F6CBB4D14,C31612,20260914,OT1_5,0,2,70FC22FC-0972-4261-99B3-226B15F00B33,2026-09-15 17:20:42.053,
BAB656CB-40BB-4EC2-9241-6DC0BC66FF1E,C31612,20260915,OT1_5,0,2,70FC22FC-0972-4261-99B3-226B15F00B33,2026-09-16 09:59:30.100,
044FFFDB-5AAE-4847-8EEC-4B5AB645AFE5,C31617,20260914,OT1_5,0,2,70FC22FC-0972-4261-99B3-226B15F00B33,2026-09-15 17:21:03.153,
20A711D2-DA95-4205-A71D-56F6741E551E,C31617,20260915,OT1_5,0,2,70FC22FC-0972-4261-99B3-226B15F00B33,2026-09-16 09:59:37.460,
A9171092-FFA8-4066-9FE1-C1D2A0FEEC37,C31621,20260915,OT1_5,0,2,70FC22FC-0972-4261-99B3-226B15F00B33,2026-09-16 09:56:53.440,
0490E771-9F9F-4C1F-AB9E-A4112A0C21F0,C31622,20260914,OT1_5,0,2,70FC22FC-0972-4261-99B3-226B15F00B33,2026-09-15 17:18:06.863,
2D700A35-81B4-450B-B3E2-1AEB5297C08E,C31622,20260915,OT1_5,0,2,70FC22FC-0972-4261-99B3-226B15F00B33,2026-09-16 09:56:57.040,
87E4C873-BA58-4AD4-BC33-82FE4FCC26A9,C31623,20260914,OT1_5,0,2,70FC22FC-0972-4261-99B3-226B15F00B33,2026-09-15 17:17:57.500,
EDC14D04-49FA-4916-8F31-55BED85EA5F2,C31623,20260915,OT1_5,0,2,70FC22FC-0972-4261-99B3-226B15F00B33,2026-09-16 09:56:55.077,
F6B69208-B471-4C6D-94D7-AE06BE382CE8,C31631,20260914,OT1_5,0,2,70FC22FC-0972-4261-99B3-226B15F00B33,2026-09-15 17:20:46.280,
7C53F8D9-451D-40FA-8C98-A666F11BA505,C31631,20260915,OT1_5,0,2,70FC22FC-0972-4261-99B3-226B15F00B33,2026-09-16 09:59:35.630,
72B1A6FC-A2B9-4095-989D-281982BB7CFE,C31666,20260914,OT1_5,0,2,70FC22FC-0972-4261-99B3-226B15F00B33,2026-09-15 17:20:48.203,
41AEB28A-0422-4F6C-B2A7-3CA7C5EB863A,C31666,20260915,OT1_5,0,2,70FC22FC-0972-4261-99B3-226B15F00B33,2026-09-16 09:59:33.817,
A673D45A-043B-41E1-8361-65AA392A4ED0,C31668,20260914,OT1_5,0,2,70FC22FC-0972-4261-99B3-226B15F00B33,2026-09-15 17:20:50.423,
816FAFAD-3533-4C4D-9749-CE4ACEDF5847,C31672,20260914,OT1_5,0,2,70FC22FC-0972-4261-99B3-226B15F00B33,2026-09-15 17:20:58.670,
CDD70229-57CE-430E-BB52-3831F1BD59A6,C31672,20260915,OT1_5,0,2,70FC22FC-0972-4261-99B3-226B15F00B33,2026-09-16 09:59:37.997,
26F0D441-8A9D-4FAA-93F1-E8A5CBEB43A3,C31673,20260914,OT1_5,0,2,70FC22FC-0972-4261-99B3-226B15F00B33,2026-09-15 17:20:45.950,
03C86FC9-CADB-4D6C-995D-564C9BB0923F,C31673,20260915,OT1_5,0,2,70FC22FC-0972-4261-99B3-226B15F00B33,2026-09-16 09:59:32.933,
0EDE87B1-E7D9-4EA9-9805-D3ECF28ED382,C31674,20260914,OT1_5,0,2,70FC22FC-0972-4261-99B3-226B15F00B33,2026-09-15 17:20:40.870,
E7750215-AE1A-4A98-8D7E-C5DC4D09F48D,C31674,20260915,OT1_5,0,2,70FC22FC-0972-4261-99B3-226B15F00B33,2026-09-16 09:59:29.510,
670F187F-A5DD-47DD-A3A4-C6767D935DC9,C31677,20260914,OT1_5,0,2,70FC22FC-0972-4261-99B3-226B15F00B33,2026-09-15 17:20:43.830,
C6AC782E-C703-43DF-B166-915BE268310E,C31677,20260915,OT1_5,0,2,70FC22FC-0972-4261-99B3-226B15F00B33,2026-09-16 09:59:31.917,
3399F238-66A7-490F-A76B-588E4BD23E4A,C31678,20260914,OT1_5,0,2,70FC22FC-0972-4261-99B3-226B15F00B33,2026-09-15 17:20:42.150,
AF710E86-811E-4025-80F3-1449CA1012B4,C31678,20260915,OT1_5,0,2,70FC22FC-0972-4261-99B3-226B15F00B33,2026-09-16 09:59:30.013,
C402B753-DAF5-4DBF-BF01-2491C89F4BBF,C31679,20260914,OT1_5,0,2,70FC22FC-0972-4261-99B3-226B15F00B33,2026-09-15 17:20:51.757,
250E6430-C7F2-4F9C-9D6D-DCA321BE1179,C31679,20260915,OT1_5,0,2,70FC22FC-0972-4261-99B3-226B15F00B33,2026-09-16 09:59:31.450,
475A9894-001D-4A30-977B-7879894339E1,C31680,20260914,OT1_5,0,2,70FC22FC-0972-4261-99B3-226B15F00B33,2026-09-15 17:20:53.780,
84BF9CC1-34BB-4E4E-AA9D-D890D9210514,C31680,20260915,OT1_5,0,2,70FC22FC-0972-4261-99B3-226B15F00B33,2026-09-16 09:59:37.693,
DE531006-DB08-499A-854F-0DC6A7D84FB1,C31687,20260914,OT1_5,0,2,70FC22FC-0972-4261-99B3-226B15F00B33,2026-09-15 17:18:12.067,
C14B8C2C-2879-4991-B524-46EBEA0B48B4,C31688,20260915,OT1_5,0,2,70FC22FC-0972-4261-99B3-226B15F00B33,2026-09-16 09:59:34.860,
E8F7C6AA-9FFF-49E0-9F5A-4CAE1C979308,C31703,20260914,OT1_5,0,2,70FC22FC-0972-4261-99B3-226B15F00B33,2026-09-15 17:23:13.043,
0675974D-8E97-4152-8F4E-662A224A1493,C31703,20260915,OT1_5,0,2,70FC22FC-0972-4261-99B3-226B15F00B33,2026-09-16 10:01:54.057,
3572F955-974A-4719-B0F8-AA10BF1D51F9,C31704,20260914,OT1_5,0,2,70FC22FC-0972-4261-99B3-226B15F00B33,2026-09-15 17:20:47.467,
347F8618-64EF-4325-846B-6C8A377A7347,C31704,20260915,OT1_5,0,2,70FC22FC-0972-4261-99B3-226B15F00B33,2026-09-16 09:59:32.400,
615C4087-0F02-4CB0-A968-D87FAF9E688B,C31705,20260914,OT1_5,0,2,70FC22FC-0972-4261-99B3-226B15F00B33,2026-09-15 17:21:00.750,
10BFF234-7912-40AA-B660-53B572481C6B,C31705,20260915,OT1_5,0,2,70FC22FC-0972-4261-99B3-226B15F00B33,2026-09-16 09:59:36.477,
A25E560E-3578-4946-A0DC-2DE393A938A5,C31707,20260914,OT1_5,0,2,70FC22FC-0972-4261-99B3-226B15F00B33,2026-09-15 17:20:47.783,
1E1159E8-75AE-45D5-8869-0C9A56D26F8C,C31707,20260915,OT1_5,0,2,70FC22FC-0972-4261-99B3-226B15F00B33,2026-09-16 09:59:37.620,
08475252-846B-481D-BDE0-BB9D87DC1932,C31710,20260914,OT1_5,0,2,70FC22FC-0972-4261-99B3-226B15F00B33,2026-09-15 17:18:08.843,
7A636D87-6DA7-4D4F-B531-B63594FB78FF,C31710,20260915,OT1_5,0,2,70FC22FC-0972-4261-99B3-226B15F00B33,2026-09-16 09:56:57.360,
FCC0271F-4F4A-4F3C-A730-BB4A3C4A6250,C31711,20260914,OT1_5,0,2,70FC22FC-0972-4261-99B3-226B15F00B33,2026-09-15 17:18:11.480,
13BA2C34-26ED-4101-87DF-4AF0D7402E55,C31711,20260915,OT1_5,0,2,70FC22FC-0972-4261-99B3-226B15F00B33,2026-09-16 09:56:58.647,
7FAB5955-F9A3-4AF0-80C1-16C8D93A13D1,C31713,20260914,OT1_5,0,2,70FC22FC-0972-4261-99B3-226B15F00B33,2026-09-15 17:18:01.000,
4CBA2E9E-D261-42F4-8143-51C142E973B4,C31713,20260915,OT1_5,0,2,70FC22FC-0972-4261-99B3-226B15F00B33,2026-09-16 09:56:55.000,
80D5E10B-7CAA-4767-83ED-8820905FA39E,C31716,20260914,OT1_5,0,2,70FC22FC-0972-4261-99B3-226B15F00B33,2026-09-15 17:17:59.317,
23120AFF-30BB-4602-AF6A-455104A7994E,C31716,20260915,OT1_5,0,2,70FC22FC-0972-4261-99B3-226B15F00B33,2026-09-16 09:56:53.970,
9FAA172A-EE1D-4816-B8B7-EA808AAA4C1B,C31717,20260914,OT1_5,0,2,70FC22FC-0972-4261-99B3-226B15F00B33,2026-09-15 17:18:06.367,
E9B521FA-5301-4D26-9B54-78D7AF8C967D,C31717,20260915,OT1_5,0,2,70FC22FC-0972-4261-99B3-226B15F00B33,2026-09-16 09:56:57.443,
1BE29AC3-6649-419F-854E-E64A9FA94C09,C31718,20260914,OT1_5,0,2,70FC22FC-0972-4261-99B3-226B15F00B33,2026-09-15 17:18:06.150,
70801331-ACB8-416C-9625-1E0C4B43DA5F,C31718,20260915,OT1_5,0,2,70FC22FC-0972-4261-99B3-226B15F00B33,2026-09-16 09:56:57.187,
2A265122-F71C-4FC4-AD37-B4BE768E48C5,C31737,20260915,OT1_5,0,2,70FC22FC-0972-4261-99B3-226B15F00B33,2026-09-16 09:56:56.893,
D387738A-219E-4D2D-906D-27575CBDB340,C31739,20260914,OT1_5,0,2,70FC22FC-0972-4261-99B3-226B15F00B33,2026-09-15 17:17:55.480,
C5A497B7-C337-4FE8-8893-6AF68609F284,C31739,20260915,OT1_5,0,2,70FC22FC-0972-4261-99B3-226B15F00B33,2026-09-16 09:56:53.230,
44741E8D-2D9D-4671-9422-5D469846ABFD,C31743,20260915,OT1_5,0,2,70FC22FC-0972-4261-99B3-226B15F00B33,2026-09-16 09:56:56.813,
E8F9BB55-5DFF-4A9C-B08A-8A2A545DBA2F,C31747,20260915,OT1_5,0,2,70FC22FC-0972-4261-99B3-226B15F00B33,2026-09-16 09:59:34.130,
0F14FD37-0ADC-4260-9001-4CAD566686E3,C31748,20260914,OT1_5,0,2,70FC22FC-0972-4261-99B3-226B15F00B33,2026-09-15 17:18:09.970,
426EA742-5118-4F97-BC39-1C42715BF327,C31748,20260915,OT1_5,0,2,70FC22FC-0972-4261-99B3-226B15F00B33,2026-09-16 09:56:58.047,
F626D008-D25B-41DD-87EA-843832F0BF32,C31752,20260915,OT1_5,0,2,70FC22FC-0972-4261-99B3-226B15F00B33,2026-09-16 09:59:37.370,
8905108C-49D5-42AE-B00B-07885A152AE6,C31753,20260914,OT1_5,0,2,70FC22FC-0972-4261-99B3-226B15F00B33,2026-09-15 17:18:08.573,
676BFB6C-C544-4A09-9AA7-F38A4EC20662,C31753,20260915,OT1_5,0,2,70FC22FC-0972-4261-99B3-226B15F00B33,2026-09-16 09:56:57.250,
8A7CD070-8CF7-4952-ACA7-D31ACB6EA994,C31754,20260914,OT1_5,0,2,70FC22FC-0972-4261-99B3-226B15F00B33,2026-09-15 17:18:08.907,
1ED4555E-A52F-47A6-955D-4FE1D9B86049,C31754,20260915,OT1_5,0,2,70FC22FC-0972-4261-99B3-226B15F00B33,2026-09-16 09:56:57.473,
1B64E0F4-8D2E-4624-A013-F1E2359893FF,C31755,20260914,OT1_5,0,2,70FC22FC-0972-4261-99B3-226B15F00B33,2026-09-15 17:17:58.463,
46613152-49F7-47BD-8750-D20C64C0EB9E,C31761,20260914,OT1_5,0,2,70FC22FC-0972-4261-99B3-226B15F00B33,2026-09-15 17:17:54.250,
B08A056F-9FB2-4E0E-80F4-E4AE64C3FAE9,C31767,20260914,OT1_5,0,2,70FC22FC-0972-4261-99B3-226B15F00B33,2026-09-15 17:17:53.300,
33E9A25B-2ECE-4E48-8E9E-8F63AC4E5B71,C31772,20260914,OT1_5,0,2,70FC22FC-0972-4261-99B3-226B15F00B33,2026-09-15 17:18:05.207,
5BA396C6-553A-42BD-999D-EED5DA1CB762,C31772,20260915,OT1_5,0,2,70FC22FC-0972-4261-99B3-226B15F00B33,2026-09-16 09:56:57.020,
16A43714-D9CD-443C-BAAC-F627F696CE2C,C31777,20260915,OT1_5,0,2,70FC22FC-0972-4261-99B3-226B15F00B33,2026-09-16 09:56:57.407,
399A579B-46D8-418F-8B55-2A946B5D5ABB,C31783,20260914,OT1_5,0,2,70FC22FC-0972-4261-99B3-226B15F00B33,2026-09-15 17:20:48.173,
788BAECC-F9EF-483D-803C-B58E1440E251,C31783,20260915,OT1_5,0,2,70FC22FC-0972-4261-99B3-226B15F00B33,2026-09-16 09:59:31.133,
346B4D1A-81D9-4C5D-B68F-D769275FFD65,C31785,20260915,OT1_5,0,2,70FC22FC-0972-4261-99B3-226B15F00B33,2026-09-16 10:01:51.750,
FFC71ABC-A445-4009-87BA-EA17455BB13D,C31786,20260914,OT1_5,0,2,70FC22FC-0972-4261-99B3-226B15F00B33,2026-09-15 17:23:13.953,
ADB7BE85-7A2E-4858-94F0-1AD77CEC706B,C31786,20260915,OT1_5,0,2,70FC22FC-0972-4261-99B3-226B15F00B33,2026-09-16 10:01:54.393,
68B49A7A-7DA6-4697-A122-D40C2D006590,C31788,20260914,OT1_5,0,2,70FC22FC-0972-4261-99B3-226B15F00B33,2026-09-15 17:21:03.000,
B14D282E-D37F-4B3F-B74B-C10C66FE11B1,C31788,20260915,OT1_5,0,2,70FC22FC-0972-4261-99B3-226B15F00B33,2026-09-16 09:59:40.843,
3F13C51E-670D-4D6A-97DA-9378B882D879,C31789,20260914,OT1_5,0,2,70FC22FC-0972-4261-99B3-226B15F00B33,2026-09-15 17:21:02.773,
714A20D9-6067-4E18-BC69-6861F9023733,C31789,20260915,OT1_5,0,2,70FC22FC-0972-4261-99B3-226B15F00B33,2026-09-16 09:59:40.520,
9A28FC4E-6EAA-4A84-BED7-BC6A70AA5107,C31790,20260914,OT1_5,0,2,70FC22FC-0972-4261-99B3-226B15F00B33,2026-09-15 17:20:45.157,
6842FF4D-BAE3-4573-98AA-C66E1EC1B386,C31790,20260915,OT1_5,0,2,70FC22FC-0972-4261-99B3-226B15F00B33,2026-09-16 09:59:31.600,
7F0208F4-5A8E-4740-A0E3-76D6936C6447,C31791,20260914,OT1_5,0,1,70FC22FC-0972-4261-99B3-226B15F00B33,2026-09-15 17:21:06.680,
B45A8465-6635-4F07-B192-B5AFF2A0BB58,C31792,20260914,OT1_5,0,2,70FC22FC-0972-4261-99B3-226B15F00B33,2026-09-15 17:20:43.757,
0E84AE8C-D402-4406-A209-8F8216108707,C31792,20260915,OT1_5,0,2,70FC22FC-0972-4261-99B3-226B15F00B33,2026-09-16 09:59:40.003,
E012F65B-2236-4DA3-B31C-FD67CB1E092D,C31793,20260914,OT1_5,0,2,70FC22FC-0972-4261-99B3-226B15F00B33,2026-09-15 17:21:04.863,
BA5E6B4A-0C04-4976-969D-DD28DD3A7C05,C31793,20260915,OT1_5,0,2,70FC22FC-0972-4261-99B3-226B15F00B33,2026-09-16 09:59:33.583,
4EF14972-9995-4639-82F5-B4653A888844,C31795,20260914,OT1_5,0,2,70FC22FC-0972-4261-99B3-226B15F00B33,2026-09-15 17:20:57.263,
F355323B-3C67-43A2-910F-EE0F2B010486,C31798,20260914,OT1_5,0,2,70FC22FC-0972-4261-99B3-226B15F00B33,2026-09-15 17:20:58.643,
26AD594C-4E25-44C1-B02D-EA0AFD78660C,C31798,20260915,OT1_5,0,2,70FC22FC-0972-4261-99B3-226B15F00B33,2026-09-16 09:59:32.690,
0874F55F-7E6F-49DA-9B0B-3EBDCB02949C,C31807,20260914,OT1_5,0,2,70FC22FC-0972-4261-99B3-226B15F00B33,2026-09-15 17:21:00.527,
2ABAB04F-5926-409F-94EC-689B0298E3C4,C31807,20260915,OT1_5,0,2,70FC22FC-0972-4261-99B3-226B15F00B33,2026-09-16 09:59:38.023,
E6321207-0892-4E38-A087-D312B99C2927,C31809,20260914,OT1_5,0,2,70FC22FC-0972-4261-99B3-226B15F00B33,2026-09-15 17:20:58.540,
55068896-6F8C-42C5-A83F-AEFE8BC77C07,C31811,20260914,OT1_5,0,2,70FC22FC-0972-4261-99B3-226B15F00B33,2026-09-15 17:20:40.030,
A7D87883-8C12-4EB7-A748-6072DA19B92C,C31811,20260915,OT1_5,0,2,70FC22FC-0972-4261-99B3-226B15F00B33,2026-09-16 09:59:28.577,
0E1D6CDD-ED34-465E-A01D-E30A864F1317,C31812,20260914,OT1_5,0,2,70FC22FC-0972-4261-99B3-226B15F00B33,2026-09-15 17:21:05.383,
A05F03C2-9C3C-4A5D-A702-EEF75775D1E0,C31812,20260915,OT1_5,0,2,70FC22FC-0972-4261-99B3-226B15F00B33,2026-09-16 09:59:38.800,
6ADA06D5-4264-43DD-826F-24B960A5B4A6,C31816,20260914,OT1_5,0,2,70FC22FC-0972-4261-99B3-226B15F00B33,2026-09-15 17:20:44.250,
49675041-746A-4400-A07E-E708BF21ED2D,C31816,20260915,OT1_5,0,2,70FC22FC-0972-4261-99B3-226B15F00B33,2026-09-16 09:59:31.573,
A98C0FC1-96C9-4DA6-A846-29B625E0350E,C31817,20260915,OT1_5,0,2,70FC22FC-0972-4261-99B3-226B15F00B33,2026-09-16 09:59:34.483,
E1BC2D59-D3A8-42C7-9065-10B48128F0DF,C31818,20260914,OT1_5,0,2,70FC22FC-0972-4261-99B3-226B15F00B33,2026-09-15 17:21:00.370,
7B2F3BED-7054-4E5F-9AB5-05C7FEE19158,C31818,20260915,OT1_5,0,2,70FC22FC-0972-4261-99B3-226B15F00B33,2026-09-16 09:59:39.493,
825B146B-5BB5-4C02-9441-9B5352EF66EE,C31820,20260914,OT1_5,0,2,70FC22FC-0972-4261-99B3-226B15F00B33,2026-09-15 17:20:52.920,
F4A778D5-D73A-469D-9595-21CC0381176C,C31820,20260915,OT1_5,0,2,70FC22FC-0972-4261-99B3-226B15F00B33,2026-09-16 09:59:36.343,
8B4C91FA-61D0-4E9C-A9A5-7541C0C5D52F,C31821,20260914,OT1_5,0,2,70FC22FC-0972-4261-99B3-226B15F00B33,2026-09-15 17:21:00.773,
0A770815-FE25-4AEA-8710-3944BC47BA82,C31821,20260915,OT1_5,0,2,70FC22FC-0972-4261-99B3-226B15F00B33,2026-09-16 09:59:37.567,
068B94E8-6C11-46E0-B9FD-87B04DBE038D,C31823,20260915,OT1_5,0,2,70FC22FC-0972-4261-99B3-226B15F00B33,2026-09-16 09:59:39.410,
FEB0267C-FBF7-4181-AED3-FF9B293EE4B2,C31825,20260914,OT1_5,0,2,70FC22FC-0972-4261-99B3-226B15F00B33,2026-09-15 17:20:44.000,
3F4620EF-BF9A-414E-A64F-E333D6021FE3,C31825,20260915,OT1_5,0,2,70FC22FC-0972-4261-99B3-226B15F00B33,2026-09-16 09:59:31.937,
2F67C8C8-D767-4783-A785-4140DA0DF2E7,C31826,20260914,OT1_5,0,2,70FC22FC-0972-4261-99B3-226B15F00B33,2026-09-15 17:20:49.100,
808D8995-097C-4356-ADBE-61EAE823843F,C31826,20260915,OT1_5,0,2,70FC22FC-0972-4261-99B3-226B15F00B33,2026-09-16 09:59:36.393,
025199ED-51AB-470C-BCC3-449883C9967E,C31831,20260914,OT1_5,0,2,70FC22FC-0972-4261-99B3-226B15F00B33,2026-09-15 17:21:04.923,
7F81279E-6BDB-453A-8433-5CBB3AB38FED,C31831,20260915,OT1_5,0,2,70FC22FC-0972-4261-99B3-226B15F00B33,2026-09-16 09:59:38.850,
E3E15A81-89FB-4FEB-AF15-5DBE891DB4B4,C31835,20260914,OT1_5,0,2,70FC22FC-0972-4261-99B3-226B15F00B33,2026-09-15 17:20:57.450,
9376BCEF-F751-4A5E-83E9-4E0FC0E7D868,C31835,20260915,OT1_5,0,2,70FC22FC-0972-4261-99B3-226B15F00B33,2026-09-16 09:59:34.413,
EA2FA446-7AF5-4B5A-A1AF-8A225BE8CE03,C31837,20260914,OT1_5,0,2,70FC22FC-0972-4261-99B3-226B15F00B33,2026-09-15 17:21:00.883,
F8BF1F8A-0F47-4D58-9728-A3785F106017,C31837,20260915,OT1_5,0,2,70FC22FC-0972-4261-99B3-226B15F00B33,2026-09-16 09:59:40.650,
79359CC7-55CE-4F05-A64E-9B742AA28A0E,C31840,20260914,OT1_5,0,2,70FC22FC-0972-4261-99B3-226B15F00B33,2026-09-15 17:18:00.570,
2DA95E6B-29B2-4E18-843E-FB36A4119C56,C31842,20260914,OT1_5,0,2,70FC22FC-0972-4261-99B3-226B15F00B33,2026-09-15 17:20:51.833,
0AE85B82-1F91-432A-8792-86204121C71E,C31842,20260915,OT1_5,0,2,70FC22FC-0972-4261-99B3-226B15F00B33,2026-09-16 09:59:34.493,
AF9E225B-B683-4109-B118-06B095BF35ED,C31843,20260915,OT1_5,0,2,70FC22FC-0972-4261-99B3-226B15F00B33,2026-09-16 09:59:35.267,
B2B3B52E-B971-4CA9-8329-1A92859BFAA8,C31844,20260914,OT1_5,0,2,70FC22FC-0972-4261-99B3-226B15F00B33,2026-09-15 17:20:49.323,
6577C6FC-D56F-4F84-B504-7A2160719E40,C31844,20260915,OT1_5,0,2,70FC22FC-0972-4261-99B3-226B15F00B33,2026-09-16 09:59:31.563,
1D4BD465-3203-43FA-B0BB-77B5EC9FFAC2,C31845,20260914,OT1_5,0,2,70FC22FC-0972-4261-99B3-226B15F00B33,2026-09-15 17:20:46.463,
A73A2BC5-AE2E-4EF8-A228-09FE4F3697BD,C31845,20260915,OT1_5,0,2,70FC22FC-0972-4261-99B3-226B15F00B33,2026-09-16 09:59:31.277,
97568BAD-B240-4851-9BA9-114E7767BDE7,C31846,20260914,OT1_5,0,2,70FC22FC-0972-4261-99B3-226B15F00B33,2026-09-15 17:20:46.213,
63101F23-79C4-47F2-A63F-1767A851F9FD,C31846,20260915,OT1_5,0,2,70FC22FC-0972-4261-99B3-226B15F00B33,2026-09-16 09:59:31.143,
BC8BC6B5-168E-41CB-9CF2-3336D7227239,C31848,20260914,OT1_5,0,2,70FC22FC-0972-4261-99B3-226B15F00B33,2026-09-15 17:20:58.463,
02A36AF0-E9DC-41D4-AEAD-CAA8FCCF7522,C31849,20260914,OT1_5,0,2,70FC22FC-0972-4261-99B3-226B15F00B33,2026-09-15 17:20:48.440,
8DC90BF1-4EE5-4F3B-9794-06B5355DF507,C31849,20260915,OT1_5,0,2,70FC22FC-0972-4261-99B3-226B15F00B33,2026-09-16 09:59:32.110,
AC10FEA6-C41B-4460-BF3C-9D817F02ADF0,C31855,20260914,OT1_5,0,2,70FC22FC-0972-4261-99B3-226B15F00B33,2026-09-15 17:20:59.980,
30DEC6E4-39D2-42CF-BD16-FCA073CAA84F,C31855,20260915,OT1_5,0,2,70FC22FC-0972-4261-99B3-226B15F00B33,2026-09-16 09:59:37.977,
91928D77-786B-4A87-9E35-B565EC749AFB,C31856,20260914,OT1_5,0,2,70FC22FC-0972-4261-99B3-226B15F00B33,2026-09-15 17:20:45.533,
A78BE1B9-EFD7-47A2-B04C-5F6C1963C460,C31856,20260915,OT1_5,0,2,70FC22FC-0972-4261-99B3-226B15F00B33,2026-09-16 09:59:35.803,
88F7A203-B823-4B5F-9E85-CBC222FBF273,C31857,20260914,OT1_5,0,2,70FC22FC-0972-4261-99B3-226B15F00B33,2026-09-15 17:20:45.557,
CFCC7EA1-2F2B-45E1-B980-23BF6C9D5268,C31857,20260915,OT1_5,0,2,70FC22FC-0972-4261-99B3-226B15F00B33,2026-09-16 09:59:35.667,
7C4497F7-D213-4A15-A946-85723EA9C2BE,C31864,20260914,OT1_5,0,2,70FC22FC-0972-4261-99B3-226B15F00B33,2026-09-15 17:20:51.687,
871787DA-7ADA-4256-A650-12DB9EE8BF0D,C31864,20260915,OT1_5,0,2,70FC22FC-0972-4261-99B3-226B15F00B33,2026-09-16 09:59:35.227,
D6523075-7629-4061-966A-05BAD0A11819,C31867,20260914,OT1_5,0,2,70FC22FC-0972-4261-99B3-226B15F00B33,2026-09-15 17:20:52.693,
C661CB59-AC08-4525-A2ED-99D021F3674E,C31867,20260915,OT1_5,0,2,70FC22FC-0972-4261-99B3-226B15F00B33,2026-09-16 09:59:39.020,
3F729282-4ED3-403D-B3CD-00D283ECB16F,C31889,20260914,OT1_5,0,2,70FC22FC-0972-4261-99B3-226B15F00B33,2026-09-15 17:23:12.377,
D4031F5C-54BE-4E75-B882-E2431AF5992A,C31889,20260915,OT1_5,0,2,70FC22FC-0972-4261-99B3-226B15F00B33,2026-09-16 10:01:50.680,
395DECA6-4338-4CB6-877E-CE98A1B978E1,C31894,20260914,OT1_5,0,2,70FC22FC-0972-4261-99B3-226B15F00B33,2026-09-15 17:23:04.063,
3A06A8F0-6489-4BFF-8190-656FAEBC9CC5,C31894,20260915,OT1_5,0,2,70FC22FC-0972-4261-99B3-226B15F00B33,2026-09-16 10:01:49.473,
00B8D0AE-892E-48D3-B657-B1F0D2F6D86E,C31899,20260915,OT1_5,0,2,70FC22FC-0972-4261-99B3-226B15F00B33,2026-09-16 10:01:55.680,
43A92829-62FE-4C53-B56C-EA703F72CF1F,C31908,20260914,OT1_5,0,2,70FC22FC-0972-4261-99B3-226B15F00B33,2026-09-15 17:17:55.780,
F7F9F086-B655-43AD-9F5A-DF049BEDC98C,C31909,20260914,OT1_5,0,2,70FC22FC-0972-4261-99B3-226B15F00B33,2026-09-15 17:17:59.623,
F0D34127-E113-4644-81D6-D6BB3618178F,C31911,20260914,OT1_5,0,2,70FC22FC-0972-4261-99B3-226B15F00B33,2026-09-15 17:18:01.740,
F6592D5D-2D16-47EF-ACD8-67DF2D09A928,C31912,20260914,OT1_5,0,2,70FC22FC-0972-4261-99B3-226B15F00B33,2026-09-15 17:18:06.800,
DBE5345D-F720-4E91-8381-BDEC9A3A6534,C31913,20260914,OT1_5,0,2,70FC22FC-0972-4261-99B3-226B15F00B33,2026-09-15 17:18:12.050,
73688DCC-C9C9-49C3-8443-07DE60BB70F1,C31916,20260914,OT1_5,0,2,70FC22FC-0972-4261-99B3-226B15F00B33,2026-09-15 17:18:04.860,
DC660C6E-D751-4B65-9491-03A3D8E6CA1C,C31927,20260914,OT1_5,0,2,70FC22FC-0972-4261-99B3-226B15F00B33,2026-09-15 17:17:58.030,
A66DD4BF-206C-463F-8FCB-F69819017BED,C31929,20260914,OT1_5,0,2,70FC22FC-0972-4261-99B3-226B15F00B33,2026-09-15 17:17:59.963,
C3FA0A71-2EE4-4591-95E1-7867E824AA3E,C31930,20260914,OT1_5,0,2,70FC22FC-0972-4261-99B3-226B15F00B33,2026-09-15 17:17:58.250,
F3E6CA95-C5D5-48FD-8373-9B20B559D607,C31931,20260914,OT1_5,0,2,70FC22FC-0972-4261-99B3-226B15F00B33,2026-09-15 17:18:05.600,
C82EAB53-F6CC-4C67-8320-17712AA420EA,C31932,20260914,OT1_5,0,2,70FC22FC-0972-4261-99B3-226B15F00B33,2026-09-15 17:18:09.320,
753F49BD-CFB2-4E58-B16E-74AE4A7E6CA1,C31934,20260914,OT1_5,0,2,70FC22FC-0972-4261-99B3-226B15F00B33,2026-09-15 17:18:12.677,
88DD9841-B573-4607-A319-09C063A900D1,C31938,20260914,OT1_5,0,2,70FC22FC-0972-4261-99B3-226B15F00B33,2026-09-15 17:20:44.837,
862B4271-06DB-487B-BB8E-23775EF75652,C31938,20260915,OT1_5,0,2,70FC22FC-0972-4261-99B3-226B15F00B33,2026-09-16 09:59:33.317,
CFAF467D-356E-4F94-B3B0-61A11CA692EB,C31940,20260914,OT1_5,0,2,70FC22FC-0972-4261-99B3-226B15F00B33,2026-09-15 17:20:57.500,
974BB030-7515-4F3E-8516-2B505DC413E6,C31940,20260915,OT1_5,0,2,70FC22FC-0972-4261-99B3-226B15F00B33,2026-09-16 09:59:37.860,
7E0BC404-43DE-4BD7-A1CA-E7749766F748,C31943,20260914,OT1_5,0,2,70FC22FC-0972-4261-99B3-226B15F00B33,2026-09-15 17:20:57.517,
59CBDC40-C80B-4599-9656-1E1E0AE7920E,C31943,20260915,OT1_5,0,2,70FC22FC-0972-4261-99B3-226B15F00B33,2026-09-16 09:59:39.997,
2EEBE3CB-352A-4DF8-9BCD-389FB71EF788,C31952,20260914,OT1_5,0,2,70FC22FC-0972-4261-99B3-226B15F00B33,2026-09-15 17:20:44.780,
9D728616-572B-4F17-9F11-D98C1ADE7376,C31952,20260915,OT1_5,0,2,70FC22FC-0972-4261-99B3-226B15F00B33,2026-09-16 09:59:31.507,
4A293EC3-B1EF-4630-A16C-41F5BCAB1E6E,C31957,20260914,OT1_5,0,2,70FC22FC-0972-4261-99B3-226B15F00B33,2026-09-15 17:20:52.610,
380AA307-7590-48FC-9E22-C550B874603A,C31958,20260914,OT1_5,0,2,70FC22FC-0972-4261-99B3-226B15F00B33,2026-09-15 17:21:06.257,
DABD4B86-BD07-4EE9-AEB3-25BE9497F374,C31958,20260915,OT1_5,0,2,70FC22FC-0972-4261-99B3-226B15F00B33,2026-09-16 09:59:40.960,
7B756635-9F27-4B8A-8A8A-EC35C8727265,C31959,20260914,OT1_5,0,2,70FC22FC-0972-4261-99B3-226B15F00B33,2026-09-15 17:23:09.887,
5B715EE2-68F2-428F-AA8E-E64F53FDEE4B,C31959,20260915,OT1_5,0,2,70FC22FC-0972-4261-99B3-226B15F00B33,2026-09-16 10:01:52.023,
CDB2AC8D-518F-45C0-949D-41297FB83758,C31969,20260914,OT1_5,0,2,70FC22FC-0972-4261-99B3-226B15F00B33,2026-09-15 17:23:09.597,
7AFDA8A4-41C6-4764-A228-E2B46D7100C7,C31970,20260914,OT1_5,0,2,70FC22FC-0972-4261-99B3-226B15F00B33,2026-09-15 17:23:16.977,
2DF82213-12C6-41D9-BCA1-10E0124A2E12,C31970,20260915,OT1_5,0,2,70FC22FC-0972-4261-99B3-226B15F00B33,2026-09-16 10:01:56.047,
C9CFD030-9FA9-4E0F-889E-1F6650C4B42F,C31979,20260914,OT1_5,0,2,70FC22FC-0972-4261-99B3-226B15F00B33,2026-09-15 17:20:52.193,
3B320A82-C6C0-412D-A29E-61E679F8D41F,C31979,20260915,OT1_5,0,2,70FC22FC-0972-4261-99B3-226B15F00B33,2026-09-16 09:59:40.043,
1882A3B1-139F-4BF0-9C95-FC4FB53316A8,C31982,20260914,OT1_5,0,2,70FC22FC-0972-4261-99B3-226B15F00B33,2026-09-15 17:21:01.870,
AB55030C-43AC-4F99-9C3D-96DDF44651D4,C31985,20260914,OT1_5,0,2,70FC22FC-0972-4261-99B3-226B15F00B33,2026-09-15 17:21:00.933,
D0E9F50F-2D7C-41E0-B06C-FFEE565A5C60,C31985,20260915,OT1_5,0,2,70FC22FC-0972-4261-99B3-226B15F00B33,2026-09-16 09:59:36.433,
29F77B10-5D55-44BF-AAEB-B6936EC3409B,C31988,20260914,OT1_5,0,2,70FC22FC-0972-4261-99B3-226B15F00B33,2026-09-15 17:21:05.850,
A94D28DB-34D5-49FF-B852-7609669D2A3B,C31989,20260914,OT1_5,0,2,70FC22FC-0972-4261-99B3-226B15F00B33,2026-09-15 17:20:44.730,
19EBF589-CAED-45BD-B8E9-EBAC24BFFD6A,C31989,20260915,OT1_5,0,2,70FC22FC-0972-4261-99B3-226B15F00B33,2026-09-16 09:59:34.917,
A88A1EDD-46C6-4CDB-B252-768C3D748B70,C31990,20260914,OT1_5,0,2,70FC22FC-0972-4261-99B3-226B15F00B33,2026-09-15 17:20:46.137,
3BFABC63-D849-4D2C-B97B-D6D258A022CE,C31990,20260915,OT1_5,0,2,70FC22FC-0972-4261-99B3-226B15F00B33,2026-09-16 09:59:33.483,
6967A163-3341-4DBC-9FB5-866E1BB5F5D6,C31991,20260914,OT1_5,0,2,70FC22FC-0972-4261-99B3-226B15F00B33,2026-09-15 17:23:06.840,
98071C77-CEB9-4DD9-8FFD-4E5F203C3B5C,C31991,20260915,OT1_5,0,2,70FC22FC-0972-4261-99B3-226B15F00B33,2026-09-16 10:01:46.407,
D8AA6C67-95A9-43E8-B25C-B896CDC818DC,C31992,20260915,OT1_5,0,2,70FC22FC-0972-4261-99B3-226B15F00B33,2026-09-16 10:01:42.607,
895F8865-A46E-424F-9E14-3DD55F4679D6,C31993,20260914,OT1_5,0,2,70FC22FC-0972-4261-99B3-226B15F00B33,2026-09-15 17:20:40.417,
3DCC0349-EB9F-4BD7-8BC2-858F540EB65A,C31993,20260915,OT1_5,0,2,70FC22FC-0972-4261-99B3-226B15F00B33,2026-09-16 09:59:29.080,
65CBE599-D59E-46FE-A9D0-9E4070E3C7FB,C31995,20260914,OT1_5,0,2,70FC22FC-0972-4261-99B3-226B15F00B33,2026-09-15 17:21:01.803,
3F664A7B-B943-451D-9C06-8BD4D2C89DDA,C31995,20260915,OT1_5,0,2,70FC22FC-0972-4261-99B3-226B15F00B33,2026-09-16 09:59:35.780,
B7C4EA75-EEEB-4158-97A7-753E9F57EB23,C31997,20260914,OT1_5,0,2,70FC22FC-0972-4261-99B3-226B15F00B33,2026-09-15 17:20:55.713,
1FE2FEA8-49D0-423F-BB1A-615D2DEDA355,C31997,20260915,OT1_5,0,2,70FC22FC-0972-4261-99B3-226B15F00B33,2026-09-16 09:59:32.777,
DB305F60-D907-47E4-9A8A-1011F2CFAF6B,C32000,20260914,OT1_5,0,2,70FC22FC-0972-4261-99B3-226B15F00B33,2026-09-15 17:20:39.863,
9AB2A0B0-AA08-4238-AC40-C9DF56B0AC2B,C32000,20260915,OT1_5,0,2,70FC22FC-0972-4261-99B3-226B15F00B33,2026-09-16 09:59:29.023,
90AB66AD-9992-4FA8-AE17-3844E174BE78,C32001,20260914,OT1_5,0,2,70FC22FC-0972-4261-99B3-226B15F00B33,2026-09-15 17:20:43.203,
0E0D9B09-5730-42AE-A800-33499C7040B0,C32001,20260915,OT1_5,0,2,70FC22FC-0972-4261-99B3-226B15F00B33,2026-09-16 09:59:29.900,
A03845CD-1452-428B-B2F4-CC0647AA1A0C,C32003,20260914,OT1_5,0,2,70FC22FC-0972-4261-99B3-226B15F00B33,2026-09-15 17:23:06.207,
BF6A2910-5746-43C7-BF96-59E3BF49B431,C32003,20260915,OT1_5,0,2,70FC22FC-0972-4261-99B3-226B15F00B33,2026-09-16 10:01:44.870,
D108BB47-5675-40F0-8200-84A27435B4EB,C32005,20260914,OT1_5,0,2,70FC22FC-0972-4261-99B3-226B15F00B33,2026-09-15 17:20:48.090,
A76F7E64-1FAB-402F-8534-33DDD09FAF32,C32005,20260915,OT1_5,0,2,70FC22FC-0972-4261-99B3-226B15F00B33,2026-09-16 09:59:30.900,
DE0940EC-F61F-4FB0-A27A-3CD19138CB33,C32007,20260914,OT1_5,0,2,70FC22FC-0972-4261-99B3-226B15F00B33,2026-09-15 17:20:58.363,
890143C6-FCE6-4BB7-8D5A-71DA8B5DAC9D,C32007,20260915,OT1_5,0,2,70FC22FC-0972-4261-99B3-226B15F00B33,2026-09-16 09:59:37.927,
14EEAEEA-7862-4FDF-A39C-5662EDAAFCF0,C32009,20260914,OT1_5,0,2,70FC22FC-0972-4261-99B3-226B15F00B33,2026-09-15 17:20:42.423,
BBB32E87-8996-40F7-85A1-C4A2D6535426,C32009,20260915,OT1_5,0,2,70FC22FC-0972-4261-99B3-226B15F00B33,2026-09-16 09:59:29.687,
922520F0-2D12-4FBE-AEC8-F9CD5D0B3ECD,C32010,20260914,OT1_5,0,2,70FC22FC-0972-4261-99B3-226B15F00B33,2026-09-15 17:17:54.820,
A3CDB779-5F75-4F94-8259-B242E6FD1143,C32011,20260914,OT1_5,0,2,70FC22FC-0972-4261-99B3-226B15F00B33,2026-09-15 17:18:10.317,
9CCF8D6C-6529-48AB-AEE6-99ED5BE0504D,C32012,20260914,OT1_5,0,2,70FC22FC-0972-4261-99B3-226B15F00B33,2026-09-15 17:17:55.827,
602466D1-8801-48F5-9F86-6DF317C261E1,C32014,20260914,OT1_5,0,2,70FC22FC-0972-4261-99B3-226B15F00B33,2026-09-15 17:20:51.230,
EE0E73E9-87A4-4B30-94C1-F522FD9FCFFF,C32014,20260915,OT1_5,0,2,70FC22FC-0972-4261-99B3-226B15F00B33,2026-09-16 09:59:33.887,
57E44694-7328-40AA-9492-56E29FDB5396,C32015,20260914,OT1_5,0,2,70FC22FC-0972-4261-99B3-226B15F00B33,2026-09-15 17:21:06.310,
C9DFA6CD-1D6E-4F0C-B1AA-DE2A17383D65,C32017,20260914,OT1_5,0,2,70FC22FC-0972-4261-99B3-226B15F00B33,2026-09-15 17:23:12.030,
3FFA6CC2-C151-454B-AAFD-A6D80F59E9C0,C32018,20260914,OT1_5,0,2,70FC22FC-0972-4261-99B3-226B15F00B33,2026-09-15 17:23:16.373,
00E5F8F5-55E9-4167-8BF7-03A3A1C3E477,C32018,20260915,OT1_5,0,2,70FC22FC-0972-4261-99B3-226B15F00B33,2026-09-16 10:01:56.597,
2382040F-7BA3-4044-9C54-E35856945E46,C32019,20260915,OT1_5,0,2,70FC22FC-0972-4261-99B3-226B15F00B33,2026-09-16 10:01:54.453,
6878139D-5471-4B83-A0BB-C24D7BEA6CBF,C32020,20260914,OT1_5,0,3,70FC22FC-0972-4261-99B3-226B15F00B33,2026-09-15 17:23:18.983,
A7D8B0E4-B383-4889-84A3-F52AE39642E2,C32021,20260914,OT1_5,0,2,70FC22FC-0972-4261-99B3-226B15F00B33,2026-09-15 17:23:07.597,
B749C96F-0C46-40D9-BC4F-9F0D2804082E,C32021,20260915,OT1_5,0,2,70FC22FC-0972-4261-99B3-226B15F00B33,2026-09-16 10:01:44.613,
A9FEC3B2-A2CA-4318-9162-168E0AB09683,C32023,20260914,OT1_5,0,3,70FC22FC-0972-4261-99B3-226B15F00B33,2026-09-15 17:23:19.000,
EC1DE31C-6199-422C-9186-067AB0D03D76,C32024,20260914,OT1_5,0,2,70FC22FC-0972-4261-99B3-226B15F00B33,2026-09-15 17:23:18.590,
DE4BCA52-7563-4BCD-BE3A-40A8E4C6DA47,C32024,20260915,OT1_5,0,2,70FC22FC-0972-4261-99B3-226B15F00B33,2026-09-16 10:01:56.940,
F3B03FA1-E42B-49B7-B929-FF9318B07D97,C32025,20260914,OT1_5,0,2,70FC22FC-0972-4261-99B3-226B15F00B33,2026-09-15 17:23:17.950,
2F0ED5E7-635D-4B93-9A1A-B0F5344087EC,C32025,20260915,OT1_5,0,2,70FC22FC-0972-4261-99B3-226B15F00B33,2026-09-16 10:01:56.950,
39231DA2-1A1B-454F-8EBD-00DEE761D3B0,C32027,20260914,OT1_5,0,2,70FC22FC-0972-4261-99B3-226B15F00B33,2026-09-15 17:23:18.160,
ECC3B064-DA3C-4641-A9D3-5E9405EFD471,C32027,20260915,OT1_5,0,2,70FC22FC-0972-4261-99B3-226B15F00B33,2026-09-16 10:01:56.580,
4A8BAF51-38A7-48FC-9B63-0ADAFEF6C599,C32028,20260914,OT1_5,0,2,70FC22FC-0972-4261-99B3-226B15F00B33,2026-09-15 17:23:11.520,
29E9922C-5DF3-4E17-A6F3-1BD2E1FFBC50,C32028,20260915,OT1_5,0,2,70FC22FC-0972-4261-99B3-226B15F00B33,2026-09-16 10:01:52.813,
AB23E886-06CD-4AFE-8C4B-3E970838FF28,C32029,20260914,OT1_5,0,2,70FC22FC-0972-4261-99B3-226B15F00B33,2026-09-15 17:23:11.500,
642CACF1-2A55-4782-BABF-2A19ADE6B1F1,C32029,20260915,OT1_5,0,2,70FC22FC-0972-4261-99B3-226B15F00B33,2026-09-16 10:01:53.457,
80EC609F-4930-492E-8F58-ACF7D3FAFA8C,C32030,20260914,OT1_5,0,2,70FC22FC-0972-4261-99B3-226B15F00B33,2026-09-15 17:23:10.417,
4D19712C-D560-46D7-8784-55FBA4945B57,C32030,20260915,OT1_5,0,2,70FC22FC-0972-4261-99B3-226B15F00B33,2026-09-16 10:01:52.990,
FDC0A6E0-DA95-4DD7-8F02-5A763424DA7E,C32031,20260914,OT1_5,0,2,70FC22FC-0972-4261-99B3-226B15F00B33,2026-09-15 17:23:11.790,
28B0BB13-C275-4C9F-870E-C8646B04AB85,C32031,20260915,OT1_5,0,2,70FC22FC-0972-4261-99B3-226B15F00B33,2026-09-16 10:01:52.703,
E6B10C70-4AD4-4AEC-BA04-68B4881D5D78,C32034,20260914,OT1_5,0,6,70FC22FC-0972-4261-99B3-226B15F00B33,2026-09-15 17:20:39.397,
F32A2AEE-1537-41D8-918A-A85F106D85F1,C32034,20260915,OT1_5,0,2,70FC22FC-0972-4261-99B3-226B15F00B33,2026-09-16 09:59:29.150,
0DE6A0B8-C14E-4C02-B068-B09752C4943A,C32035,20260914,OT1_5,0,2,70FC22FC-0972-4261-99B3-226B15F00B33,2026-09-15 17:20:55.727,
26CB2BD6-174D-4E41-8768-5DC283046FF0,C32035,20260915,OT1_5,0,2,70FC22FC-0972-4261-99B3-226B15F00B33,2026-09-16 09:59:36.047,
A68C8074-393E-432C-9145-B4F592DEC551,C32037,20260914,OT1_5,0,2,70FC22FC-0972-4261-99B3-226B15F00B33,2026-09-15 17:20:58.280,
50F4D444-FA26-463F-AAFA-870280A526E7,C32037,20260915,OT1_5,0,2,70FC22FC-0972-4261-99B3-226B15F00B33,2026-09-16 09:59:36.070,
C911A06F-ED04-4B55-99A2-C5D0374C9038,C32040,20260914,OT1_5,0,2,70FC22FC-0972-4261-99B3-226B15F00B33,2026-09-15 17:18:06.593,
1C987D4B-7814-49F5-B7D5-A856AAA9331A,C32041,20260914,OT1_5,0,2,70FC22FC-0972-4261-99B3-226B15F00B33,2026-09-15 17:21:05.923,
24B8115B-F8CA-429D-9E31-5EB15BAA3C46,C32044,20260915,OT1_5,0,2,70FC22FC-0972-4261-99B3-226B15F00B33,2026-09-16 10:01:54.823,
C3C4D0FA-C111-4081-BB2A-9AC870736175,C32048,20260914,OT1_5,0,2,70FC22FC-0972-4261-99B3-226B15F00B33,2026-09-15 17:23:14.370,
5F1647C1-FC08-440C-AA7A-F3EC019767B7,C32048,20260915,OT1_5,0,2,70FC22FC-0972-4261-99B3-226B15F00B33,2026-09-16 10:01:54.707,
4FDBDAFF-9F87-40AE-9839-DD8AF90442F0,C32051,20260914,OT1_5,0,2,70FC22FC-0972-4261-99B3-226B15F00B33,2026-09-15 17:23:05.507,
B679F077-9796-431A-BD2E-16C0CF9F0220,C32051,20260915,OT1_5,0,2,70FC22FC-0972-4261-99B3-226B15F00B33,2026-09-16 10:01:43.890,
83FE50EC-7F5C-4026-B46A-A3848FBA53C5,C32052,20260914,OT1_5,0,2,70FC22FC-0972-4261-99B3-226B15F00B33,2026-09-15 17:23:03.863,
D2AB8AAC-E765-4498-B5D8-99A226DE3BC2,C32052,20260915,OT1_5,0,2,70FC22FC-0972-4261-99B3-226B15F00B33,2026-09-16 10:01:43.147,
4AE3B25E-95AF-4D54-898C-8C11798A1F75,C32054,20260914,OT1_5,0,1,70FC22FC-0972-4261-99B3-226B15F00B33,2026-09-15 17:21:06.580,
A773F61F-B6B9-4B94-9FBD-888D9FAAD6A5,C32054,20260915,OT1_5,0,2,70FC22FC-0972-4261-99B3-226B15F00B33,2026-09-16 09:59:32.030,
46CF9C78-8E72-41F7-8E29-E2C030CD5F3E,C32055,20260914,OT1_5,0,2,70FC22FC-0972-4261-99B3-226B15F00B33,2026-09-15 17:20:43.903,
44BF31FC-0204-4F7B-9ADD-848ECCB19ECD,C32055,20260915,OT1_5,0,1,70FC22FC-0972-4261-99B3-226B15F00B33,2026-09-16 09:59:28.237,
FBD74E88-470C-405F-83A5-D3FB66729E6A,C32057,20260914,OT1_5,0,2,70FC22FC-0972-4261-99B3-226B15F00B33,2026-09-15 17:20:41.070,
0C6D50BB-30A4-440B-B5E6-003FCA3DF3B2,C32057,20260915,OT1_5,0,2,70FC22FC-0972-4261-99B3-226B15F00B33,2026-09-16 09:59:29.047,
541777FC-7093-4B95-8B51-032074DEB07D,C32063,20260914,OT1_5,0,2,70FC22FC-0972-4261-99B3-226B15F00B33,2026-09-15 17:20:54.097,
7157E36D-BD53-4DD9-BFC0-CD93DFC87950,C32063,20260915,OT1_5,0,2,70FC22FC-0972-4261-99B3-226B15F00B33,2026-09-16 09:59:35.043,
CB7C1D0A-3B98-4E3B-87A6-A8D3F64F5F02,C32067,20260914,OT1_5,0,2,70FC22FC-0972-4261-99B3-226B15F00B33,2026-09-15 17:20:44.293,
1FB7F11A-DAB3-4C08-8815-4B5B9B65268A,C32067,20260915,OT1_5,0,2,70FC22FC-0972-4261-99B3-226B15F00B33,2026-09-16 09:59:31.343,
B03852FF-D504-414A-A089-B7140C2CFBAF,C32068,20260914,OT1_5,0,2,70FC22FC-0972-4261-99B3-226B15F00B33,2026-09-15 17:21:05.797,
9AE9CF95-22F5-47FB-B108-574A7C9BF8AA,C32068,20260915,OT1_5,0,2,70FC22FC-0972-4261-99B3-226B15F00B33,2026-09-16 09:59:38.117,
660FF14F-7277-41C2-AB4C-5DFD04E1207C,C32069,20260914,OT1_5,0,2,70FC22FC-0972-4261-99B3-226B15F00B33,2026-09-15 17:20:57.787,
2075611B-61DF-4EBC-AB74-B116237ADCC2,C32069,20260915,OT1_5,0,2,70FC22FC-0972-4261-99B3-226B15F00B33,2026-09-16 09:59:39.650,
34FCA758-AC1E-4D07-9281-1B785EA10E57,C32075,20260914,OT1_5,0,2,70FC22FC-0972-4261-99B3-226B15F00B33,2026-09-15 17:20:45.263,
48D86FCB-D83F-4CD9-B2B2-45E462B5B894,C32075,20260915,OT1_5,0,2,70FC22FC-0972-4261-99B3-226B15F00B33,2026-09-16 09:59:31.497,
E557B67D-3470-4DA1-9E07-9A5F2FE57D75,C32077,20260914,OT1_5,0,2,70FC22FC-0972-4261-99B3-226B15F00B33,2026-09-15 17:23:02.790,
FD8AD8E9-C64D-404E-9CC2-205D71C5AAC1,C32079,20260914,OT1_5,0,2,70FC22FC-0972-4261-99B3-226B15F00B33,2026-09-15 17:20:46.067,
8B146A10-9D58-4AA9-B1DE-B8ED3AD8B25C,C32079,20260915,OT1_5,0,2,70FC22FC-0972-4261-99B3-226B15F00B33,2026-09-16 09:59:34.330,
89DEA53E-E80D-4528-8AE6-5294E1AD31BC,C32080,20260914,OT1_5,0,2,70FC22FC-0972-4261-99B3-226B15F00B33,2026-09-15 17:20:55.433,
64383BD9-C115-494B-942E-5F945CD97FAF,C32080,20260915,OT1_5,0,2,70FC22FC-0972-4261-99B3-226B15F00B33,2026-09-16 09:59:38.377,
2D7BF3D6-E695-4CC6-94D5-0054BB5B55D8,C32082,20260914,OT1_5,0,2,70FC22FC-0972-4261-99B3-226B15F00B33,2026-09-15 17:20:56.023,
533B57FF-CFEF-4A32-A6B5-C8771C6C244B,C32082,20260915,OT1_5,0,2,70FC22FC-0972-4261-99B3-226B15F00B33,2026-09-16 09:59:37.487,
813ACF8F-0E33-4B42-8702-2E90488D4CE3,C32083,20260914,OT1_5,0,2,70FC22FC-0972-4261-99B3-226B15F00B33,2026-09-15 17:20:45.937,
43058BE9-81F2-491E-8A5A-F7345E1AB8DA,C32083,20260915,OT1_5,0,2,70FC22FC-0972-4261-99B3-226B15F00B33,2026-09-16 09:59:30.977,
38465220-A08E-40FA-83FF-745E35F40DC0,C32085,20260914,OT1_5,0,2,70FC22FC-0972-4261-99B3-226B15F00B33,2026-09-15 17:21:05.227,
BE21A5CF-453F-40C2-8325-EDF42F72900C,C32085,20260915,OT1_5,0,2,70FC22FC-0972-4261-99B3-226B15F00B33,2026-09-16 09:59:34.870,
476F230E-D6EF-4E20-AAFE-5CA50A428EA6,C32088,20260914,OT1_5,0,4,70FC22FC-0972-4261-99B3-226B15F00B33,2026-09-15 17:23:19.013,
2A26D922-378C-4FB6-9139-0AE59C417B62,C32088,20260915,OT1_5,0,2,70FC22FC-0972-4261-99B3-226B15F00B33,2026-09-16 10:01:55.260,
B548A270-BB35-41D7-B128-533A91C6D975,C32089,20260914,OT1_5,0,2,70FC22FC-0972-4261-99B3-226B15F00B33,2026-09-15 17:23:06.000,
0C91E94C-F1B0-4C67-A21F-010E37F29D0C,C32089,20260915,OT1_5,0,2,70FC22FC-0972-4261-99B3-226B15F00B33,2026-09-16 10:01:43.720,
32ABE99D-30AC-40C5-9B35-FD2B87763231,C32091,20260914,OT1_5,0,2,70FC22FC-0972-4261-99B3-226B15F00B33,2026-09-15 17:22:22.017,
A962EFEF-A795-4C63-8C12-506D17B6FD3D,C32091,20260915,OT1_5,0,2,70FC22FC-0972-4261-99B3-226B15F00B33,2026-09-16 10:01:12.950,
B00FE33B-76DE-4884-8149-615C018105F4,C32092,20260914,OT1_5,0,2,70FC22FC-0972-4261-99B3-226B15F00B33,2026-09-15 17:23:14.707,
9EE52DF0-803B-4C28-BDE2-DD9F21AF82BC,C32092,20260915,OT1_5,0,2,70FC22FC-0972-4261-99B3-226B15F00B33,2026-09-16 10:01:53.547,
FE700F6D-85D5-4137-919E-35AFBE7B6C11,C32093,20260914,OT1_5,0,2,70FC22FC-0972-4261-99B3-226B15F00B33,2026-09-15 17:23:14.583,
B0E64D0A-519A-411D-8270-CA51B570593C,C32093,20260915,OT1_5,0,2,70FC22FC-0972-4261-99B3-226B15F00B33,2026-09-16 10:01:54.443,
99481873-778B-434C-BE0F-3DF77C5D7610,C32097,20260914,OT1_5,0,2,70FC22FC-0972-4261-99B3-226B15F00B33,2026-09-15 17:23:07.527,
61CCE5CC-0519-45E7-BCB8-4BE090383AD6,C32097,20260915,OT1_5,0,2,70FC22FC-0972-4261-99B3-226B15F00B33,2026-09-16 10:01:46.200,
3B788938-154A-4026-85A7-8A877BF77036,C32098,20260914,OT1_5,0,2,70FC22FC-0972-4261-99B3-226B15F00B33,2026-09-15 17:23:08.747,
BF7F1D7E-D26E-496C-8A90-06F8A40CC4BD,C32098,20260915,OT1_5,0,2,70FC22FC-0972-4261-99B3-226B15F00B33,2026-09-16 10:01:50.253,
10484379-8369-4538-B4C6-C72F48B6FB03,C32103,20260914,OT1_5,0,2,70FC22FC-0972-4261-99B3-226B15F00B33,2026-09-15 17:20:43.687,
C210BBC1-97E0-4EF8-B45F-6E998396144D,C32103,20260915,OT1_5,0,2,70FC22FC-0972-4261-99B3-226B15F00B33,2026-09-16 09:59:30.227,
D72B1588-7B55-44C6-A941-0DC5AFBE1BDA,C32104,20260914,OT1_5,0,2,70FC22FC-0972-4261-99B3-226B15F00B33,2026-09-15 17:23:18.727,
4374243B-CF06-415C-B636-654A0C92E3C4,C32105,20260914,OT1_5,0,2,70FC22FC-0972-4261-99B3-226B15F00B33,2026-09-15 17:16:58.757,
EADB308A-5816-44C8-B453-778798EB8956,C32105,20260915,OT1_5,0,2,70FC22FC-0972-4261-99B3-226B15F00B33,2026-09-16 09:56:11.773,
91F15CCE-BECB-4BD4-A294-D08C8028E0CF,C32106,20260914,OT1_5,0,2,70FC22FC-0972-4261-99B3-226B15F00B33,2026-09-15 17:18:57.607,
94F627CC-9D4C-4EAF-A923-89A884D69C58,C32106,20260915,OT1_5,0,2,70FC22FC-0972-4261-99B3-226B15F00B33,2026-09-16 09:57:40.420,
108EA06B-D837-4E46-A844-CD65A176B606,C32108,20260915,OT1_5,0,2,70FC22FC-0972-4261-99B3-226B15F00B33,2026-09-16 09:56:58.213,
2CD06B59-8639-4DDD-87B6-970D4B991D98,C32109,20260914,OT1_5,0,2,70FC22FC-0972-4261-99B3-226B15F00B33,2026-09-15 17:18:08.160,
30DE2C72-3CD4-4D32-9DE9-C78FA405AF37,C32109,20260915,OT1_5,0,1,70FC22FC-0972-4261-99B3-226B15F00B33,2026-09-16 09:56:52.453,
5CA0133B-5E43-4640-A869-663CD7826AF0,C32110,20260914,OT1_5,0,2,70FC22FC-0972-4261-99B3-226B15F00B33,2026-09-15 17:18:09.980,
8BA789B1-7B4A-4D7B-8D89-6D30F97C2FC0,C32111,20260914,OT1_5,0,2,70FC22FC-0972-4261-99B3-226B15F00B33,2026-09-15 17:18:09.677,
C14592D1-039A-4954-A8FA-798DCC82785E,C32111,20260915,OT1_5,0,2,70FC22FC-0972-4261-99B3-226B15F00B33,2026-09-16 09:56:58.157,
936D3C5B-7BAA-4453-A311-E738797C4D81,C32113,20260914,OT1_5,0,2,70FC22FC-0972-4261-99B3-226B15F00B33,2026-09-15 17:20:51.357,
52C7B71D-EE5C-4206-9C16-5E8165DA9EC7,C32113,20260915,OT1_5,0,2,70FC22FC-0972-4261-99B3-226B15F00B33,2026-09-16 09:59:34.657,
97F62950-1217-4F43-925F-EA3705C5BEF1,C32120,20260914,OT1_5,0,2,70FC22FC-0972-4261-99B3-226B15F00B33,2026-09-15 17:20:40.497,
87A730C3-BBD5-49B8-A5DB-3CC255C460EB,C32120,20260915,OT1_5,0,2,70FC22FC-0972-4261-99B3-226B15F00B33,2026-09-16 09:59:28.980,
16E73671-AC73-4C4F-A9B2-07C0C4DBB8BE,C32121,20260915,OT1_5,0,2,70FC22FC-0972-4261-99B3-226B15F00B33,2026-09-16 09:59:39.690,
67678E1A-4145-4E7B-A3D2-4D1C4A4A72AD,C32126,20260914,OT1_5,0,2,70FC22FC-0972-4261-99B3-226B15F00B33,2026-09-15 17:23:09.783,
84918296-F61C-4F40-B7F7-DF13D4AFC45F,C32126,20260915,OT1_5,0,2,70FC22FC-0972-4261-99B3-226B15F00B33,2026-09-16 10:01:50.403,
7FBC6089-E01E-4957-9A9D-F94A14296743,C32127,20260914,OT1_5,0,2,70FC22FC-0972-4261-99B3-226B15F00B33,2026-09-15 17:17:59.610,
9AFEB70A-DC8A-45A5-832C-0B21D78E0EC6,C32127,20260915,OT1_5,0,2,70FC22FC-0972-4261-99B3-226B15F00B33,2026-09-16 09:56:52.873,
D6DB379C-E72E-4F61-979F-9511B429C754,C32128,20260914,OT1_5,0,2,70FC22FC-0972-4261-99B3-226B15F00B33,2026-09-15 17:23:18.360,
3238E00A-6FB4-4337-B4AE-A915DB9CD3EA,C32128,20260915,OT1_5,0,2,70FC22FC-0972-4261-99B3-226B15F00B33,2026-09-16 10:01:56.530,
035FB79B-FA3C-421F-ABB8-C6DEFEBE04FF,C32129,20260915,OT1_5,0,2,70FC22FC-0972-4261-99B3-226B15F00B33,2026-09-16 10:01:56.900,
9AD13D7E-3BCA-41BC-8F37-05306248913F,C32130,20260914,OT1_5,0,2,70FC22FC-0972-4261-99B3-226B15F00B33,2026-09-15 17:20:44.060,
28F13493-18DE-49DF-8FFD-08F9A549E036,C32136,20260914,OT1_5,0,2,70FC22FC-0972-4261-99B3-226B15F00B33,2026-09-15 17:20:40.810,
DAFD8D22-A492-4F53-93AC-CEB72FD7A0DA,C32136,20260915,OT1_5,0,2,70FC22FC-0972-4261-99B3-226B15F00B33,2026-09-16 09:59:29.217,
E2906864-533B-4962-86CC-C9D585537E89,C32139,20260914,OT1_5,0,2,70FC22FC-0972-4261-99B3-226B15F00B33,2026-09-15 17:20:58.223,
134F5EAE-527D-4606-A282-9CC986AEFC4F,C32139,20260915,OT1_5,0,2,70FC22FC-0972-4261-99B3-226B15F00B33,2026-09-16 09:59:38.157,
52F121F9-01E8-4DA3-9683-7824053174C4,C32140,20260914,OT1_5,0,2,70FC22FC-0972-4261-99B3-226B15F00B33,2026-09-15 17:21:05.957,
884EC1F2-A575-4BDF-8A56-301262EEEC5D,C32153,20260915,OT1_5,0,2,70FC22FC-0972-4261-99B3-226B15F00B33,2026-09-16 10:01:49.950,
8BFA6421-EF07-47C1-B1E6-DF989857539B,C32156,20260914,OT1_5,0,2,70FC22FC-0972-4261-99B3-226B15F00B33,2026-09-15 17:23:15.383,
A1DFCD89-A2EE-4C2C-8D6C-6BA9529061AE,C32156,20260915,OT1_5,0,2,70FC22FC-0972-4261-99B3-226B15F00B33,2026-09-16 10:01:54.860,
2C8B343B-4043-42CB-8DB5-7932439516FA,C32159,20260914,OT1_5,0,2,70FC22FC-0972-4261-99B3-226B15F00B33,2026-09-15 17:23:17.753,
34D41A8E-B242-4BB4-8652-7298D22FE21D,C32161,20260914,OT1_5,0,2,70FC22FC-0972-4261-99B3-226B15F00B33,2026-09-15 17:21:02.923,
91C3E024-0676-456A-9F35-3C9D2C6FA7A0,C32161,20260915,OT1_5,0,2,70FC22FC-0972-4261-99B3-226B15F00B33,2026-09-16 09:59:38.147,
6F8A0ED1-1F46-4CD3-8827-ABF84005375E,C32164,20260914,OT1_5,0,2,70FC22FC-0972-4261-99B3-226B15F00B33,2026-09-15 17:20:47.023,
CA548C35-343D-4A18-9347-5599C2AEFCDA,C32164,20260915,OT1_5,0,2,70FC22FC-0972-4261-99B3-226B15F00B33,2026-09-16 09:59:31.230,
43ACF456-258B-42E6-BB43-ED64A50DA2BA,C32166,20260914,OT1_5,0,2,70FC22FC-0972-4261-99B3-226B15F00B33,2026-09-15 17:20:45.293,
05383300-204E-447B-8077-3FFBFE3CB79D,C32167,20260914,OT1_5,0,2,70FC22FC-0972-4261-99B3-226B15F00B33,2026-09-15 17:21:02.900,
EFB1F5E2-94D6-47D9-9F94-31EBE1906CDA,C32168,20260914,OT1_5,0,2,70FC22FC-0972-4261-99B3-226B15F00B33,2026-09-15 17:20:55.143,
676A421F-4974-4FA6-9B95-3FEC588A2E7B,C32170,20260914,OT1_5,0,2,70FC22FC-0972-4261-99B3-226B15F00B33,2026-09-15 17:20:54.260,
E14022E3-DF5F-4212-8501-5058A8A38233,C32170,20260915,OT1_5,0,2,70FC22FC-0972-4261-99B3-226B15F00B33,2026-09-16 09:59:34.640,
58B61ADC-6462-440B-9CC9-2D466A66FEC3,C32171,20260914,OT1_5,0,2,70FC22FC-0972-4261-99B3-226B15F00B33,2026-09-15 17:23:11.687,
45600D36-0663-4A1F-80AE-D4572CA7A4E8,C32171,20260915,OT1_5,0,2,70FC22FC-0972-4261-99B3-226B15F00B33,2026-09-16 10:01:53.250,
A482C848-F829-4028-B54C-33C1F5A602A5,C32173,20260914,OT1_5,0,2,70FC22FC-0972-4261-99B3-226B15F00B33,2026-09-15 17:18:11.747,
C606D0C4-D358-430F-996D-F6F47D73B50A,C32174,20260914,OT1_5,0,2,70FC22FC-0972-4261-99B3-226B15F00B33,2026-09-15 17:17:55.890,
17D1ED43-EC5E-4F8A-A8F4-84133EA32380,C32176,20260914,OT1_5,0,2,70FC22FC-0972-4261-99B3-226B15F00B33,2026-09-15 17:21:01.703,
56B206B2-B3BE-49AA-8F95-4146DBFFF1F1,C32178,20260914,OT1_5,0,2,70FC22FC-0972-4261-99B3-226B15F00B33,2026-09-15 17:20:40.907,
6060B861-426F-445F-8CBE-122C07782017,C32178,20260915,OT1_5,0,2,70FC22FC-0972-4261-99B3-226B15F00B33,2026-09-16 09:59:29.697,
6B722840-64A5-49AF-A97A-D32360E3B145,C32180,20260914,OT1_5,0,2,70FC22FC-0972-4261-99B3-226B15F00B33,2026-09-15 17:21:05.483,
8F866303-743D-4C67-8D3C-77F5587F0B6E,C32184,20260914,OT1_5,0,2,70FC22FC-0972-4261-99B3-226B15F00B33,2026-09-15 17:21:04.390,
6BD5B5CD-5609-4CBB-8E3C-D168FCFED851,C32184,20260915,OT1_5,0,2,70FC22FC-0972-4261-99B3-226B15F00B33,2026-09-16 09:59:32.623,
A7DE6066-E1E0-4F89-8BD5-9D768DBFE47F,C32185,20260914,OT1_5,0,2,70FC22FC-0972-4261-99B3-226B15F00B33,2026-09-15 17:23:02.460,
06D7A29E-384C-4DB2-AB0E-A33600B960D1,C32185,20260915,OT1_5,0,2,70FC22FC-0972-4261-99B3-226B15F00B33,2026-09-16 10:01:43.547,
1318CEA0-A107-4654-8D24-9495CEC56858,C32194,20260914,OT1_5,0,2,70FC22FC-0972-4261-99B3-226B15F00B33,2026-09-15 17:20:49.140,
872ABF90-643C-4DBA-97F2-1F23468A7CD8,C32194,20260915,OT1_5,0,2,70FC22FC-0972-4261-99B3-226B15F00B33,2026-09-16 09:59:31.830,
B444D3A4-5228-4A83-8F2F-5D940AA1915D,C32199,20260914,OT1_5,0,2,70FC22FC-0972-4261-99B3-226B15F00B33,2026-09-15 17:20:44.043,
66F5A59E-4A5C-462D-BB94-4C1A5A5D7EE2,C32199,20260915,OT1_5,0,2,70FC22FC-0972-4261-99B3-226B15F00B33,2026-09-16 09:59:30.600,
D6131CE5-18C3-4ABC-ABFB-953342F7D09B,C32203,20260914,OT1_5,0,2,70FC22FC-0972-4261-99B3-226B15F00B33,2026-09-15 17:20:40.300,
2A70B365-E786-465D-B7A1-45EEA52E509C,C32203,20260915,OT1_5,0,2,70FC22FC-0972-4261-99B3-226B15F00B33,2026-09-16 09:59:28.800,
C6EA881F-62A0-4BE6-9A83-CC2DC5556C41,C32204,20260914,OT1_5,0,2,70FC22FC-0972-4261-99B3-226B15F00B33,2026-09-15 17:23:02.580,
017D818D-D1EA-4415-9E84-DC9C63988441,C32204,20260915,OT1_5,0,2,70FC22FC-0972-4261-99B3-226B15F00B33,2026-09-16 10:01:43.527,
ACBEB935-CEFA-44D2-9252-9F79F6DBB67B,C32205,20260914,OT1_5,0,2,70FC22FC-0972-4261-99B3-226B15F00B33,2026-09-15 17:20:54.910,
B6CC3AB6-DE26-447C-BD6C-4031A8196F43,C32206,20260914,OT1_5,0,2,70FC22FC-0972-4261-99B3-226B15F00B33,2026-09-15 17:20:58.167,
8A0AB7B5-7666-4642-9E41-630BC7FB9337,C32206,20260915,OT1_5,0,2,70FC22FC-0972-4261-99B3-226B15F00B33,2026-09-16 09:59:33.943,
05E35418-C55E-4677-B563-CFA7A600B246,C32208,20260914,OT1_5,0,2,70FC22FC-0972-4261-99B3-226B15F00B33,2026-09-15 17:20:45.007,
336E9A9C-39FB-436F-AEF3-07ACCF258C75,C32208,20260915,OT1_5,0,2,70FC22FC-0972-4261-99B3-226B15F00B33,2026-09-16 09:59:30.767,
3B8C126A-9821-49CA-8EBB-50C2F0039118,C32210,20260914,OT1_5,0,2,70FC22FC-0972-4261-99B3-226B15F00B33,2026-09-15 17:21:02.083,
9A15C60E-90DA-4139-8938-8B6B352E9713,C32211,20260914,OT1_5,0,2,70FC22FC-0972-4261-99B3-226B15F00B33,2026-09-15 17:21:05.737,
E48A0A3C-B3DB-4C72-8E91-F8B212A568A6,C32214,20260914,OT1_5,0,2,70FC22FC-0972-4261-99B3-226B15F00B33,2026-09-15 17:20:54.797,
5616E51B-B065-4D99-A3A4-1CC977867C1C,C32216,20260914,OT1_5,0,2,70FC22FC-0972-4261-99B3-226B15F00B33,2026-09-15 17:21:06.223,
8D5127E5-2F30-4FDC-8192-EF72CEA543D6,C32217,20260914,OT1_5,0,2,70FC22FC-0972-4261-99B3-226B15F00B33,2026-09-15 17:20:56.450,
CD43BE50-E1C9-4461-A737-AF2A0E06A4A0,C32218,20260914,OT1_5,0,2,70FC22FC-0972-4261-99B3-226B15F00B33,2026-09-15 17:20:54.667,
A57F9969-5643-4BFE-99AE-62A73D8D100D,C32219,20260914,OT1_5,0,2,70FC22FC-0972-4261-99B3-226B15F00B33,2026-09-15 17:21:05.243,
2C38A531-870A-44B5-BE49-D9F6A6FF2CE0,C32229,20260914,OT1_5,0,2,70FC22FC-0972-4261-99B3-226B15F00B33,2026-09-15 17:23:00.993,
5723064F-1B94-44D8-9389-22B8C93B04C0,C32230,20260914,OT1_5,0,2,70FC22FC-0972-4261-99B3-226B15F00B33,2026-09-15 17:23:13.257,
375FD9D6-B099-4FC2-8898-CA61CA8D62C8,C32230,20260915,OT1_5,0,2,70FC22FC-0972-4261-99B3-226B15F00B33,2026-09-16 10:01:52.177,
6E9AED13-9A21-48C7-BB2F-C30F2B2B3B8A,C32232,20260914,OT1_5,0,2,70FC22FC-0972-4261-99B3-226B15F00B33,2026-09-15 17:20:41.843,
7555574D-BE35-45CD-8B33-5488C7A79EB7,C32232,20260915,OT1_5,0,2,70FC22FC-0972-4261-99B3-226B15F00B33,2026-09-16 09:59:30.063,
FA2DDD43-F3B5-4717-8214-90745E764F4C,C32234,20260914,OT1_5,0,2,70FC22FC-0972-4261-99B3-226B15F00B33,2026-09-15 17:20:41.117,
E4112F04-7208-4226-AB53-5FF6085F697E,C32234,20260915,OT1_5,0,2,70FC22FC-0972-4261-99B3-226B15F00B33,2026-09-16 09:59:29.357,
1F9C509D-13EC-4126-9DCD-5141ACA3CF18,C32238,20260914,OT1_5,0,2,70FC22FC-0972-4261-99B3-226B15F00B33,2026-09-15 17:23:07.117,
259ACBBC-D69E-41A3-B703-FE870DDB887A,C32238,20260915,OT1_5,0,2,70FC22FC-0972-4261-99B3-226B15F00B33,2026-09-16 10:01:48.963,
E4B09F54-205B-4A81-9C76-1999BD825D72,C32241,20260914,OT1_5,0,2,70FC22FC-0972-4261-99B3-226B15F00B33,2026-09-15 17:23:14.440,
63D3E2AA-A699-45AF-A3DA-1AC82CD6194F,C32242,20260914,OT1_5,0,2,70FC22FC-0972-4261-99B3-226B15F00B33,2026-09-15 17:23:05.830,
E0885FE4-FA7F-405C-968D-E4863AD6ABF5,C32243,20260915,OT1_5,0,2,70FC22FC-0972-4261-99B3-226B15F00B33,2026-09-16 09:59:40.720,
620574EA-0625-4A31-8588-A68D39F41C93,C32245,20260914,OT1_5,0,2,70FC22FC-0972-4261-99B3-226B15F00B33,2026-09-15 17:18:11.883,
46F1EE87-7318-42D3-B218-E1176FEACCE3,C32247,20260914,OT1_5,0,2,70FC22FC-0972-4261-99B3-226B15F00B33,2026-09-15 17:23:15.213,
494880AE-0857-455D-A5D4-AE0C257F2097,C32247,20260915,OT1_5,0,2,70FC22FC-0972-4261-99B3-226B15F00B33,2026-09-16 10:01:54.960,
C6E95F4A-990B-46CC-ACA9-ECAC961B6535,C32248,20260914,OT1_5,0,2,70FC22FC-0972-4261-99B3-226B15F00B33,2026-09-15 17:23:14.887,
118AC932-D271-47A0-A540-8413BA05A2AB,C32248,20260915,OT1_5,0,2,70FC22FC-0972-4261-99B3-226B15F00B33,2026-09-16 10:01:50.477,
08D23E7F-0875-40E1-9BFE-C843131E0E87,C32249,20260914,OT1_5,0,2,70FC22FC-0972-4261-99B3-226B15F00B33,2026-09-15 17:17:56.743,
FF4D5566-86C6-4151-B9EC-D59BAE793945,C32254,20260914,OT1_5,0,2,70FC22FC-0972-4261-99B3-226B15F00B33,2026-09-15 17:20:43.473,
688AB0E8-F5DA-4AA1-A258-3EE15105721D,C32254,20260915,OT1_5,0,2,70FC22FC-0972-4261-99B3-226B15F00B33,2026-09-16 09:59:29.927,
7E36909D-586E-49CC-82FA-8BD95B29D211,C32259,20260914,OT1_5,0,2,70FC22FC-0972-4261-99B3-226B15F00B33,2026-09-15 17:21:06.143,
9CC5B9F9-0943-43CB-B609-B1546E7B4544,C32261,20260914,OT1_5,0,2,70FC22FC-0972-4261-99B3-226B15F00B33,2026-09-15 17:23:08.600,
04F1046E-9E79-4431-97B4-59F694BEE376,C32261,20260915,OT1_5,0,2,70FC22FC-0972-4261-99B3-226B15F00B33,2026-09-16 10:01:45.893,
24169868-A405-4C0E-BF56-1DD58B9E5438,C32268,20260914,OT1_5,0,2,70FC22FC-0972-4261-99B3-226B15F00B33,2026-09-15 17:23:10.393,
143B687D-A7B7-41F3-A196-4F5306E96891,C32268,20260915,OT1_5,0,2,70FC22FC-0972-4261-99B3-226B15F00B33,2026-09-16 10:01:52.163,
CC0BAD73-9C6F-49A5-A7FB-D68ED0091781,C32269,20260914,OT1_5,0,2,70FC22FC-0972-4261-99B3-226B15F00B33,2026-09-15 17:23:01.130,
BB721798-4A10-4011-B4FB-1909B94DA301,C32269,20260915,OT1_5,0,2,70FC22FC-0972-4261-99B3-226B15F00B33,2026-09-16 10:01:42.990,
8F62D397-B330-47EC-94F4-C8EA6B69922F,C32270,20260914,OT1_5,0,2,70FC22FC-0972-4261-99B3-226B15F00B33,2026-09-15 17:23:14.330,
B332511D-6F9B-4E83-A58B-D182EFFF3B9D,C32270,20260915,OT1_5,0,2,70FC22FC-0972-4261-99B3-226B15F00B33,2026-09-16 10:01:55.020,
7C893280-58C6-4F6D-B9D0-0794CB1D7FAB,C32277,20260914,OT1_5,0,2,70FC22FC-0972-4261-99B3-226B15F00B33,2026-09-15 17:23:16.520,
D3243080-FB79-4273-A253-D5723336AF17,C32278,20260914,OT1_5,0,2,70FC22FC-0972-4261-99B3-226B15F00B33,2026-09-15 17:23:12.697,
21967A96-5077-4A76-B3D2-774904F302E7,C32278,20260915,OT1_5,0,2,70FC22FC-0972-4261-99B3-226B15F00B33,2026-09-16 10:01:52.530,
14C00B32-5732-484D-9245-A9CEADCE8064,C32282,20260914,OT1_5,0,2,70FC22FC-0972-4261-99B3-226B15F00B33,2026-09-15 17:23:14.053,
1BC7C2A8-FA5B-4B0F-9B05-5F6FD0F26EFD,C32282,20260915,OT1_5,0,2,70FC22FC-0972-4261-99B3-226B15F00B33,2026-09-16 10:01:55.040,
60926ADC-4411-426B-BF98-13D41A6A5F85,C32289,20260914,OT1_5,0,2,70FC22FC-0972-4261-99B3-226B15F00B33,2026-09-15 17:23:17.627,
D5E2D19F-4A0E-407D-8B3C-63373D1227DD,C32291,20260914,OT1_5,0,2,70FC22FC-0972-4261-99B3-226B15F00B33,2026-09-15 17:23:05.950,
D85944CB-A2F1-4614-B9C8-167C14B008F5,C32291,20260915,OT1_5,0,2,70FC22FC-0972-4261-99B3-226B15F00B33,2026-09-16 10:01:44.370,
62960EDC-A475-4D12-B06F-87EA15E3124A,C32294,20260914,OT1_5,0,2,70FC22FC-0972-4261-99B3-226B15F00B33,2026-09-15 17:23:06.650,
8F4073BC-53DA-42B4-9C84-8DF683F4613D,C32294,20260915,OT1_5,0,2,70FC22FC-0972-4261-99B3-226B15F00B33,2026-09-16 10:01:45.003,
29F9F0C6-EFE3-4144-9990-F4F1EFFC1C16,C32296,20260914,OT1_5,0,2,70FC22FC-0972-4261-99B3-226B15F00B33,2026-09-15 17:20:54.550,
A9A1D396-1330-4AC4-BE5D-E41DD9878526,C32296,20260915,OT1_5,0,2,70FC22FC-0972-4261-99B3-226B15F00B33,2026-09-16 09:59:32.767,
92517019-4EA5-4343-8B47-8CF690127F54,C32297,20260914,OT1_5,0,2,70FC22FC-0972-4261-99B3-226B15F00B33,2026-09-15 17:23:03.373,
55493320-D2B7-44E2-A5FE-A82E832CC881,C32297,20260915,OT1_5,0,2,70FC22FC-0972-4261-99B3-226B15F00B33,2026-09-16 10:01:43.850,
A981E310-9060-4FDE-9AD1-19B89B20ADDA,C32298,20260914,OT1_5,0,2,70FC22FC-0972-4261-99B3-226B15F00B33,2026-09-15 17:23:11.477,
16B4EA1C-62B9-4E2A-B620-CF17DF22174D,C32298,20260915,OT1_5,0,2,70FC22FC-0972-4261-99B3-226B15F00B33,2026-09-16 10:01:43.443,
FA9221FF-57A4-48FB-A631-D3597ACF2BB1,C32299,20260914,OT1_5,0,2,70FC22FC-0972-4261-99B3-226B15F00B33,2026-09-15 17:23:13.327,
7B22037F-7090-4DCF-BCD6-7ECEDBB06227,C32299,20260915,OT1_5,0,2,70FC22FC-0972-4261-99B3-226B15F00B33,2026-09-16 10:01:53.783,
2C3832CE-82B1-494E-8922-A6E2A243785D,C32306,20260914,OT1_5,0,2,70FC22FC-0972-4261-99B3-226B15F00B33,2026-09-15 17:23:05.523,
D49948BC-FAAE-49E0-9C31-6529FF323481,C32306,20260915,OT1_5,0,2,70FC22FC-0972-4261-99B3-226B15F00B33,2026-09-16 10:01:46.910,
DE8C11CF-4B24-4F73-8A17-C5717E02554F,C32307,20260915,OT1_5,0,1,70FC22FC-0972-4261-99B3-226B15F00B33,2026-09-16 10:01:57.090,
F965069E-B453-4168-8C60-973D2E3A32E8,C32309,20260914,OT1_5,0,2,70FC22FC-0972-4261-99B3-226B15F00B33,2026-09-15 17:23:15.350,
A8CEBECC-BD6A-411F-B8F6-7E24C1E81501,C32309,20260915,OT1_5,0,2,70FC22FC-0972-4261-99B3-226B15F00B33,2026-09-16 10:01:53.880,
E2CF2A07-917E-4738-8AC9-CB8F832FE113,C32310,20260914,OT1_5,0,2,70FC22FC-0972-4261-99B3-226B15F00B33,2026-09-15 17:23:06.927,
10216BB4-2C87-433A-97BB-A1048A6669F0,C32311,20260914,OT1_5,0,2,70FC22FC-0972-4261-99B3-226B15F00B33,2026-09-15 17:23:16.637,
D71B6F28-B64D-4746-B8A2-73B8E1A7C1D0,C32311,20260915,OT1_5,0,2,70FC22FC-0972-4261-99B3-226B15F00B33,2026-09-16 10:01:55.967,
9CB96D4A-B56A-485F-A4FC-C2C2B2DED6EB,C32315,20260914,OT1_5,0,2,70FC22FC-0972-4261-99B3-226B15F00B33,2026-09-15 17:23:05.417,
0B4AB37C-7BCE-41C1-8695-C6A20ACAC62D,C32315,20260915,OT1_5,0,2,70FC22FC-0972-4261-99B3-226B15F00B33,2026-09-16 10:01:49.613,
EEB25422-A26C-40B0-8AA6-7BC83275D055,C32317,20260915,OT1_5,0,2.5,70FC22FC-0972-4261-99B3-226B15F00B33,2026-09-16 09:56:59.237,
FFD6BE73-E241-4F1B-9F81-9BA6FAC41A71,C32319,20260914,OT1_5,0,2,70FC22FC-0972-4261-99B3-226B15F00B33,2026-09-15 17:20:52.010,
1BFB3DE3-E9B8-4508-9A56-9DD61B1DAB30,C32319,20260915,OT1_5,0,2,70FC22FC-0972-4261-99B3-226B15F00B33,2026-09-16 09:59:37.363,
90A94486-C947-4BEC-81DD-5A4B4C78AAAB,C32321,20260914,OT1_5,0,2,70FC22FC-0972-4261-99B3-226B15F00B33,2026-09-15 17:23:59.023,
EC5420DD-9A3B-48FE-B1FC-4880644B9DCC,C32321,20260915,OT1_5,0,2,70FC22FC-0972-4261-99B3-226B15F00B33,2026-09-16 10:02:22.040,
C6383588-F3FB-444F-B898-4B08985D27B9,C32322,20260914,OT1_5,0,2,70FC22FC-0972-4261-99B3-226B15F00B33,2026-09-15 17:18:58.140,
5FFA72D9-B17B-4254-B6F0-600CC890D21F,C32322,20260915,OT1_5,0,2,70FC22FC-0972-4261-99B3-226B15F00B33,2026-09-16 09:57:40.583,
780EDBEC-78FC-4232-ADA8-7BA25D56EDB0,C32323,20260914,OT1_5,0,2,70FC22FC-0972-4261-99B3-226B15F00B33,2026-09-15 17:18:58.300,
9C86309C-B618-40B3-8171-4D42C2823D52,C32323,20260915,OT1_5,0,2,70FC22FC-0972-4261-99B3-226B15F00B33,2026-09-16 09:57:40.643,
292E3A74-0CF8-474C-8547-80E60A444D64,C32324,20260914,OT1_5,0,2,70FC22FC-0972-4261-99B3-226B15F00B33,2026-09-15 17:20:52.720,
8DCCBFEF-3F4A-4A04-9F41-5D52F2BA5301,C32324,20260915,OT1_5,0,2,70FC22FC-0972-4261-99B3-226B15F00B33,2026-09-16 09:59:34.927,
0F48ABCE-ACB6-4005-9555-A23252EF011F,C32325,20260914,OT1_5,0,4,70FC22FC-0972-4261-99B3-226B15F00B33,2026-09-15 17:18:57.153,
04503F05-0180-497E-BDDF-9B5244C097B4,C32325,20260915,OT1_5,0,4,70FC22FC-0972-4261-99B3-226B15F00B33,2026-09-16 09:57:39.220,
635237BC-41EA-4E82-B481-C4E6E5535247,C32327,20260914,OT1_5,0,2,70FC22FC-0972-4261-99B3-226B15F00B33,2026-09-15 17:21:03.773,
4531ED0C-BC84-472B-A7C8-0D345D990253,C32327,20260915,OT1_5,0,2,70FC22FC-0972-4261-99B3-226B15F00B33,2026-09-16 09:59:40.313,
668B3FE0-4CBF-4D6A-9662-55732D7B6B05,C32328,20260914,OT1_5,0,2,70FC22FC-0972-4261-99B3-226B15F00B33,2026-09-15 17:21:35.013,
083B8974-1BB9-4EF8-8858-352C749D0C53,C32328,20260915,OT1_5,0,2,70FC22FC-0972-4261-99B3-226B15F00B33,2026-09-16 10:00:14.010,
9DF5F7E2-32EE-407E-ABDB-3503156075CF,C32333,20260914,OT1_5,0,2,70FC22FC-0972-4261-99B3-226B15F00B33,2026-09-15 17:21:06.060,
011BFF47-F6E6-4FEB-9382-5C6511422D56,C32334,20260914,OT1_5,0,2,70FC22FC-0972-4261-99B3-226B15F00B33,2026-09-15 17:20:52.730,
BD9165A2-B992-4AAB-9407-87714776BCA2,C32334,20260915,OT1_5,0,2,70FC22FC-0972-4261-99B3-226B15F00B33,2026-09-16 09:59:33.740,
10C48CB2-954E-4400-BC5E-F826E6A18B8B,C32339,20260914,OT1_5,0,2,70FC22FC-0972-4261-99B3-226B15F00B33,2026-09-15 17:21:02.540,
C4B2CA77-3931-4FCC-B134-6A4131344533,C32339,20260915,OT1_5,0,2,70FC22FC-0972-4261-99B3-226B15F00B33,2026-09-16 09:59:38.517,
92F888CC-D52F-4C3A-AD4B-A0D01B5E62E6,C32343,20260914,OT1_5,0,3,70FC22FC-0972-4261-99B3-226B15F00B33,2026-09-15 17:20:39.650,
9DAFFBD3-5039-4647-A65E-6503CECD1CAA,C32344,20260915,OT1_5,0,2,70FC22FC-0972-4261-99B3-226B15F00B33,2026-09-16 09:59:34.423,
7E44C3A1-16E3-4A33-8326-2F99BB871C8C,C32346,20260914,OT1_5,0,2,70FC22FC-0972-4261-99B3-226B15F00B33,2026-09-15 17:20:52.810,
97E23FE9-9AD5-4498-B863-CA32298F952F,C32347,20260914,OT1_5,0,2,70FC22FC-0972-4261-99B3-226B15F00B33,2026-09-15 17:21:05.040,
38DF4903-4EA0-4A72-8DFC-538007B377E0,C32348,20260914,OT1_5,0,2,70FC22FC-0972-4261-99B3-226B15F00B33,2026-09-15 17:21:01.177,
CF970337-AD82-48A4-B4B4-D076AB7BC03C,C32348,20260915,OT1_5,0,2,70FC22FC-0972-4261-99B3-226B15F00B33,2026-09-16 09:59:34.180,
7F7C8597-1879-4314-9B61-0D634826BC9E,C32350,20260914,OT1_5,0,2,70FC22FC-0972-4261-99B3-226B15F00B33,2026-09-15 17:20:52.853,
0C0B9BA2-F3AC-411A-88BD-CEEE294A1D25,C32351,20260914,OT1_5,0,2,70FC22FC-0972-4261-99B3-226B15F00B33,2026-09-15 17:21:04.690,
04CF4C46-1FA6-449C-8D9B-4A5FA0CF87F8,C32351,20260915,OT1_5,0,2,70FC22FC-0972-4261-99B3-226B15F00B33,2026-09-16 09:59:40.133,
8F703A17-B55D-4F76-9A47-BBC60A29241A,C32354,20260914,OT1_5,0,2,70FC22FC-0972-4261-99B3-226B15F00B33,2026-09-15 17:20:42.717,
E53C3324-FFB5-4D70-AA81-C23CAE613972,C32354,20260915,OT1_5,0,2,70FC22FC-0972-4261-99B3-226B15F00B33,2026-09-16 09:59:30.170,
C15E0A00-8E21-4DA8-BD1F-B7ABBEE3EE1B,C32355,20260914,OT1_5,0,2,70FC22FC-0972-4261-99B3-226B15F00B33,2026-09-15 17:21:05.320,
2ADDA727-117A-4ADB-8EB8-D0382880B0A0,C32355,20260915,OT1_5,0,2,70FC22FC-0972-4261-99B3-226B15F00B33,2026-09-16 09:59:40.457,
0FBDD60F-6571-4AB3-972D-5DC9862E2DC0,C32356,20260914,OT1_5,0,2,70FC22FC-0972-4261-99B3-226B15F00B33,2026-09-15 17:21:02.337,
813124D0-47DB-4CBD-8162-86B7E42679DF,C32357,20260914,OT1_5,0,2,70FC22FC-0972-4261-99B3-226B15F00B33,2026-09-15 17:21:04.963,
BF9293BA-4FDF-4850-A59A-DE52A64EE18F,C32359,20260914,OT1_5,0,2,70FC22FC-0972-4261-99B3-226B15F00B33,2026-09-15 17:20:45.967,
21766DD2-CA05-4C93-8760-E8503E13E4AA,C32359,20260915,OT1_5,0,2,70FC22FC-0972-4261-99B3-226B15F00B33,2026-09-16 09:59:38.437,
09F98001-29C8-4BD0-9E13-52E857781EA4,C32360,20260914,OT1_5,0,2,70FC22FC-0972-4261-99B3-226B15F00B33,2026-09-15 17:21:00.000,
193AD43B-B3FE-43FF-B5A1-F59E5C09F377,C32360,20260915,OT1_5,0,2,70FC22FC-0972-4261-99B3-226B15F00B33,2026-09-16 09:59:38.527,
0CAC5956-3B6D-4C42-9A2C-57E6198A818B,C32361,20260914,OT1_5,0,1,70FC22FC-0972-4261-99B3-226B15F00B33,2026-09-15 17:21:06.717,
14453B05-EF7C-4E07-B38C-B937573AD930,C32362,20260914,OT1_5,0,1,70FC22FC-0972-4261-99B3-226B15F00B33,2026-09-15 17:21:06.690,
D9C1B2FC-F38A-4EE5-AE30-9E69827C2FAD,C32363,20260914,OT1_5,0,2,70FC22FC-0972-4261-99B3-226B15F00B33,2026-09-15 17:20:45.670,
00210787-3290-4256-B5B5-DC84B10A3902,C32363,20260915,OT1_5,0,2,70FC22FC-0972-4261-99B3-226B15F00B33,2026-09-16 09:59:30.957,
8E978B7D-7D1B-475F-BFD5-4C9EEDBE264B,C32366,20260914,OT1_5,0,2,70FC22FC-0972-4261-99B3-226B15F00B33,2026-09-15 17:20:45.983,
9BC80044-F0B3-4E04-8541-0F578190F2C3,C32366,20260915,OT1_5,0,2,70FC22FC-0972-4261-99B3-226B15F00B33,2026-09-16 09:59:30.150,
8FD0F541-83E2-4386-99E8-BE33AEAB1A0A,C32367,20260915,OT1_5,0,2,70FC22FC-0972-4261-99B3-226B15F00B33,2026-09-16 10:01:47.610,
BB168635-BD83-45FC-8202-A201B770AC80,C32368,20260914,OT1_5,0,2,70FC22FC-0972-4261-99B3-226B15F00B33,2026-09-15 17:20:46.680,
6BA2A600-DBCB-4B23-94D8-8E6DDA61C4BA,C32370,20260914,OT1_5,0,2,70FC22FC-0972-4261-99B3-226B15F00B33,2026-09-15 17:23:12.427,
7473B439-1DDC-45BE-8421-1A98C5382FC6,C32371,20260914,OT1_5,0,2,70FC22FC-0972-4261-99B3-226B15F00B33,2026-09-15 17:20:48.283,
CE489F04-C0BC-4172-AEDA-9EDD6611D310,C32372,20260914,OT1_5,0,2,70FC22FC-0972-4261-99B3-226B15F00B33,2026-09-15 17:20:46.720,
91BBBAE3-2723-4360-B691-FC44149BB47A,C32375,20260914,OT1_5,0,2,70FC22FC-0972-4261-99B3-226B15F00B33,2026-09-15 17:21:00.517,
35978579-0C5E-4D0A-89BE-1F38F099C5AF,C32376,20260914,OT1_5,0,2,70FC22FC-0972-4261-99B3-226B15F00B33,2026-09-15 17:21:04.853,
0BAE87F7-B190-4A8E-9A36-7EB55C452EE1,C32376,20260915,OT1_5,0,2,70FC22FC-0972-4261-99B3-226B15F00B33,2026-09-16 09:59:40.863,
B9BC19E3-4B1E-43F1-978E-9A284CF329E4,C32382,20260914,OT1_5,0,2,70FC22FC-0972-4261-99B3-226B15F00B33,2026-09-15 17:21:02.020,
1D7F7CEC-0A23-4767-80ED-150B7223A22A,C32382,20260915,OT1_5,0,2,70FC22FC-0972-4261-99B3-226B15F00B33,2026-09-16 09:59:40.660,
1BCF33F1-BF8F-4FEF-B218-2F6694998C07,C32383,20260915,OT1_5,0,2,70FC22FC-0972-4261-99B3-226B15F00B33,2026-09-16 09:59:34.713,
4C901300-5F07-4038-9EDD-4E09FA5C762C,C32384,20260914,OT1_5,0,2,70FC22FC-0972-4261-99B3-226B15F00B33,2026-09-15 17:20:52.073,
A69711E2-50B9-481B-B741-59465CBA4A6B,C32384,20260915,OT1_5,0,2,70FC22FC-0972-4261-99B3-226B15F00B33,2026-09-16 09:59:32.330,
5C4C792D-1A51-4983-97B7-27035C14CAB1,C32385,20260915,OT1_5,0,2,70FC22FC-0972-4261-99B3-226B15F00B33,2026-09-16 09:59:33.593,
0DDA6D70-2A12-4AEE-94F0-B0CC8C3D31FA,C32392,20260914,OT1_5,0,2,70FC22FC-0972-4261-99B3-226B15F00B33,2026-09-15 17:23:11.573,
591F30A2-3CE2-46AB-8DD5-4CD478C97D16,C32392,20260915,OT1_5,0,2,70FC22FC-0972-4261-99B3-226B15F00B33,2026-09-16 10:01:53.217,
133CFCF5-432D-41BB-A692-E373C9F0A473,C32398,20260914,OT1_5,0,2,70FC22FC-0972-4261-99B3-226B15F00B33,2026-09-15 17:23:13.313,
836A6ECE-6E89-4628-A45C-CF8A4D0F15A2,C32401,20260914,OT1_5,0,2,70FC22FC-0972-4261-99B3-226B15F00B33,2026-09-15 17:20:48.357,
7EBFAC92-C5AA-4B86-B2C0-330E46E42846,C32401,20260915,OT1_5,0,2,70FC22FC-0972-4261-99B3-226B15F00B33,2026-09-16 09:59:34.840,
7F8044FB-8A0A-47A0-AEEB-66706824C1AD,C32402,20260914,OT1_5,0,2,70FC22FC-0972-4261-99B3-226B15F00B33,2026-09-15 17:20:54.397,
214ABA42-BC8D-4081-A130-C9D905965E60,C32402,20260915,OT1_5,0,2,70FC22FC-0972-4261-99B3-226B15F00B33,2026-09-16 09:59:33.600,
405B96D3-8127-4304-83E1-6C811452DF12,C32403,20260914,OT1_5,0,2,70FC22FC-0972-4261-99B3-226B15F00B33,2026-09-15 17:23:10.470,
13F41820-BB6C-4E35-8E1D-383E7FE1E5B1,C32408,20260914,OT1_5,0,2,70FC22FC-0972-4261-99B3-226B15F00B33,2026-09-15 17:23:02.683,
FA52C6CD-C65B-4B9C-A9EF-1A1DD858863E,C32409,20260914,OT1_5,0,2,70FC22FC-0972-4261-99B3-226B15F00B33,2026-09-15 17:23:07.610,
951A7F1E-655D-45D0-AEC9-97A7A1D9C799,C32409,20260915,OT1_5,0,2,70FC22FC-0972-4261-99B3-226B15F00B33,2026-09-16 10:01:51.370,
960F8B04-E3B9-4A9E-9C07-CFB0489B5472,C32410,20260914,OT1_5,0,2,70FC22FC-0972-4261-99B3-226B15F00B33,2026-09-15 17:21:00.113,
172F3DA7-FECD-4B59-B5C6-67FF66272EE8,C32410,20260915,OT1_5,0,2,70FC22FC-0972-4261-99B3-226B15F00B33,2026-09-16 09:59:39.923,
3BC91D66-C439-4ECF-BEBE-06421F547A8D,C32412,20260914,OT1_5,0,2,70FC22FC-0972-4261-99B3-226B15F00B33,2026-09-15 17:20:44.617,
E361E2E3-C771-4B2B-86C1-D63038B7AD5D,C32413,20260914,OT1_5,0,2,70FC22FC-0972-4261-99B3-226B15F00B33,2026-09-15 17:20:53.180,
D1617219-C1A6-47BF-87F3-97258A91346B,C32413,20260915,OT1_5,0,2,70FC22FC-0972-4261-99B3-226B15F00B33,2026-09-16 09:59:35.980,
91F63DEC-FDF8-4F4D-8AB4-448B0BCFC9A2,C32414,20260914,OT1_5,0,2,70FC22FC-0972-4261-99B3-226B15F00B33,2026-09-15 17:21:01.967,
C7548C42-4AF2-4C20-B693-74257AFD6F92,C32414,20260915,OT1_5,0,2,70FC22FC-0972-4261-99B3-226B15F00B33,2026-09-16 09:59:36.497,
5F40E42B-5A91-465F-9887-C7E592B026C9,C32416,20260914,OT1_5,0,2,70FC22FC-0972-4261-99B3-226B15F00B33,2026-09-15 17:20:53.227,
F2915668-F52A-40DD-A45A-E11D81A2A35C,C32416,20260915,OT1_5,0,2,70FC22FC-0972-4261-99B3-226B15F00B33,2026-09-16 09:59:36.517,
08D66411-6372-45D6-86E4-D6BF89D6732E,C32418,20260914,OT1_5,0,2,70FC22FC-0972-4261-99B3-226B15F00B33,2026-09-15 17:20:48.877,
8E9302D7-1AB5-4912-B2EE-F00496601C39,C32418,20260915,OT1_5,0,2,70FC22FC-0972-4261-99B3-226B15F00B33,2026-09-16 09:59:34.237,
05CF9F4C-DD39-4DAE-808B-60B745630E67,C32430,20260914,OT1_5,0,2,70FC22FC-0972-4261-99B3-226B15F00B33,2026-09-15 17:20:46.490,
645469BC-3FFB-4C2C-8A21-12F108FC7A21,C32430,20260915,OT1_5,0,1,70FC22FC-0972-4261-99B3-226B15F00B33,2026-09-16 09:59:28.210,
304D1D19-1384-4CF1-8C5C-CF4039E2338F,C32435,20260914,OT1_5,0,2,70FC22FC-0972-4261-99B3-226B15F00B33,2026-09-15 17:23:11.853,
1D9A3CA6-7A0B-43AE-9E62-DAABE7EF689E,C32435,20260915,OT1_5,0,6,70FC22FC-0972-4261-99B3-226B15F00B33,2026-09-16 10:01:42.520,
00B450D0-876A-4243-9CE7-985B4370F0E8,C32436,20260914,OT1_5,0,2,70FC22FC-0972-4261-99B3-226B15F00B33,2026-09-15 17:23:16.917,
2B0A2B5B-0FDD-47E0-AE6B-B26B368A884B,C32436,20260915,OT1_5,0,2,70FC22FC-0972-4261-99B3-226B15F00B33,2026-09-16 10:01:55.357,
A01F8376-238F-4511-8F17-2827067F6936,C32437,20260914,OT1_5,0,2,70FC22FC-0972-4261-99B3-226B15F00B33,2026-09-15 17:23:01.417,
01DF6462-2DA9-4918-A208-E3F40EA8F058,C32437,20260915,OT1_5,0,2,70FC22FC-0972-4261-99B3-226B15F00B33,2026-09-16 10:01:42.850,
0F842B5E-7105-45EC-8C6F-55BBF06104AB,C32440,20260914,OT1_5,0,2,70FC22FC-0972-4261-99B3-226B15F00B33,2026-09-15 17:23:07.847,
B9A3D9B3-3252-411D-89BE-3258964973E5,C32441,20260914,OT1_5,0,2,70FC22FC-0972-4261-99B3-226B15F00B33,2026-09-15 17:23:10.930,
E1503F72-7C2F-4F39-96A4-DF7F86EFF4CB,C32441,20260915,OT1_5,0,2,70FC22FC-0972-4261-99B3-226B15F00B33,2026-09-16 10:01:51.360,
D33EF859-0FB4-4109-ADE0-621A8999A5DB,C32442,20260914,OT1_5,0,2,70FC22FC-0972-4261-99B3-226B15F00B33,2026-09-15 17:23:10.940,
028E72A1-5164-494C-A48F-BE8808A89F3D,C32442,20260915,OT1_5,0,2,70FC22FC-0972-4261-99B3-226B15F00B33,2026-09-16 10:01:51.347,
DF491C31-4FF4-4B10-AF6D-44CAAF7E36BC,C32443,20260914,OT1_5,0,2,70FC22FC-0972-4261-99B3-226B15F00B33,2026-09-15 17:23:11.000,
FBA3022E-CA27-4058-BB03-571276DF30C7,C32443,20260915,OT1_5,0,2,70FC22FC-0972-4261-99B3-226B15F00B33,2026-09-16 10:01:51.337,
F88F535C-85D0-4B0B-82D1-76E2F19B91E2,C32446,20260914,OT1_5,0,2,70FC22FC-0972-4261-99B3-226B15F00B33,2026-09-15 17:23:11.203,
9EB746B4-A7C8-404D-863E-AD2E5D50DFED,C32446,20260915,OT1_5,0,2,70FC22FC-0972-4261-99B3-226B15F00B33,2026-09-16 10:01:51.737,
FD445B37-6396-45E1-B037-5D7583B2D2BA,C32449,20260914,OT1_5,0,2,70FC22FC-0972-4261-99B3-226B15F00B33,2026-09-15 17:21:04.803,
21E8EE7C-9A01-4F5C-A72F-25EA08B783E6,C32450,20260914,OT1_5,0,2,70FC22FC-0972-4261-99B3-226B15F00B33,2026-09-15 17:20:59.917,
650A631B-2BE8-43BF-9B89-D9E6A56D1F81,C32450,20260915,OT1_5,0,2,70FC22FC-0972-4261-99B3-226B15F00B33,2026-09-16 09:59:39.540,
3F4D5CA3-199F-4759-B6BF-CAC02363D909,C32454,20260914,OT1_5,0,2,70FC22FC-0972-4261-99B3-226B15F00B33,2026-09-15 17:21:05.603,
B564F7A0-F812-4C4E-8846-D01F016818E0,C32460,20260914,OT1_5,0,1,70FC22FC-0972-4261-99B3-226B15F00B33,2026-09-15 17:21:06.557,
CA72FA4C-0D8E-4B48-A9FB-3E68EBF74450,C32468,20260914,OT1_5,0,2,70FC22FC-0972-4261-99B3-226B15F00B33,2026-09-15 17:20:52.293,
DC18B8CD-E834-4348-BEF1-F3EA026886A9,C32471,20260914,OT1_5,0,2,70FC22FC-0972-4261-99B3-226B15F00B33,2026-09-15 17:23:09.307,
4CD983D0-39A7-4D61-B51F-C86DB11276FA,C32471,20260915,OT1_5,0,2,70FC22FC-0972-4261-99B3-226B15F00B33,2026-09-16 10:01:48.903,
47950E6B-5FA2-4DD0-91DC-F4D8815003D7,C32475,20260914,OT1_5,0,2,70FC22FC-0972-4261-99B3-226B15F00B33,2026-09-15 17:20:56.740,
B68FE8FA-5310-4C2E-A99D-83605DD75DA3,C32475,20260915,OT1_5,0,2,70FC22FC-0972-4261-99B3-226B15F00B33,2026-09-16 09:59:40.420,
24DA0E81-6003-41BC-9A9F-59C9CD8D313D,C32476,20260914,OT1_5,0,2,70FC22FC-0972-4261-99B3-226B15F00B33,2026-09-15 17:20:57.837,
D61F8966-CFFB-4F77-BAC2-7AA65C157FFE,C32477,20260914,OT1_5,0,2,70FC22FC-0972-4261-99B3-226B15F00B33,2026-09-15 17:20:44.150,
EB9D7257-B6E7-429B-A3F5-DEE95827DE60,C32477,20260915,OT1_5,0,2,70FC22FC-0972-4261-99B3-226B15F00B33,2026-09-16 09:59:31.013,
CA021333-A068-4F3D-AB67-2B34F116EFE7,C32480,20260914,OT1_5,0,2,70FC22FC-0972-4261-99B3-226B15F00B33,2026-09-15 17:23:14.403,
7D16FB36-3F7B-43F0-AF7A-C136177E04B7,C32480,20260915,OT1_5,0,2,70FC22FC-0972-4261-99B3-226B15F00B33,2026-09-16 10:01:54.113,
033A6990-DA73-4D1D-B80B-280E288D6C9E,C32481,20260914,OT1_5,0,2,70FC22FC-0972-4261-99B3-226B15F00B33,2026-09-15 17:17:55.283,
C280B222-F289-44AC-89EC-6BCDF6936AD3,C32483,20260914,OT1_5,0,2,70FC22FC-0972-4261-99B3-226B15F00B33,2026-09-15 17:23:11.830,
3166A568-F04E-4FA9-A594-0308BB89E424,C32484,20260914,OT1_5,0,2,70FC22FC-0972-4261-99B3-226B15F00B33,2026-09-15 17:23:02.770,
775E7CED-807C-4ED5-B3A3-10C5A3FEDB36,C32484,20260915,OT1_5,0,2,70FC22FC-0972-4261-99B3-226B15F00B33,2026-09-16 10:01:43.330,
23278A3F-4975-4732-A05B-03B66ACF4A84,C32485,20260914,OT1_5,0,2,70FC22FC-0972-4261-99B3-226B15F00B33,2026-09-15 17:23:07.197,
0E86AC72-C414-449D-9357-5E65FB3D28DF,C32485,20260915,OT1_5,0,2,70FC22FC-0972-4261-99B3-226B15F00B33,2026-09-16 10:01:47.520,
B587C1A6-A49B-4C14-B970-240FCD955403,C32486,20260915,OT1_5,0,2,70FC22FC-0972-4261-99B3-226B15F00B33,2026-09-16 09:59:34.833,
639E067E-C17B-43CA-AE11-26991B7074FA,C32489,20260914,OT1_5,0,2,70FC22FC-0972-4261-99B3-226B15F00B33,2026-09-15 17:23:04.003,
AEB325A9-05C8-4111-B9B2-7875CC361D69,C32489,20260915,OT1_5,0,2,70FC22FC-0972-4261-99B3-226B15F00B33,2026-09-16 10:01:44.083,
C2E5E632-3E72-4263-9498-E580D3D4E666,C32490,20260914,OT1_5,0,2,70FC22FC-0972-4261-99B3-226B15F00B33,2026-09-15 17:23:05.040,
5EE1071D-EF62-4ABD-AA61-0A93C67D278F,C32492,20260914,OT1_5,0,2,70FC22FC-0972-4261-99B3-226B15F00B33,2026-09-15 17:21:34.960,
58B058A3-1840-4683-8ABB-3066DE1920C8,C32492,20260915,OT1_5,0,2,70FC22FC-0972-4261-99B3-226B15F00B33,2026-09-16 10:00:13.940,
5CC2CE0B-25E0-484F-84C1-8A0C3C3E0D88,C32497,20260914,OT1_5,0,2,70FC22FC-0972-4261-99B3-226B15F00B33,2026-09-15 17:20:57.797,
64438D31-E3A4-40A5-85D1-A192A26F13DB,C32497,20260915,OT1_5,0,2,70FC22FC-0972-4261-99B3-226B15F00B33,2026-09-16 09:59:33.800,
DC146CE6-B3CE-4778-AE2A-DF7546EC5F54,C32498,20260914,OT1_5,0,2,70FC22FC-0972-4261-99B3-226B15F00B33,2026-09-15 17:21:01.720,
B615DA35-3761-4AC5-BA72-22615A395887,C32498,20260915,OT1_5,0,2,70FC22FC-0972-4261-99B3-226B15F00B33,2026-09-16 09:59:37.333,
7D83CF6A-7E05-4845-AE3B-8B1A2E01F17B,C32501,20260914,OT1_5,0,2,70FC22FC-0972-4261-99B3-226B15F00B33,2026-09-15 17:21:04.007,
D540B055-6AE7-4854-B898-1272F189613A,C32501,20260915,OT1_5,0,2,70FC22FC-0972-4261-99B3-226B15F00B33,2026-09-16 09:59:40.700,
71BDC9C9-D12C-4138-AE29-3BFF4F322CA0,C32503,20260914,OT1_5,0,2,70FC22FC-0972-4261-99B3-226B15F00B33,2026-09-15 17:20:59.333,
8D0F392E-EF45-4670-8967-D54BAC41ECC7,C32503,20260915,OT1_5,0,2,70FC22FC-0972-4261-99B3-226B15F00B33,2026-09-16 09:59:39.307,
A80BC181-71D2-48AC-96DC-DDBE0E918219,C32504,20260914,OT1_5,0,2,70FC22FC-0972-4261-99B3-226B15F00B33,2026-09-15 17:21:02.860,
FFF4CEA6-5544-4797-9313-25347281AD1D,C32504,20260915,OT1_5,0,2,70FC22FC-0972-4261-99B3-226B15F00B33,2026-09-16 09:59:38.630,
3B9F329D-893B-45DB-827E-007C09BCFA22,C32505,20260914,OT1_5,0,2,70FC22FC-0972-4261-99B3-226B15F00B33,2026-09-15 17:21:02.940,
1F449C78-9110-47BA-9545-66A1E7AB1031,C32505,20260915,OT1_5,0,2,70FC22FC-0972-4261-99B3-226B15F00B33,2026-09-16 09:59:40.690,
C9E0C980-F71C-4876-AF84-1011364C43A5,C32506,20260915,OT1_5,0,2,70FC22FC-0972-4261-99B3-226B15F00B33,2026-09-16 09:59:33.980,
C614F0BD-E410-44F8-8A8D-CE6F2BDBC950,C32508,20260914,OT1_5,0,2,70FC22FC-0972-4261-99B3-226B15F00B33,2026-09-15 17:20:39.980,
92FB793B-A3A4-4661-8E25-45A337862B86,C32509,20260914,OT1_5,0,2,70FC22FC-0972-4261-99B3-226B15F00B33,2026-09-15 17:20:41.700,
51284D95-B3B2-4452-8A9B-CE33640155BE,C32509,20260915,OT1_5,0,2,70FC22FC-0972-4261-99B3-226B15F00B33,2026-09-16 09:59:28.953,
B9A5F940-33A1-4C06-ACDF-3325D231B009,C32518,20260914,OT1_5,0,2,70FC22FC-0972-4261-99B3-226B15F00B33,2026-09-15 17:20:42.777,
3B1666BE-68A7-4756-966B-8844E503AB94,C32519,20260914,OT1_5,0,2,70FC22FC-0972-4261-99B3-226B15F00B33,2026-09-15 17:23:02.007,
EA0DDC6C-94D5-4BBA-8FA4-3A34D2A9C38F,C32519,20260915,OT1_5,0,2,70FC22FC-0972-4261-99B3-226B15F00B33,2026-09-16 10:01:42.710,
65BB32BE-25AF-4439-A906-0796AFC68D89,C32520,20260914,OT1_5,0,2,70FC22FC-0972-4261-99B3-226B15F00B33,2026-09-15 17:20:48.000,
1C96BDAA-7AC8-4981-A6F4-1DBD63998311,C32520,20260915,OT1_5,0,2,70FC22FC-0972-4261-99B3-226B15F00B33,2026-09-16 09:59:36.557,
B439B192-0DE0-4FAB-A32A-B213D0BA7591,C32521,20260914,OT1_5,0,6,70FC22FC-0972-4261-99B3-226B15F00B33,2026-09-15 17:23:19.143,
C00E4C9A-034A-430C-AF5F-DBFA8973D46A,C32521,20260915,OT1_5,0,2,70FC22FC-0972-4261-99B3-226B15F00B33,2026-09-16 10:01:56.310,
0A153D67-E542-4888-8025-7E348FB17866,C32522,20260914,OT1_5,0,2,70FC22FC-0972-4261-99B3-226B15F00B33,2026-09-15 17:20:43.917,
1D083A42-7DFB-4EE7-BB09-A245E17DB4E9,C32523,20260914,OT1_5,0,2,70FC22FC-0972-4261-99B3-226B15F00B33,2026-09-15 17:20:43.383,
1C290532-F9CA-487B-B4A9-46AAB06EC0A4,C32524,20260914,OT1_5,0,2,70FC22FC-0972-4261-99B3-226B15F00B33,2026-09-15 17:20:41.177,
75242589-8C93-4868-A57A-C644DCBC51C1,C32524,20260915,OT1_5,0,2,70FC22FC-0972-4261-99B3-226B15F00B33,2026-09-16 09:59:34.393,
37001376-D017-4BCC-80B6-4A38F78FA0AB,C32525,20260914,OT1_5,0,2,70FC22FC-0972-4261-99B3-226B15F00B33,2026-09-15 17:20:42.930,
85D59EE3-A47B-45D4-8035-7A7A88E280D3,C32526,20260914,OT1_5,0,2,70FC22FC-0972-4261-99B3-226B15F00B33,2026-09-15 17:20:42.630,
23B3E56C-6071-4587-A88E-4D8A191EF0BC,C32527,20260914,OT1_5,0,2,70FC22FC-0972-4261-99B3-226B15F00B33,2026-09-15 17:20:44.907,
11219542-E17A-4F79-8F3F-11771905EA1B,C32528,20260914,OT1_5,0,2,70FC22FC-0972-4261-99B3-226B15F00B33,2026-09-15 17:20:48.023,
B55ECC78-28C5-494E-A672-2501D7C647C6,C32529,20260914,OT1_5,0,2,70FC22FC-0972-4261-99B3-226B15F00B33,2026-09-15 17:20:43.340,
49EB6A5A-981E-4630-8888-9D8C6644F1FC,C32531,20260914,OT1_5,0,2,70FC22FC-0972-4261-99B3-226B15F00B33,2026-09-15 17:20:41.500,
6723E3AC-F985-4A78-9E82-7BD0664CE70C,C32532,20260914,OT1_5,0,2,70FC22FC-0972-4261-99B3-226B15F00B33,2026-09-15 17:20:43.090,
7405386C-FE80-44E9-BE64-9C264215E8EB,C32532,20260915,OT1_5,0,2,70FC22FC-0972-4261-99B3-226B15F00B33,2026-09-16 09:59:30.553,
F962F418-65C8-4CD9-819B-1E26E3FCA2CA,C32534,20260915,OT1_5,0,2,70FC22FC-0972-4261-99B3-226B15F00B33,2026-09-16 09:59:39.803,
3303FC77-F47E-460A-8279-E5ED59DD1AD7,C32535,20260914,OT1_5,0,2,70FC22FC-0972-4261-99B3-226B15F00B33,2026-09-15 17:20:56.293,
4A2D6726-EC58-4D7B-94DE-E8186A33833D,C32535,20260915,OT1_5,0,2,70FC22FC-0972-4261-99B3-226B15F00B33,2026-09-16 09:59:36.567,
7F4C505E-8890-4AD2-BDF5-F7170E35DAFB,C32536,20260914,OT1_5,0,2,70FC22FC-0972-4261-99B3-226B15F00B33,2026-09-15 17:21:05.890,
C09C1778-93D2-4695-A2D9-A2BEE02864DC,C32538,20260914,OT1_5,0,2,70FC22FC-0972-4261-99B3-226B15F00B33,2026-09-15 17:20:47.707,
61ADD769-876C-4363-B840-BC27A88BB5CF,C32538,20260915,OT1_5,0,2,70FC22FC-0972-4261-99B3-226B15F00B33,2026-09-16 09:59:31.977,
D5094C15-3901-4A98-9389-4416F7FF1EC3,C32539,20260914,OT1_5,0,2,70FC22FC-0972-4261-99B3-226B15F00B33,2026-09-15 17:20:54.357,
AE26B4A8-970B-4C37-BB87-113DED8CA4B9,C32539,20260915,OT1_5,0,2,70FC22FC-0972-4261-99B3-226B15F00B33,2026-09-16 09:59:36.573,
324EA401-21BC-4F0E-95FE-2BB220EC0902,C32541,20260914,OT1_5,0,2,70FC22FC-0972-4261-99B3-226B15F00B33,2026-09-15 17:20:56.277,
F078C794-C8D7-45EC-AA45-2B407EF7D87E,C32542,20260914,OT1_5,0,2,70FC22FC-0972-4261-99B3-226B15F00B33,2026-09-15 17:20:54.893,
EBA0FDFE-06D0-451D-B53A-C6ECB1A126A4,C32542,20260915,OT1_5,0,2,70FC22FC-0972-4261-99B3-226B15F00B33,2026-09-16 09:59:37.967,
A2F1064A-C143-427E-9EC2-A8BC58B1E96C,C32543,20260914,OT1_5,0,2,70FC22FC-0972-4261-99B3-226B15F00B33,2026-09-15 17:23:16.927,
0BCA0E7B-6BA4-44C8-B964-CEA51B602855,C32543,20260915,OT1_5,0,2,70FC22FC-0972-4261-99B3-226B15F00B33,2026-09-16 10:01:56.540,
8F51F6D7-50C3-43F8-A8C9-35854F9C5FB5,C32546,20260914,OT1_5,0,2,70FC22FC-0972-4261-99B3-226B15F00B33,2026-09-15 17:23:12.543,
DF989CCB-025E-4D22-BF6E-25CDC9F2A6E8,C32549,20260914,OT1_5,0,2,70FC22FC-0972-4261-99B3-226B15F00B33,2026-09-15 17:18:01.470,
1CD3746B-5A73-42DF-AE54-09373505B00C,C32550,20260914,OT1_5,0,2,70FC22FC-0972-4261-99B3-226B15F00B33,2026-09-15 17:18:10.030,
6D02568E-9348-4D67-80CC-9ADA672759F3,C32551,20260914,OT1_5,0,2,70FC22FC-0972-4261-99B3-226B15F00B33,2026-09-15 17:18:01.043,
3F8AD630-777C-4C56-B007-CE12E44E579F,C32552,20260914,OT1_5,0,2,70FC22FC-0972-4261-99B3-226B15F00B33,2026-09-15 17:18:04.723,
A7F7E73E-A17A-4644-9775-008BC07567AF,C32555,20260914,OT1_5,0,2,70FC22FC-0972-4261-99B3-226B15F00B33,2026-09-15 17:18:06.030,
AD4A80AD-5D22-4C27-A991-4400409DAB4F,C32556,20260914,OT1_5,0,2,70FC22FC-0972-4261-99B3-226B15F00B33,2026-09-15 17:18:07.297,
EFD75805-DB04-4974-BDFC-15E54EFCFC19,C32558,20260914,OT1_5,0,2,70FC22FC-0972-4261-99B3-226B15F00B33,2026-09-15 17:18:09.957,
ACCD24C5-4F4D-4EB4-87F7-110C856F020B,C32559,20260914,OT1_5,0,2,70FC22FC-0972-4261-99B3-226B15F00B33,2026-09-15 17:18:12.760,
F51CF70B-A1D7-4E24-98CD-58CD9FEC1592,C32559,20260915,OT1_5,0,2,70FC22FC-0972-4261-99B3-226B15F00B33,2026-09-16 09:56:58.820,
C92548E8-3982-4387-A751-FE37549212EC,C32560,20260914,OT1_5,0,2,70FC22FC-0972-4261-99B3-226B15F00B33,2026-09-15 17:20:59.503,
323DF983-3366-4E6F-AA3C-0016DB61C023,C32560,20260915,OT1_5,0,2,70FC22FC-0972-4261-99B3-226B15F00B33,2026-09-16 09:59:37.203,
3A00A9BE-B7B0-405B-804D-4EBFB7CD7D7F,C32562,20260914,OT1_5,0,2,70FC22FC-0972-4261-99B3-226B15F00B33,2026-09-15 17:18:11.517,
CB4BEBD1-F981-48AC-B1CD-15161552F3CB,C32562,20260915,OT1_5,0,2,70FC22FC-0972-4261-99B3-226B15F00B33,2026-09-16 09:56:58.757,
16E41C66-81EA-431A-97C3-53F1148DFD89,C32565,20260914,OT1_5,0,2,70FC22FC-0972-4261-99B3-226B15F00B33,2026-09-15 17:18:06.437,
2FADED0A-3AAE-4ED7-8827-2A9C0ADD8E7F,C32565,20260915,OT1_5,0,2,70FC22FC-0972-4261-99B3-226B15F00B33,2026-09-16 09:56:57.097,
E7140F3E-58A2-4C00-8792-E48C0646403F,C32568,20260914,OT1_5,0,2,70FC22FC-0972-4261-99B3-226B15F00B33,2026-09-15 17:20:50.443,
D8CD59AE-465C-47F1-AFAB-23CF20648B7C,C32568,20260915,OT1_5,0,2,70FC22FC-0972-4261-99B3-226B15F00B33,2026-09-16 09:59:34.550,
F08ED01A-C91F-44B8-9094-4681F7FD780F,C32569,20260914,OT1_5,0,2,70FC22FC-0972-4261-99B3-226B15F00B33,2026-09-15 17:20:50.487,
73EDF493-2139-4F08-B587-A3A31742292E,C32569,20260915,OT1_5,0,2,70FC22FC-0972-4261-99B3-226B15F00B33,2026-09-16 09:59:33.420,
2AEF9FB4-5F8A-47B9-ABFC-1DC29EEDE458,C32570,20260914,OT1_5,0,2,70FC22FC-0972-4261-99B3-226B15F00B33,2026-09-15 17:20:45.620,
6747F1E5-A805-4B7D-B4BD-FD962D7C8C47,C32570,20260915,OT1_5,0,2,70FC22FC-0972-4261-99B3-226B15F00B33,2026-09-16 09:59:31.610,
61F42FD8-1E07-4784-AF38-A7CAE4407814,C32571,20260914,OT1_5,0,2,70FC22FC-0972-4261-99B3-226B15F00B33,2026-09-15 17:20:46.420,
756E0A8C-D0E9-4A0A-AD20-B158BC9FFB2D,C32571,20260915,OT1_5,0,2,70FC22FC-0972-4261-99B3-226B15F00B33,2026-09-16 09:59:35.490,
5FF2B1C0-F320-4FCA-82C1-1C3D4BEBD2A8,C32572,20260914,OT1_5,0,4,70FC22FC-0972-4261-99B3-226B15F00B33,2026-09-15 17:18:57.103,
2CAB80BB-BE2C-43A5-B05B-2293F6A44654,C32572,20260915,OT1_5,0,4,70FC22FC-0972-4261-99B3-226B15F00B33,2026-09-16 09:57:39.280,
8DEC5F2B-63D9-4111-8485-87C8CD713F8A,C32574,20260914,OT1_5,0,2,70FC22FC-0972-4261-99B3-226B15F00B33,2026-09-15 17:20:54.343,
4D6E6882-6F24-43A9-BFDD-9C205F4DFBBC,C32574,20260915,OT1_5,0,2,70FC22FC-0972-4261-99B3-226B15F00B33,2026-09-16 09:59:33.563,
9F63A746-598F-4BCD-952F-267144348906,C32575,20260914,OT1_5,0,2,70FC22FC-0972-4261-99B3-226B15F00B33,2026-09-15 17:20:48.113,
FBDDFCE7-F066-4451-9138-47E4C8188E4B,C32575,20260915,OT1_5,0,2,70FC22FC-0972-4261-99B3-226B15F00B33,2026-09-16 09:59:33.723,
9C8CDAB7-F7E8-4BE0-8981-8F87620CE728,C32576,20260914,OT1_5,0,2,70FC22FC-0972-4261-99B3-226B15F00B33,2026-09-15 17:21:03.130,
85AAD0E7-6221-4B02-A9A7-D4EC561FA5E8,C32576,20260915,OT1_5,0,2,70FC22FC-0972-4261-99B3-226B15F00B33,2026-09-16 09:59:38.840,
DFB537E1-0EB3-4B7F-A2D0-B83344B79396,C32578,20260914,OT1_5,0,2,70FC22FC-0972-4261-99B3-226B15F00B33,2026-09-15 17:20:41.060,
C769E753-2673-4EFF-A484-75288974D62E,C32578,20260915,OT1_5,0,2,70FC22FC-0972-4261-99B3-226B15F00B33,2026-09-16 09:59:29.090,
AC001643-5CF9-4C06-86F8-D1DFE9D2A30D,C32579,20260914,OT1_5,0,2,70FC22FC-0972-4261-99B3-226B15F00B33,2026-09-15 17:20:52.980,
EDA7E292-1F3E-47DB-A0A6-DF167012D606,C32579,20260915,OT1_5,0,2,70FC22FC-0972-4261-99B3-226B15F00B33,2026-09-16 09:59:36.237,
D7375FD5-1051-4790-98D3-BC08075BEE6E,C32583,20260914,OT1_5,0,2,70FC22FC-0972-4261-99B3-226B15F00B33,2026-09-15 17:23:16.697,
32DA1572-8B96-4950-BF36-B78B657AA367,C32583,20260915,OT1_5,0,2,70FC22FC-0972-4261-99B3-226B15F00B33,2026-09-16 10:01:55.553,
D3773695-ACE2-49B2-807B-FA509939E90A,C32590,20260914,OT1_5,0,2,70FC22FC-0972-4261-99B3-226B15F00B33,2026-09-15 17:23:15.947,
E0064946-E933-4C3B-BE91-30885A49596A,C32590,20260915,OT1_5,0,2,70FC22FC-0972-4261-99B3-226B15F00B33,2026-09-16 10:01:54.267,
2CF4EAB5-48A3-4F2E-B680-D4675FEA4471,C32593,20260914,OT1_5,0,2,70FC22FC-0972-4261-99B3-226B15F00B33,2026-09-15 17:20:48.277,
BD6ADF7C-E37D-4310-934D-63DEED197AD5,C32593,20260915,OT1_5,0,2,70FC22FC-0972-4261-99B3-226B15F00B33,2026-09-16 09:59:37.770,
3876F11B-DA80-4BA2-97AF-27F2E13B84C2,C32596,20260914,OT1_5,0,2,70FC22FC-0972-4261-99B3-226B15F00B33,2026-09-15 17:21:03.390,
8E8DF43A-B89C-4C25-83A4-F6DBFBEB7BD1,C32596,20260915,OT1_5,0,2,70FC22FC-0972-4261-99B3-226B15F00B33,2026-09-16 09:59:40.560,
C0B85258-8B7A-4779-B44F-10B6FC7B689D,C32597,20260915,OT1_5,0,2,70FC22FC-0972-4261-99B3-226B15F00B33,2026-09-16 09:59:34.473,
F2E3474A-55CD-473E-81D7-1BD859006703,C32598,20260914,OT1_5,0,2,70FC22FC-0972-4261-99B3-226B15F00B33,2026-09-15 17:20:58.303,
276B5AF7-EE8D-4EB6-A340-5AD75E46903B,C32598,20260915,OT1_5,0,2,70FC22FC-0972-4261-99B3-226B15F00B33,2026-09-16 09:59:39.133,
092A3BB6-92E4-42F0-ABC3-F877F2F55D04,C32600,20260914,OT1_5,0,2,70FC22FC-0972-4261-99B3-226B15F00B33,2026-09-15 17:20:52.580,
C5695D8E-8EC4-4D4B-BA2F-876F83576F0C,C32606,20260914,OT1_5,0,2,70FC22FC-0972-4261-99B3-226B15F00B33,2026-09-15 17:21:04.213,
02EE5AD2-7FF4-4479-A4F0-B9412D31658B,C32606,20260915,OT1_5,0,2,70FC22FC-0972-4261-99B3-226B15F00B33,2026-09-16 09:59:40.680,
9CEA89D5-7616-48A3-8B03-942D5A938605,C32607,20260914,OT1_5,0,2,70FC22FC-0972-4261-99B3-226B15F00B33,2026-09-15 17:20:59.560,
EAE82588-4A44-4760-9D65-1799A5FA17B2,C32607,20260915,OT1_5,0,2,70FC22FC-0972-4261-99B3-226B15F00B33,2026-09-16 09:59:39.857,
953BEF9A-4521-4CBE-A83C-07D873E81643,C32609,20260914,OT1_5,0,2,70FC22FC-0972-4261-99B3-226B15F00B33,2026-09-15 17:18:10.677,
A1CB866B-240F-43F3-A2F9-9921EFFFCC1A,C32611,20260914,OT1_5,0,2,70FC22FC-0972-4261-99B3-226B15F00B33,2026-09-15 17:21:03.190,
1F36D083-FBC7-467E-87DD-FAAD5192CE32,C32611,20260915,OT1_5,0,2,70FC22FC-0972-4261-99B3-226B15F00B33,2026-09-16 09:59:38.930,
4656C789-8EC8-4DBA-BE05-7ACB2DE84F57,C32612,20260914,OT1_5,0,2,70FC22FC-0972-4261-99B3-226B15F00B33,2026-09-15 17:20:44.420,
7C225366-AAC0-41E1-91C4-0755FB3D0D30,C32612,20260915,OT1_5,0,2,70FC22FC-0972-4261-99B3-226B15F00B33,2026-09-16 09:59:32.443,
12CD1D2D-1F40-44CE-A589-CCA8886368A2,C32613,20260914,OT1_5,0,2,70FC22FC-0972-4261-99B3-226B15F00B33,2026-09-15 17:20:49.447,
BFBD7B83-8562-493F-B885-D9537CA69589,C32613,20260915,OT1_5,0,2,70FC22FC-0972-4261-99B3-226B15F00B33,2026-09-16 09:59:34.383,
8E8D5D27-9FB0-45AE-B286-B400D64FF044,C32614,20260914,OT1_5,0,2,70FC22FC-0972-4261-99B3-226B15F00B33,2026-09-15 17:20:44.583,
EEAECCB3-F59A-4B20-B62E-B8E6B9CE5D92,C32614,20260915,OT1_5,0,2,70FC22FC-0972-4261-99B3-226B15F00B33,2026-09-16 09:59:33.433,
9AAE3443-480B-4206-8AC5-4B2A224CFC0F,C32615,20260914,OT1_5,0,2,70FC22FC-0972-4261-99B3-226B15F00B33,2026-09-15 17:20:50.267,
C8C3F5A8-BA54-49AA-8311-3ED346526A0F,C32615,20260915,OT1_5,0,2,70FC22FC-0972-4261-99B3-226B15F00B33,2026-09-16 09:59:31.857,
E46F8201-81C1-4AD0-9BEB-ACDFA77C7D8D,C32616,20260914,OT1_5,0,2,70FC22FC-0972-4261-99B3-226B15F00B33,2026-09-15 17:21:01.253,
D497BD45-1B6D-4371-95AD-218668933D4E,C32616,20260915,OT1_5,0,2,70FC22FC-0972-4261-99B3-226B15F00B33,2026-09-16 09:59:39.097,
097FE7FD-12A0-4A4B-93B9-91E3A7FF9E10,C32617,20260914,OT1_5,0,2,70FC22FC-0972-4261-99B3-226B15F00B33,2026-09-15 17:20:48.807,
3B41429B-B7DB-45D0-BCBC-B61F4568F2E5,C32618,20260914,OT1_5,0,2,70FC22FC-0972-4261-99B3-226B15F00B33,2026-09-15 17:20:43.840,
ACF0E57E-7252-4731-A834-46615C8EF18A,C32618,20260915,OT1_5,0,2,70FC22FC-0972-4261-99B3-226B15F00B33,2026-09-16 09:59:30.860,
48A523E4-8ADF-4DC0-8B5C-090EBFE50DB9,C32619,20260914,OT1_5,0,2,70FC22FC-0972-4261-99B3-226B15F00B33,2026-09-15 17:20:48.820,
C64E1192-0C4F-4F58-8773-A6EF91936153,C32619,20260915,OT1_5,0,2,70FC22FC-0972-4261-99B3-226B15F00B33,2026-09-16 09:59:32.377,
FCB04DD4-56F0-4ECA-AC5D-50166767AF47,C32620,20260914,OT1_5,0,2,70FC22FC-0972-4261-99B3-226B15F00B33,2026-09-15 17:20:47.750,
9462B565-E087-4726-80A6-855D2995959D,C32620,20260915,OT1_5,0,2,70FC22FC-0972-4261-99B3-226B15F00B33,2026-09-16 09:59:31.630,
819C2C2F-D9A5-43AB-A148-82928D353A1F,C32622,20260914,OT1_5,0,4,70FC22FC-0972-4261-99B3-226B15F00B33,2026-09-15 17:18:57.113,
9B4B2744-EE87-4F72-9481-62091239E62F,C32622,20260915,OT1_5,0,4,70FC22FC-0972-4261-99B3-226B15F00B33,2026-09-16 09:57:39.427,
2C371927-8D61-4F23-9308-2DF01972AE7B,C32624,20260914,OT1_5,0,2,70FC22FC-0972-4261-99B3-226B15F00B33,2026-09-15 17:20:39.970,
B8084983-FDD9-471C-A26E-2B065B85EDF0,C32624,20260915,OT1_5,0,2,70FC22FC-0972-4261-99B3-226B15F00B33,2026-09-16 09:59:28.527,
38729931-1EEF-4434-BA6D-D1D88F300B34,C32625,20260914,OT1_5,0,2,70FC22FC-0972-4261-99B3-226B15F00B33,2026-09-15 17:20:45.503,
286D4FCA-35F8-45A4-8EC9-3AA60CC02212,C32625,20260915,OT1_5,0,2,70FC22FC-0972-4261-99B3-226B15F00B33,2026-09-16 09:59:32.357,
6FCEF772-C0A5-4CC5-BCE5-2E2D17B9C853,C32626,20260914,OT1_5,0,2,70FC22FC-0972-4261-99B3-226B15F00B33,2026-09-15 17:20:53.050,
0590CAE4-2395-485C-B157-B362DA2D0FB3,C32626,20260915,OT1_5,0,2,70FC22FC-0972-4261-99B3-226B15F00B33,2026-09-16 09:59:33.877,
300894B7-E457-4AD4-A43B-E372D80F9B97,C32627,20260914,OT1_5,0,2,70FC22FC-0972-4261-99B3-226B15F00B33,2026-09-15 17:20:54.967,
D8B1007A-7DF6-4419-A490-3CA436B50A0C,C32627,20260915,OT1_5,0,2,70FC22FC-0972-4261-99B3-226B15F00B33,2026-09-16 09:59:31.390,
3D4C0393-BA7D-4D3D-8692-BA4598258A6D,C32630,20260914,OT1_5,0,2,70FC22FC-0972-4261-99B3-226B15F00B33,2026-09-15 17:20:49.557,
3DFD3503-D83B-4C86-B1C9-AF031CE1E49C,C32630,20260915,OT1_5,0,2,70FC22FC-0972-4261-99B3-226B15F00B33,2026-09-16 09:59:34.290,
A5A7C5FA-72C6-4924-A867-58BB5C17E035,C32631,20260914,OT1_5,0,2,70FC22FC-0972-4261-99B3-226B15F00B33,2026-09-15 17:20:49.627,
BB3CE45E-25BD-4118-ACDA-1389C8BF5470,C32631,20260915,OT1_5,0,2,70FC22FC-0972-4261-99B3-226B15F00B33,2026-09-16 09:59:32.290,
6A8EDE31-673E-4F1C-A17B-C0773FB6FDDE,C32633,20260914,OT1_5,0,2,70FC22FC-0972-4261-99B3-226B15F00B33,2026-09-15 17:20:51.313,
1F4D1A8D-0B38-4C38-8C98-BF16DBB7ACDE,C32633,20260915,OT1_5,0,2,70FC22FC-0972-4261-99B3-226B15F00B33,2026-09-16 09:59:33.770,
6880F894-7821-44B6-B96A-A8AF40E96759,C32634,20260914,OT1_5,0,2,70FC22FC-0972-4261-99B3-226B15F00B33,2026-09-15 17:20:53.147,
4A14EB5C-CF92-497F-93C0-9B51B9D2FF20,C32634,20260915,OT1_5,0,2,70FC22FC-0972-4261-99B3-226B15F00B33,2026-09-16 09:59:33.713,
8494111F-74A0-4890-9D35-86793B6AF137,C32635,20260914,OT1_5,0,2,70FC22FC-0972-4261-99B3-226B15F00B33,2026-09-15 17:20:53.253,
B473862A-2C41-4698-AB84-22E426D96ADC,C32635,20260915,OT1_5,0,2,70FC22FC-0972-4261-99B3-226B15F00B33,2026-09-16 09:59:38.497,
66697636-831A-42F0-9B8E-E6B323D153B1,C32636,20260914,OT1_5,0,2,70FC22FC-0972-4261-99B3-226B15F00B33,2026-09-15 17:20:55.010,
9A74B8B8-8385-4644-8A91-96D11149D5FD,C32636,20260915,OT1_5,0,2,70FC22FC-0972-4261-99B3-226B15F00B33,2026-09-16 09:59:39.070,
6243C2CB-B879-45A0-B7DB-560FECC92FF9,C32641,20260914,OT1_5,0,2,70FC22FC-0972-4261-99B3-226B15F00B33,2026-09-15 17:20:59.650,
8639A714-8555-46BA-858A-71F2297455ED,C32641,20260915,OT1_5,0,2,70FC22FC-0972-4261-99B3-226B15F00B33,2026-09-16 09:59:40.053,
776786E4-9B6A-4D46-895D-96AAD15A00A3,C32642,20260914,OT1_5,0,2,70FC22FC-0972-4261-99B3-226B15F00B33,2026-09-15 17:20:55.023,
9D8EC613-4EE6-4120-ACA5-E95537558ECF,C32642,20260915,OT1_5,0,2,70FC22FC-0972-4261-99B3-226B15F00B33,2026-09-16 09:59:32.863,
605C1A4F-7A36-4AE7-88AC-AD5A4044FD0A,C32643,20260914,OT1_5,0,2,70FC22FC-0972-4261-99B3-226B15F00B33,2026-09-15 17:20:54.277,
8C1AD17C-83B6-4D1F-AD01-9F9E1A2DC134,C32643,20260915,OT1_5,0,2,70FC22FC-0972-4261-99B3-226B15F00B33,2026-09-16 09:59:36.663,
02660445-3D81-47C1-B5E1-048090ED9E97,C32644,20260914,OT1_5,0,2,70FC22FC-0972-4261-99B3-226B15F00B33,2026-09-15 17:20:57.563,
382EFB07-27B9-4592-9C63-2F10C3C99CCC,C32644,20260915,OT1_5,0,2,70FC22FC-0972-4261-99B3-226B15F00B33,2026-09-16 09:59:37.783,
153CF84F-8073-4303-9D18-2332BBFC0399,C32646,20260914,OT1_5,0,2,70FC22FC-0972-4261-99B3-226B15F00B33,2026-09-15 17:18:04.050,
A180274F-4CF9-4EE6-B08E-0B13D7028D77,C32647,20260914,OT1_5,0,2,70FC22FC-0972-4261-99B3-226B15F00B33,2026-09-15 17:18:10.370,
C573EE19-298D-4A0A-90AD-2A35056AC1C9,C32649,20260914,OT1_5,0,2,70FC22FC-0972-4261-99B3-226B15F00B33,2026-09-15 17:17:57.300,
3545A90B-F90B-476C-AB7B-CBCF099068F0,C32650,20260914,OT1_5,0,2,70FC22FC-0972-4261-99B3-226B15F00B33,2026-09-15 17:17:56.663,
339C56AA-0FE4-49DF-9C8A-666B84FC4479,C32652,20260914,OT1_5,0,2,70FC22FC-0972-4261-99B3-226B15F00B33,2026-09-15 17:18:10.477,
1244E5A0-4EA7-4AEB-A13E-BD1B225C1BCE,C32653,20260914,OT1_5,0,2,70FC22FC-0972-4261-99B3-226B15F00B33,2026-09-15 17:18:00.013,
D63BDB9F-C134-45D4-A99A-C2F95355AD2A,C32655,20260914,OT1_5,0,2,70FC22FC-0972-4261-99B3-226B15F00B33,2026-09-15 17:17:55.610,
5031D42D-7821-404B-A542-CF91AE7142B5,C32657,20260914,OT1_5,0,2,70FC22FC-0972-4261-99B3-226B15F00B33,2026-09-15 17:18:09.900,
E3E549C3-E36A-4E50-982B-80F918DC3E49,C32658,20260914,OT1_5,0,2,70FC22FC-0972-4261-99B3-226B15F00B33,2026-09-15 17:18:05.360,
685F2DF2-307B-4063-A368-DE9C61EAD096,C32659,20260914,OT1_5,0,2,70FC22FC-0972-4261-99B3-226B15F00B33,2026-09-15 17:18:00.603,
08F1ACBE-D7D1-4C5A-936E-B80F2EEF4B21,C32660,20260914,OT1_5,0,2,70FC22FC-0972-4261-99B3-226B15F00B33,2026-09-15 17:17:57.333,
BD3F17F3-E87F-4BEB-914A-C059DD3287D8,C32661,20260914,OT1_5,0,2,70FC22FC-0972-4261-99B3-226B15F00B33,2026-09-15 17:17:57.367,
D4E5DA43-1B8A-4B66-8E0E-4FB35CB888AD,C32662,20260914,OT1_5,0,2,70FC22FC-0972-4261-99B3-226B15F00B33,2026-09-15 17:17:55.397,
A2F9BFF9-FE70-4D3D-8F90-995D866DE3EF,C32663,20260914,OT1_5,0,2,70FC22FC-0972-4261-99B3-226B15F00B33,2026-09-15 17:17:54.983,
63E142AE-EE3C-4A53-AE2B-DC18F77FEDE5,C32664,20260914,OT1_5,0,2,70FC22FC-0972-4261-99B3-226B15F00B33,2026-09-15 17:18:10.360,
5E80DF60-4204-4F65-B742-A0FB6E152049,C32665,20260914,OT1_5,0,2,70FC22FC-0972-4261-99B3-226B15F00B33,2026-09-15 17:18:02.883,
ECF82A4B-3063-4E38-A276-CB55AC563FA9,C32668,20260914,OT1_5,0,2,70FC22FC-0972-4261-99B3-226B15F00B33,2026-09-15 17:17:58.627,
F1021EBD-EA43-4D0A-B8C3-D89577C52864,C32669,20260914,OT1_5,0,2,70FC22FC-0972-4261-99B3-226B15F00B33,2026-09-15 17:17:55.543,
2CF132F0-A397-4B5A-A628-513731C9C853,C32670,20260914,OT1_5,0,2,70FC22FC-0972-4261-99B3-226B15F00B33,2026-09-15 17:18:04.890,
07FB31CE-771D-412C-B088-77859A801B46,C32671,20260914,OT1_5,0,2,70FC22FC-0972-4261-99B3-226B15F00B33,2026-09-15 17:18:09.283,
F76E639A-9521-489C-89ED-9521A9F7CB22,C32672,20260915,OT1_5,0,2,70FC22FC-0972-4261-99B3-226B15F00B33,2026-09-16 09:59:37.113,
C78B2DCE-EC85-46B0-A491-71A7283F3E1A,C32673,20260914,OT1_5,0,2,70FC22FC-0972-4261-99B3-226B15F00B33,2026-09-15 17:20:55.053,
CF17171D-DED8-448E-B53E-672231DA63E2,C32673,20260915,OT1_5,0,2,70FC22FC-0972-4261-99B3-226B15F00B33,2026-09-16 09:59:36.733,
93C060E1-E582-4603-869C-205DFB903B83,C32675,20260914,OT1_5,0,2,70FC22FC-0972-4261-99B3-226B15F00B33,2026-09-15 17:20:43.150,
463AC1BF-1C0B-4108-A56E-3934AA836E23,C32675,20260915,OT1_5,0,2,70FC22FC-0972-4261-99B3-226B15F00B33,2026-09-16 09:59:30.653,
5385B65C-1465-4C53-8B6B-017550FAC38C,C32681,20260914,OT1_5,0,2,70FC22FC-0972-4261-99B3-226B15F00B33,2026-09-15 17:20:45.873,
43B1E4C2-63F5-459E-B75F-C2704C90C25A,C32681,20260915,OT1_5,0,2,70FC22FC-0972-4261-99B3-226B15F00B33,2026-09-16 09:59:30.393,
9E629574-8859-4B77-BE1A-C3481B18E977,C32682,20260914,OT1_5,0,2,70FC22FC-0972-4261-99B3-226B15F00B33,2026-09-15 17:20:53.200,
E519AA73-7B8E-4D76-B9D7-732C3C0F8A1E,C32683,20260914,OT1_5,0,2,70FC22FC-0972-4261-99B3-226B15F00B33,2026-09-15 17:18:00.743,
73D4F06D-1691-4C83-87D2-2F6E347D251F,C32685,20260914,OT1_5,0,2,70FC22FC-0972-4261-99B3-226B15F00B33,2026-09-15 17:21:35.687,
84243E6F-F72A-470A-9DFD-D2EBFC22333F,C32692,20260914,OT1_5,0,2,70FC22FC-0972-4261-99B3-226B15F00B33,2026-09-15 17:23:03.027,
40F6DDD0-BC5C-4CC3-8594-E6ED3B63B8B6,C32694,20260914,OT1_5,0,2,70FC22FC-0972-4261-99B3-226B15F00B33,2026-09-15 17:23:01.953,
7F336BE9-F009-4151-86D3-16A8AE75043B,C32695,20260914,OT1_5,0,2,70FC22FC-0972-4261-99B3-226B15F00B33,2026-09-15 17:23:16.880,
2D484035-3A1C-49AF-BE5F-0D30B80E3531,C32695,20260915,OT1_5,0,2,70FC22FC-0972-4261-99B3-226B15F00B33,2026-09-16 10:01:55.780,
546BA999-856D-4DB3-B437-D78D979F0EA4,C32696,20260914,OT1_5,0,2,70FC22FC-0972-4261-99B3-226B15F00B33,2026-09-15 17:23:08.280,
B62E0F7A-857E-4C87-8818-2EA3BC5EE676,C32696,20260915,OT1_5,0,2,70FC22FC-0972-4261-99B3-226B15F00B33,2026-09-16 10:01:44.623,
08187B8E-3A29-4A76-9526-FC1928F54252,C32698,20260914,OT1_5,0,2,70FC22FC-0972-4261-99B3-226B15F00B33,2026-09-15 17:23:02.857,
03540494-E0DE-43DE-AA0C-8E880A0D14EA,C32698,20260915,OT1_5,0,2,70FC22FC-0972-4261-99B3-226B15F00B33,2026-09-16 10:01:44.067,
4D332EFA-56DD-40E2-8251-C699E2F96DE8,C32700,20260914,OT1_5,0,2,70FC22FC-0972-4261-99B3-226B15F00B33,2026-09-15 17:23:09.830,
F8CA8198-AD0E-4629-8ACB-814B06F20A42,C32700,20260915,OT1_5,0,2,70FC22FC-0972-4261-99B3-226B15F00B33,2026-09-16 10:01:50.063,
CFEA7AE2-03F2-471C-90D4-B2FE6DC490F0,C32701,20260914,OT1_5,0,2,70FC22FC-0972-4261-99B3-226B15F00B33,2026-09-15 17:23:03.340,
70EB5ECE-5E84-45DA-A300-5E30C1AF29CD,C32702,20260914,OT1_5,0,2,70FC22FC-0972-4261-99B3-226B15F00B33,2026-09-15 17:23:04.087,
C4F0F141-C3FB-4919-9147-B17235A809C6,C32702,20260915,OT1_5,0,2,70FC22FC-0972-4261-99B3-226B15F00B33,2026-09-16 10:01:43.273,
FE02A9C8-0FAC-4614-B0D0-F6D464ABC0FA,C32707,20260914,OT1_5,0,2,70FC22FC-0972-4261-99B3-226B15F00B33,2026-09-15 17:23:16.253,
9C5AACDA-6844-4F0E-AAA5-6CE50B32CDDA,C32708,20260914,OT1_5,0,2,70FC22FC-0972-4261-99B3-226B15F00B33,2026-09-15 17:23:16.710,
260A5C79-E5F2-4EE6-8CFD-D656EF4ED079,C32708,20260915,OT1_5,0,2,70FC22FC-0972-4261-99B3-226B15F00B33,2026-09-16 10:01:55.700,
3E696708-8547-4271-A2F3-086901CADA59,C32709,20260914,OT1_5,0,2,70FC22FC-0972-4261-99B3-226B15F00B33,2026-09-15 17:23:03.360,
5A1F717A-977C-4DFF-AAC0-67EBE7131170,C32709,20260915,OT1_5,0,2,70FC22FC-0972-4261-99B3-226B15F00B33,2026-09-16 10:01:42.740,
5CEDCB48-DA2A-4984-8E6B-DF268EB6D0F5,C32710,20260914,OT1_5,0,2,70FC22FC-0972-4261-99B3-226B15F00B33,2026-09-15 17:23:02.913,
A4781391-6CCC-4C42-9A37-88C5A0F4FED4,C32710,20260915,OT1_5,0,2,70FC22FC-0972-4261-99B3-226B15F00B33,2026-09-16 10:01:45.603,
1200E32F-022F-437F-853C-D52FAEEC33FC,C32711,20260914,OT1_5,0,2,70FC22FC-0972-4261-99B3-226B15F00B33,2026-09-15 17:23:16.720,
B42F48D6-030B-4AFA-B04B-B747F72BA0F3,C32712,20260914,OT1_5,0,2,70FC22FC-0972-4261-99B3-226B15F00B33,2026-09-15 17:23:04.630,
97B3C19A-390D-495B-B9B8-27D114C5C7D9,C32712,20260915,OT1_5,0,2,70FC22FC-0972-4261-99B3-226B15F00B33,2026-09-16 10:01:45.460,
93FA743B-7AB7-4B17-98AB-3FA3E3960C3F,C32713,20260914,OT1_5,0,2,70FC22FC-0972-4261-99B3-226B15F00B33,2026-09-15 17:23:04.643,
B133743B-B100-4F94-B30A-59980170E469,C32714,20260914,OT1_5,0,2,70FC22FC-0972-4261-99B3-226B15F00B33,2026-09-15 17:23:06.627,
E7D1BF94-F97A-44CA-8952-939C8B2ED069,C32714,20260915,OT1_5,0,2,70FC22FC-0972-4261-99B3-226B15F00B33,2026-09-16 10:01:51.187,
5E9282E6-B3B0-4801-BA4C-9E2A96499FAA,C32716,20260915,OT1_5,0,2,70FC22FC-0972-4261-99B3-226B15F00B33,2026-09-16 10:01:55.840,
BB0414FA-02CD-4F1A-9F4A-BB97444A2B44,C32717,20260914,OT1_5,0,2,70FC22FC-0972-4261-99B3-226B15F00B33,2026-09-15 17:23:03.580,
8EF747A4-C53C-445A-9399-C379D9B789F6,C32721,20260914,OT1_5,0,2,70FC22FC-0972-4261-99B3-226B15F00B33,2026-09-15 17:23:13.647,
9C8D5E9E-A22B-466E-A473-68E7A97A3715,C32721,20260915,OT1_5,0,2,70FC22FC-0972-4261-99B3-226B15F00B33,2026-09-16 10:01:53.640,
D60BFAAD-6217-4B71-BE14-D11B703A069C,C32722,20260914,OT1_5,0,2,70FC22FC-0972-4261-99B3-226B15F00B33,2026-09-15 17:23:01.847,
8253C397-D393-480B-B230-11A0A6A9912C,C32722,20260915,OT1_5,0,2,70FC22FC-0972-4261-99B3-226B15F00B33,2026-09-16 10:01:43.633,
7357B675-7AA8-405D-B2EA-EC078887FB4A,C32727,20260914,OT1_5,0,2,70FC22FC-0972-4261-99B3-226B15F00B33,2026-09-15 17:23:04.807,
133629B5-CA2B-4952-9CF2-EB4E2595BBAC,C32727,20260915,OT1_5,0,2,70FC22FC-0972-4261-99B3-226B15F00B33,2026-09-16 10:01:43.750,
34E2211D-F424-4ABE-88AD-BCAA3D24CA30,C32728,20260915,OT1_5,0,2,70FC22FC-0972-4261-99B3-226B15F00B33,2026-09-16 10:01:52.947,
361FF183-F2C0-412E-BA3F-5D0163D7C224,C32731,20260914,OT1_5,0,2,70FC22FC-0972-4261-99B3-226B15F00B33,2026-09-15 17:20:52.513,
5D2491ED-FE64-492E-B836-99A31BB3449F,C32731,20260915,OT1_5,0,2,70FC22FC-0972-4261-99B3-226B15F00B33,2026-09-16 09:59:32.723,
4ABC9201-6AC7-4CDA-A694-C6A994FE05DD,C32732,20260914,OT1_5,0,2,70FC22FC-0972-4261-99B3-226B15F00B33,2026-09-15 17:20:51.283,
7F214FB1-2F9E-400E-BAE2-6AAD3BCC9399,C32732,20260915,OT1_5,0,2,70FC22FC-0972-4261-99B3-226B15F00B33,2026-09-16 09:59:32.800,
73DA975B-3E80-4411-B825-35CAF3AF0B0F,C32733,20260914,OT1_5,0,2,70FC22FC-0972-4261-99B3-226B15F00B33,2026-09-15 17:20:55.153,
404B8512-E668-40BB-8B49-8B52BDE53F61,C32733,20260915,OT1_5,0,2,70FC22FC-0972-4261-99B3-226B15F00B33,2026-09-16 09:59:35.513,
8F7092B4-A429-470F-942E-4ABF5CB508FF,C32734,20260914,OT1_5,0,2,70FC22FC-0972-4261-99B3-226B15F00B33,2026-09-15 17:23:06.880,
E1AD53C9-EA1B-4A6F-900C-C1DE77B41C4F,C32734,20260915,OT1_5,0,2,70FC22FC-0972-4261-99B3-226B15F00B33,2026-09-16 10:01:44.013,
A85E8F8B-DDB6-4274-932C-4BA30EE20362,C32736,20260914,OT1_5,0,2,70FC22FC-0972-4261-99B3-226B15F00B33,2026-09-15 17:17:57.823,
A590B165-F698-42F8-A0B5-6FE3E0607ECB,C32737,20260914,OT1_5,0,2,70FC22FC-0972-4261-99B3-226B15F00B33,2026-09-15 17:18:00.040,
1FB88189-4D1E-47A0-8507-A61EEB2811FE,C32738,20260914,OT1_5,0,2,70FC22FC-0972-4261-99B3-226B15F00B33,2026-09-15 17:18:01.253,
E49FADF3-4BEB-4CC8-BEC8-4118880326B5,C32740,20260914,OT1_5,0,2,70FC22FC-0972-4261-99B3-226B15F00B33,2026-09-15 17:17:59.473,
E5E03E69-D6EC-4FB3-9E5F-4F94E2652443,C32740,20260915,OT1_5,0,2,70FC22FC-0972-4261-99B3-226B15F00B33,2026-09-16 09:56:56.600,
C919F73D-C5B1-4E5D-A4E3-D5604A4DA1EA,C32742,20260914,OT1_5,0,2,70FC22FC-0972-4261-99B3-226B15F00B33,2026-09-15 17:18:09.490,
0A0D71B2-C295-4377-9366-7B82B1A4D7F8,C32742,20260915,OT1_5,0,2,70FC22FC-0972-4261-99B3-226B15F00B33,2026-09-16 09:56:57.780,
0E644741-D804-4E66-8BB7-B331A3626601,C32743,20260915,OT1_5,0,2,70FC22FC-0972-4261-99B3-226B15F00B33,2026-09-16 09:56:56.670,
EA9BF567-524E-4436-94C5-E60018AF0BB9,C32746,20260914,OT1_5,0,2,70FC22FC-0972-4261-99B3-226B15F00B33,2026-09-15 17:23:06.897,
763AA07C-4557-4D2E-AA8B-6C5C774873FC,C32746,20260915,OT1_5,0,2,70FC22FC-0972-4261-99B3-226B15F00B33,2026-09-16 10:01:42.880,
2C64EB10-F546-4E9C-B91A-C1F82E990D46,C32747,20260914,OT1_5,0,2,70FC22FC-0972-4261-99B3-226B15F00B33,2026-09-15 17:23:06.580,
D4C81B21-E319-4661-8AC1-6601759164FF,C32747,20260915,OT1_5,0,2,70FC22FC-0972-4261-99B3-226B15F00B33,2026-09-16 10:01:46.497,
2CC58C81-7E01-4E31-9E9D-48F1DC791622,C32748,20260914,OT1_5,0,2,70FC22FC-0972-4261-99B3-226B15F00B33,2026-09-15 17:23:03.833,
98A02ED1-FAA0-4A3C-8BA2-BDB78E7DBF03,C32748,20260915,OT1_5,0,2,70FC22FC-0972-4261-99B3-226B15F00B33,2026-09-16 10:01:44.043,
4E5D302D-D28C-43A8-9C52-898F4E185500,C32749,20260914,OT1_5,0,2,70FC22FC-0972-4261-99B3-226B15F00B33,2026-09-15 17:23:03.530,
B1894212-04BF-468F-8A78-9337D95C861E,C32749,20260915,OT1_5,0,2,70FC22FC-0972-4261-99B3-226B15F00B33,2026-09-16 10:01:43.220,
43588CAC-8855-4629-BCCA-49BA5BF9574E,C32750,20260914,OT1_5,0,2,70FC22FC-0972-4261-99B3-226B15F00B33,2026-09-15 17:23:06.980,
4E83FAAA-970C-43B7-86CD-4D1D222C6024,C32750,20260915,OT1_5,0,2,70FC22FC-0972-4261-99B3-226B15F00B33,2026-09-16 10:01:52.100,
FC5FA382-038B-44AB-8C8B-6BC7082F754D,C32751,20260914,OT1_5,0,2,70FC22FC-0972-4261-99B3-226B15F00B33,2026-09-15 17:23:03.447,
C55EAA2B-496C-482C-A7E6-ABF974226583,C32755,20260914,OT1_5,0,2,70FC22FC-0972-4261-99B3-226B15F00B33,2026-09-15 17:20:45.467,
3CDD6BEA-34EC-4709-B46A-E32731A8452F,C32755,20260915,OT1_5,0,2,70FC22FC-0972-4261-99B3-226B15F00B33,2026-09-16 09:59:36.747,
A93B2307-47B9-4F6D-8873-994445CD5BF6,C32756,20260914,OT1_5,0,2,70FC22FC-0972-4261-99B3-226B15F00B33,2026-09-15 17:23:07.000,
0C3AE390-8837-4E65-832A-62F24EF2A1F9,C32756,20260915,OT1_5,0,2,70FC22FC-0972-4261-99B3-226B15F00B33,2026-09-16 10:01:43.463,
BE3705BB-5806-4277-9725-72543A0CB8BA,C32759,20260914,OT1_5,0,2,70FC22FC-0972-4261-99B3-226B15F00B33,2026-09-15 17:23:07.013,
0679DA8D-E328-46C7-8712-83F0A151CD0D,C32759,20260915,OT1_5,0,2,70FC22FC-0972-4261-99B3-226B15F00B33,2026-09-16 10:01:44.360,
64149670-1E7B-4CD5-A413-A29C0B009A70,C32760,20260914,OT1_5,0,2,70FC22FC-0972-4261-99B3-226B15F00B33,2026-09-15 17:20:48.033,
C1EBA00B-0BC3-4B08-9933-D262FDC4D7D0,C32760,20260915,OT1_5,0,2,70FC22FC-0972-4261-99B3-226B15F00B33,2026-09-16 09:59:33.693,
144287FF-30CA-4727-843C-EACAA3FE7066,C32761,20260914,OT1_5,0,2,70FC22FC-0972-4261-99B3-226B15F00B33,2026-09-15 17:20:59.847,
6EB29899-77D3-44A9-AA31-A4C0EEC75738,C32762,20260914,OT1_5,0,2,70FC22FC-0972-4261-99B3-226B15F00B33,2026-09-15 17:20:42.433,
37216127-9A98-4E9B-B6FF-A814A1008632,C32765,20260914,OT1_5,0,2,70FC22FC-0972-4261-99B3-226B15F00B33,2026-09-15 17:21:06.030,
8CCFA830-8CE6-460F-9B51-330D3D09EECF,C32766,20260914,OT1_5,0,2,70FC22FC-0972-4261-99B3-226B15F00B33,2026-09-15 17:23:03.423,
0E23335D-B5FB-482C-9E72-D849F1E96E22,C32766,20260915,OT1_5,0,2,70FC22FC-0972-4261-99B3-226B15F00B33,2026-09-16 10:01:44.397,
FD6BD328-86DB-4ED9-98A8-6F3CDAD8AE2E,C32767,20260914,OT1_5,0,2,70FC22FC-0972-4261-99B3-226B15F00B33,2026-09-15 17:21:04.140,
12A0C90B-CEB4-44F0-BF28-3CD4166F7E1E,C32767,20260915,OT1_5,0,2,70FC22FC-0972-4261-99B3-226B15F00B33,2026-09-16 09:59:37.707,
AB270862-3298-4C26-951A-EDE07FC99231,C32768,20260914,OT1_5,0,2,70FC22FC-0972-4261-99B3-226B15F00B33,2026-09-15 17:23:18.320,
4CE38B64-157C-4695-BAF9-A4E25A6F70A5,C32770,20260914,OT1_5,0,2,70FC22FC-0972-4261-99B3-226B15F00B33,2026-09-15 17:23:16.960,
F925A1F0-8880-4C8F-A30C-F22F71CC56FB,C32771,20260914,OT1_5,0,2,70FC22FC-0972-4261-99B3-226B15F00B33,2026-09-15 17:23:11.673,
B9387E5C-EF0C-422D-8ED4-9BA4E9720E65,C32775,20260914,OT1_5,0,2,70FC22FC-0972-4261-99B3-226B15F00B33,2026-09-15 17:23:01.073,
3D173FB3-4FE0-4933-B832-4275170C918C,C32775,20260915,OT1_5,0,2,70FC22FC-0972-4261-99B3-226B15F00B33,2026-09-16 10:01:52.080,
B8FAE237-D81D-4BC8-AD67-0E10C346FAE1,C32776,20260914,OT1_5,0,2,70FC22FC-0972-4261-99B3-226B15F00B33,2026-09-15 17:23:04.970,
9668C9FC-EF52-45CC-BB3D-76821DB4F08E,C32778,20260914,OT1_5,0,2,70FC22FC-0972-4261-99B3-226B15F00B33,2026-09-15 17:23:02.723,
2814A436-B5D7-4F7F-BF12-8559886CAED9,C32778,20260915,OT1_5,0,2,70FC22FC-0972-4261-99B3-226B15F00B33,2026-09-16 10:01:43.973,
34C7FDFE-8C9C-4128-8EDE-41290C5F3550,C32780,20260914,OT1_5,0,2,70FC22FC-0972-4261-99B3-226B15F00B33,2026-09-15 17:23:14.910,
9177D1D3-655E-4E13-8936-F4D445E410AB,C32780,20260915,OT1_5,0,2,70FC22FC-0972-4261-99B3-226B15F00B33,2026-09-16 10:01:55.170,
83DF1EE1-35FB-4065-BB96-42BB78FFC1C4,C32781,20260914,OT1_5,0,2,70FC22FC-0972-4261-99B3-226B15F00B33,2026-09-15 17:23:12.873,
4FA4AA6A-E4A7-4BBD-87F1-F53490CFC9D0,C32781,20260915,OT1_5,0,2,70FC22FC-0972-4261-99B3-226B15F00B33,2026-09-16 10:01:44.923,
6001AA7F-59A6-44F6-BB5E-204DA388CF03,C32782,20260914,OT1_5,0,2,70FC22FC-0972-4261-99B3-226B15F00B33,2026-09-15 17:23:12.017,
CCF8BC3A-0DE3-4076-BEAA-9894930DCD54,C32782,20260915,OT1_5,0,2,70FC22FC-0972-4261-99B3-226B15F00B33,2026-09-16 10:01:53.817,
4C7DD330-C67C-47B4-8C73-3582071805CE,C32783,20260914,OT1_5,0,2,70FC22FC-0972-4261-99B3-226B15F00B33,2026-09-15 17:23:01.703,
51708478-6EEE-44F7-8839-0ADD31D5A5E1,C32783,20260915,OT1_5,0,2,70FC22FC-0972-4261-99B3-226B15F00B33,2026-09-16 10:01:43.023,
44165F01-23FB-4101-9C15-8E2FCE2F602F,C32785,20260914,OT1_5,0,2,70FC22FC-0972-4261-99B3-226B15F00B33,2026-09-15 17:20:06.983,
8DC13208-F2BD-4919-8432-8E59A2081BA7,C32787,20260914,OT1_5,0,2,70FC22FC-0972-4261-99B3-226B15F00B33,2026-09-15 17:21:04.317,
9A7F528B-F192-4092-9AFC-C30F200FCCBD,C32791,20260914,OT1_5,0,2,70FC22FC-0972-4261-99B3-226B15F00B33,2026-09-15 17:23:08.907,
431C5FCE-3872-472C-82E1-7AD27D164D4A,C32793,20260914,OT1_5,0,2,70FC22FC-0972-4261-99B3-226B15F00B33,2026-09-15 17:23:03.407,
F8F994B4-CD70-428F-93C3-07BE71DAF24C,C32793,20260915,OT1_5,0,2,70FC22FC-0972-4261-99B3-226B15F00B33,2026-09-16 10:01:46.230,
C5AE6B54-D5A3-4DA5-BA35-93C6808B5CB5,C32795,20260914,OT1_5,0,2,70FC22FC-0972-4261-99B3-226B15F00B33,2026-09-15 17:23:17.460,
3D774B09-8CDC-4372-8D03-734A17EE3C5B,C32795,20260915,OT1_5,0,2,70FC22FC-0972-4261-99B3-226B15F00B33,2026-09-16 10:01:56.490,
E000B505-CD21-48DE-9CEC-38A7867E22D7,C32796,20260914,OT1_5,0,2,70FC22FC-0972-4261-99B3-226B15F00B33,2026-09-15 17:23:09.210,
18A76066-FFAB-40E7-B2D5-5470204EE929,C32805,20260914,OT1_5,0,2,70FC22FC-0972-4261-99B3-226B15F00B33,2026-09-15 17:20:50.470,
E73A2620-4759-4921-9C57-07C59ADE1027,C32805,20260915,OT1_5,0,2,70FC22FC-0972-4261-99B3-226B15F00B33,2026-09-16 09:59:32.090,
B76C8DF3-6ACD-4D6C-A815-3B41DC17C790,C32807,20260914,OT1_5,0,2,70FC22FC-0972-4261-99B3-226B15F00B33,2026-09-15 17:23:14.933,
34E0CE40-94BE-4680-8896-0169D5A33268,C32808,20260914,OT1_5,0,2,70FC22FC-0972-4261-99B3-226B15F00B33,2026-09-15 17:23:05.163,
CACC4F9E-260E-4AB3-9643-32F53FDD9258,C32812,20260914,OT1_5,0,2,70FC22FC-0972-4261-99B3-226B15F00B33,2026-09-15 17:23:09.363,
75C260AF-CD0F-4C6B-B4CD-B81BEF9ECE18,C32815,20260914,OT1_5,0,2,70FC22FC-0972-4261-99B3-226B15F00B33,2026-09-15 17:23:03.987,
2A33D23F-405C-4FD5-91FE-75247D3D7028,C32815,20260915,OT1_5,0,2,70FC22FC-0972-4261-99B3-226B15F00B33,2026-09-16 10:01:42.700,
68F4B826-A94F-4D41-9689-D903B3E4093F,C32818,20260914,OT1_5,0,2,70FC22FC-0972-4261-99B3-226B15F00B33,2026-09-15 17:20:47.723,
46341D95-064B-4B14-8A30-ED6080931BA5,C32818,20260915,OT1_5,0,2,70FC22FC-0972-4261-99B3-226B15F00B33,2026-09-16 09:59:32.680,
B4B2CCF5-5E64-43B4-86F4-8F58BF1949B3,C32823,20260914,OT1_5,0,2,70FC22FC-0972-4261-99B3-226B15F00B33,2026-09-15 17:21:05.700,
2ED50AD1-588E-46F4-A839-7BBB76691C5A,C32824,20260914,OT1_5,0,2,70FC22FC-0972-4261-99B3-226B15F00B33,2026-09-15 17:23:04.243,
5967026E-4557-425E-A3A2-338102EED423,C32824,20260915,OT1_5,0,2,70FC22FC-0972-4261-99B3-226B15F00B33,2026-09-16 10:01:42.640,
3BC30C88-CDBB-4F35-A843-7DA2E3B4D9B1,C32826,20260914,OT1_5,0,2,70FC22FC-0972-4261-99B3-226B15F00B33,2026-09-15 17:20:43.650,
35BFD1E2-19F9-4A79-9DE8-9897AF56E4FB,C32832,20260914,OT1_5,0,2,70FC22FC-0972-4261-99B3-226B15F00B33,2026-09-15 17:18:02.017,
6AC4A539-40C4-41E8-8DCA-996881D55463,C32832,20260915,OT1_5,0,2,70FC22FC-0972-4261-99B3-226B15F00B33,2026-09-16 09:56:56.887,
E3ADFFC3-ABDA-4D56-9324-3DE2FF2A6AE7,C32833,20260914,OT1_5,0,2,70FC22FC-0972-4261-99B3-226B15F00B33,2026-09-15 17:20:55.283,
BAB5B40E-2026-4DC9-83B7-A33C445C9622,C32833,20260915,OT1_5,0,2,70FC22FC-0972-4261-99B3-226B15F00B33,2026-09-16 09:59:39.810,
403E9170-6EDF-4EBD-B355-A9C8D1CBE2F4,C32834,20260914,OT1_5,0,2,70FC22FC-0972-4261-99B3-226B15F00B33,2026-09-15 17:20:49.397,
2D7BCDDD-179B-4048-BAF8-F546D3F685C7,C32835,20260914,OT1_5,0,2,70FC22FC-0972-4261-99B3-226B15F00B33,2026-09-15 17:20:55.930,
B6CEF44F-C829-49AF-A7B3-CEBA6BA371ED,C32835,20260915,OT1_5,0,2,70FC22FC-0972-4261-99B3-226B15F00B33,2026-09-16 09:59:38.047,
53923ED2-1C97-4CDB-B749-C6BEAB7FA958,C32836,20260914,OT1_5,0,2,70FC22FC-0972-4261-99B3-226B15F00B33,2026-09-15 17:23:10.260,
40B9101A-33D0-4FE5-82F2-94D60838C6F8,C32836,20260915,OT1_5,0,2,70FC22FC-0972-4261-99B3-226B15F00B33,2026-09-16 10:01:51.410,
D1A3F134-78E8-4D89-90A0-F9F062CBE86F,C32837,20260914,OT1_5,0,2,70FC22FC-0972-4261-99B3-226B15F00B33,2026-09-15 17:23:09.343,
3EB5ECBE-13B1-47C4-B086-D8B6266692A0,C32837,20260915,OT1_5,0,2,70FC22FC-0972-4261-99B3-226B15F00B33,2026-09-16 10:01:50.590,
58560738-3D6E-4C2A-9234-5D71ECF8CAAD,C32838,20260914,OT1_5,0,2,70FC22FC-0972-4261-99B3-226B15F00B33,2026-09-15 17:23:00.953,
2FAB9630-9A91-4AF2-9912-EA66B6840A22,C32838,20260915,OT1_5,0,2,70FC22FC-0972-4261-99B3-226B15F00B33,2026-09-16 10:01:51.560,
28E5B8F0-7239-41CD-AC57-0ACEAE24639E,C32839,20260914,OT1_5,0,2,70FC22FC-0972-4261-99B3-226B15F00B33,2026-09-15 17:23:10.963,
2AF54672-B545-46F0-AEA8-5A45D8FE172E,C32839,20260915,OT1_5,0,2,70FC22FC-0972-4261-99B3-226B15F00B33,2026-09-16 10:01:45.990,
11FFCF56-5615-434B-B563-31D96EDEEB5A,C32840,20260914,OT1_5,0,2,70FC22FC-0972-4261-99B3-226B15F00B33,2026-09-15 17:23:10.977,
D7D4BDBF-106B-4855-AB35-262D16AD4D87,C32840,20260915,OT1_5,0,2,70FC22FC-0972-4261-99B3-226B15F00B33,2026-09-16 10:01:51.570,
02CF1004-5B8A-48E2-BDA4-F8F0CA7E9026,C32841,20260914,OT1_5,0,2,70FC22FC-0972-4261-99B3-226B15F00B33,2026-09-15 17:23:16.793,
1B507C82-E6DF-4DEC-A9A6-DA72B8574A91,C32841,20260915,OT1_5,0,2,70FC22FC-0972-4261-99B3-226B15F00B33,2026-09-16 10:01:55.800,
4A3B1659-68FE-48AD-A171-E23778BA2A3A,C32842,20260914,OT1_5,0,2,70FC22FC-0972-4261-99B3-226B15F00B33,2026-09-15 17:23:07.940,
C3AD8F7D-8E77-4AF5-9EA8-E972B1E072D2,C32843,20260914,OT1_5,0,2,70FC22FC-0972-4261-99B3-226B15F00B33,2026-09-15 17:23:13.470,
095A21A5-E5EB-4930-BC79-CD1F368360E1,C32843,20260915,OT1_5,0,2,70FC22FC-0972-4261-99B3-226B15F00B33,2026-09-16 10:01:52.233,
B9B03631-3B2B-4BE6-AFC9-D8617E2F2CF8,C32844,20260914,OT1_5,0,2,70FC22FC-0972-4261-99B3-226B15F00B33,2026-09-15 17:23:08.730,
4EFCAB22-D68A-44FA-A337-4A8FA9FDA4E3,C32844,20260915,OT1_5,0,2,70FC22FC-0972-4261-99B3-226B15F00B33,2026-09-16 10:01:47.803,
BA8BD037-15F3-4B97-AE8F-A0D53163E4DD,C32845,20260914,OT1_5,0,2,70FC22FC-0972-4261-99B3-226B15F00B33,2026-09-15 17:23:06.747,
353A08CF-982F-4151-95DC-155631CC3C18,C32845,20260915,OT1_5,0,2,70FC22FC-0972-4261-99B3-226B15F00B33,2026-09-16 10:01:48.433,
1AB50EAC-894E-42DC-842A-DF71932F2466,C32848,20260914,OT1_5,0,2,70FC22FC-0972-4261-99B3-226B15F00B33,2026-09-15 17:23:12.387,
C3FE8478-FDC7-4FE5-9F5C-2DD55C86CC47,C32848,20260915,OT1_5,0,2,70FC22FC-0972-4261-99B3-226B15F00B33,2026-09-16 10:01:52.770,
683B5B30-6D89-4F30-91C7-BD5792CEDC81,C32849,20260914,OT1_5,0,2,70FC22FC-0972-4261-99B3-226B15F00B33,2026-09-15 17:23:03.257,
2AF00E41-511C-499E-B50B-94D54D33B241,C32849,20260915,OT1_5,0,2,70FC22FC-0972-4261-99B3-226B15F00B33,2026-09-16 10:01:44.103,
4D1368F8-71CE-4A7F-ABB1-8520C878E4BD,C32850,20260914,OT1_5,0,2,70FC22FC-0972-4261-99B3-226B15F00B33,2026-09-15 17:23:07.510,
4F06513F-1896-4190-B4E2-40A13D020384,C32850,20260915,OT1_5,0,2,70FC22FC-0972-4261-99B3-226B15F00B33,2026-09-16 10:01:44.470,
2489C492-EB93-4ACB-8B92-F251C460D52E,C32852,20260914,OT1_5,0,2,70FC22FC-0972-4261-99B3-226B15F00B33,2026-09-15 17:23:14.833,
242BEEB4-12A7-4034-ABF7-9A54C1B63F3B,C32852,20260915,OT1_5,0,2,70FC22FC-0972-4261-99B3-226B15F00B33,2026-09-16 10:01:54.323,
CDE14FA6-36C2-46DF-A6AC-289743B7FB0C,C32853,20260914,OT1_5,0,2,70FC22FC-0972-4261-99B3-226B15F00B33,2026-09-15 17:21:36.797,
55B34BB1-B500-479A-9713-6664C3641223,C32853,20260915,OT1_5,0,2,70FC22FC-0972-4261-99B3-226B15F00B33,2026-09-16 10:00:13.527,
FAB2449E-66DA-4800-A66C-8AEBD8DED266,C32854,20260914,OT1_5,0,2,70FC22FC-0972-4261-99B3-226B15F00B33,2026-09-15 17:23:10.280,
703BCF0B-4A03-46B2-8E1B-B9786B70B9FF,C32854,20260915,OT1_5,0,2,70FC22FC-0972-4261-99B3-226B15F00B33,2026-09-16 10:01:51.463,
5CE50930-5214-4D95-8F9E-55CF4E81D7CA,C32855,20260914,OT1_5,0,2,70FC22FC-0972-4261-99B3-226B15F00B33,2026-09-15 17:23:10.303,
DB048A19-434F-4737-8E0D-4CC20DBEE86F,C32855,20260915,OT1_5,0,2,70FC22FC-0972-4261-99B3-226B15F00B33,2026-09-16 10:01:52.033,
A1AD7474-8575-4B5C-AC63-2C7E6277D3A6,C32856,20260914,OT1_5,0,2,70FC22FC-0972-4261-99B3-226B15F00B33,2026-09-15 17:23:09.070,
DFAA7AC2-2532-4002-BC88-55B402C6223C,C32857,20260914,OT1_5,0,2,70FC22FC-0972-4261-99B3-226B15F00B33,2026-09-15 17:23:08.630,
D77BB47B-83F4-48FC-8CE8-6067BBA11DE8,C32857,20260915,OT1_5,0,2,70FC22FC-0972-4261-99B3-226B15F00B33,2026-09-16 10:01:45.780,
1BF90EDE-08F0-43C6-A8B9-369F325DF594,C32861,20260914,OT1_5,0,2,70FC22FC-0972-4261-99B3-226B15F00B33,2026-09-15 17:23:05.350,
D3F3F30C-2848-428A-968F-C820DD0FAC67,C32861,20260915,OT1_5,0,2,70FC22FC-0972-4261-99B3-226B15F00B33,2026-09-16 10:01:45.660,
5CDE099E-BF32-42C8-93B7-1AC61E55DC34,C32864,20260914,OT1_5,0,2,70FC22FC-0972-4261-99B3-226B15F00B33,2026-09-15 17:23:16.653,
04644B15-E6C3-466F-B2CD-EBA388157254,C32864,20260915,OT1_5,0,2,70FC22FC-0972-4261-99B3-226B15F00B33,2026-09-16 10:01:56.157,
5561F80D-3277-48E9-A558-0EDB5B918B1E,C32865,20260914,OT1_5,0,2,70FC22FC-0972-4261-99B3-226B15F00B33,2026-09-15 17:23:14.697,
D5B81522-C48C-4354-BCF2-33CC9BD3B57B,C32865,20260915,OT1_5,0,2,70FC22FC-0972-4261-99B3-226B15F00B33,2026-09-16 10:01:55.810,
BB037497-F14C-4A69-AC9A-0CA17C9E0D0E,C32866,20260914,OT1_5,0,2,70FC22FC-0972-4261-99B3-226B15F00B33,2026-09-15 17:23:05.493,
B1678E74-67A7-447A-9B90-37D057BEEA03,C32866,20260915,OT1_5,0,2,70FC22FC-0972-4261-99B3-226B15F00B33,2026-09-16 10:01:45.197,
23F0B75A-5576-424E-A1D1-0216DE4DBA62,C32867,20260914,OT1_5,0,2,70FC22FC-0972-4261-99B3-226B15F00B33,2026-09-15 17:23:14.780,
FF288A7D-0398-4BED-800E-5FC979859F54,C32867,20260915,OT1_5,0,2,70FC22FC-0972-4261-99B3-226B15F00B33,2026-09-16 10:01:54.010,
40741B3B-DF77-4B04-9502-E4DB605D1973,C32868,20260914,OT1_5,0,2,70FC22FC-0972-4261-99B3-226B15F00B33,2026-09-15 17:23:15.730,
412FA265-8E59-4CE1-BA77-A66325DF7B9A,C32868,20260915,OT1_5,0,2,70FC22FC-0972-4261-99B3-226B15F00B33,2026-09-16 10:01:55.087,
0E712FB7-B6D9-4F60-99BB-AF5AA97A00CE,C32869,20260914,OT1_5,0,2,70FC22FC-0972-4261-99B3-226B15F00B33,2026-09-15 17:23:06.047,
8A858C27-BB7B-44FF-94D2-907A9578CBA4,C32869,20260915,OT1_5,0,2,70FC22FC-0972-4261-99B3-226B15F00B33,2026-09-16 10:01:46.703,
9544AB35-D9D9-4055-A950-106B5E4B978A,C32873,20260914,OT1_5,0,2,70FC22FC-0972-4261-99B3-226B15F00B33,2026-09-15 17:23:18.310,
A771808A-29AC-498F-A985-16A4CB8B1DFD,C32873,20260915,OT1_5,0,2,70FC22FC-0972-4261-99B3-226B15F00B33,2026-09-16 10:01:56.370,
63FDFE67-4CCC-4DFA-9C01-E8497C202A5E,C32878,20260914,OT1_5,0,2,70FC22FC-0972-4261-99B3-226B15F00B33,2026-09-15 17:17:54.380,
CE2E4DA2-1783-4C95-A64A-3EDC8047F6A5,C32881,20260914,OT1_5,0,2,70FC22FC-0972-4261-99B3-226B15F00B33,2026-09-15 17:17:54.923,
E4C0D476-340C-465E-BC79-9A2DA13155AE,C32888,20260914,OT1_5,0,2,70FC22FC-0972-4261-99B3-226B15F00B33,2026-09-15 17:18:10.140,
62303782-D184-4D8E-970E-7D7098098A04,C32889,20260914,OT1_5,0,2,70FC22FC-0972-4261-99B3-226B15F00B33,2026-09-15 17:17:56.530,
94805E98-936B-4BE8-9263-0794904551F0,C32891,20260914,OT1_5,0,2,70FC22FC-0972-4261-99B3-226B15F00B33,2026-09-15 17:18:01.533,
52903041-03F8-4916-8DA4-BDBCFD963858,C32891,20260915,OT1_5,0,2,70FC22FC-0972-4261-99B3-226B15F00B33,2026-09-16 09:56:54.923,
D5F56961-C9E1-4DF4-8634-DD1C5769DD4B,C32893,20260914,OT1_5,0,2,70FC22FC-0972-4261-99B3-226B15F00B33,2026-09-15 17:17:58.197,
9FF3CE54-22E4-4A55-A793-ABDCED1B4912,C32893,20260915,OT1_5,0,2,70FC22FC-0972-4261-99B3-226B15F00B33,2026-09-16 09:56:54.817,
A040E1C9-D9DA-4EB7-956B-23B56BC39AF0,C32894,20260914,OT1_5,0,2,70FC22FC-0972-4261-99B3-226B15F00B33,2026-09-15 17:18:01.823,
A35A6918-E064-457C-96A5-5134CC0D3CE5,C32895,20260914,OT1_5,0,2,70FC22FC-0972-4261-99B3-226B15F00B33,2026-09-15 17:18:02.657,
F4AEA57B-E725-4A0E-B2BA-F8BE22579CA5,C32896,20260914,OT1_5,0,2,70FC22FC-0972-4261-99B3-226B15F00B33,2026-09-15 17:18:02.683,
1E1E0FFB-F5BE-4277-B4AB-C9416CA71361,C32898,20260914,OT1_5,0,2,70FC22FC-0972-4261-99B3-226B15F00B33,2026-09-15 17:17:58.800,
3AE341F6-C52B-4DC0-9E4B-DBEE122DABE0,C32899,20260914,OT1_5,0,2,70FC22FC-0972-4261-99B3-226B15F00B33,2026-09-15 17:18:07.963,
0E014C4C-8791-4EC3-AF7D-8BE93B2BF920,C32901,20260914,OT1_5,0,2,70FC22FC-0972-4261-99B3-226B15F00B33,2026-09-15 17:18:05.400,
BFB49241-2FE2-4F78-8092-6130137C5CCF,C32902,20260914,OT1_5,0,1,70FC22FC-0972-4261-99B3-226B15F00B33,2026-09-15 17:18:04.013,
6384E3CF-4B5D-4E39-97DC-ED802BA0EBCE,C32906,20260914,OT1_5,0,2,70FC22FC-0972-4261-99B3-226B15F00B33,2026-09-15 17:17:59.377,
DC9CEA0A-2EA5-4777-BBE4-A1760C22357E,C32908,20260914,OT1_5,0,2,70FC22FC-0972-4261-99B3-226B15F00B33,2026-09-15 17:18:00.897,
375B200A-4E5B-4144-843F-59669D9624F2,C32909,20260914,OT1_5,0,2,70FC22FC-0972-4261-99B3-226B15F00B33,2026-09-15 17:18:03.177,
6F2826B9-8F84-43BB-8EAF-017D2FD262ED,C32912,20260914,OT1_5,0,2,70FC22FC-0972-4261-99B3-226B15F00B33,2026-09-15 17:18:02.850,
9618D899-780E-4139-B236-F55B72D2CEE3,C32913,20260914,OT1_5,0,1,70FC22FC-0972-4261-99B3-226B15F00B33,2026-09-15 17:17:54.293,
F9B0E721-C94B-4BAE-A270-1DE3448C66B6,C32914,20260914,OT1_5,0,1,70FC22FC-0972-4261-99B3-226B15F00B33,2026-09-15 17:18:07.197,
10E3A40B-CED9-4008-9809-5A047A248B2E,C32914,20260915,OT1_5,0,2,70FC22FC-0972-4261-99B3-226B15F00B33,2026-09-16 09:56:54.913,
0FDDD33E-6A68-4CFE-B3CE-C2973B8A199C,C32915,20260914,OT1_5,0,2,70FC22FC-0972-4261-99B3-226B15F00B33,2026-09-15 17:18:02.440,
2DE33367-6769-4EFA-92B0-34668D7D63C9,C32915,20260915,OT1_5,0,2,70FC22FC-0972-4261-99B3-226B15F00B33,2026-09-16 09:56:53.887,
854D7D9D-D59F-4A37-9D6D-14B6E1662B75,C32916,20260914,OT1_5,0,2,70FC22FC-0972-4261-99B3-226B15F00B33,2026-09-15 17:17:54.487,
CBC889D9-B632-414B-9243-F5511BA2B160,C32917,20260914,OT1_5,0,2,70FC22FC-0972-4261-99B3-226B15F00B33,2026-09-15 17:18:09.697,
79751704-B8B0-4B18-B525-2FA801D4CBF9,C32918,20260914,OT1_5,0,2,70FC22FC-0972-4261-99B3-226B15F00B33,2026-09-15 17:18:58.230,
12B09E1F-7498-4542-85F0-F27131E43BFE,C32918,20260915,OT1_5,0,2,70FC22FC-0972-4261-99B3-226B15F00B33,2026-09-16 09:57:40.290,
0AD52BCE-AB72-413C-A77F-7019B95E050A,C32919,20260914,OT1_5,0,2,70FC22FC-0972-4261-99B3-226B15F00B33,2026-09-15 17:20:50.393,
85858CA5-E13F-4DEC-A3F0-6BFD5F3C506F,C32920,20260914,OT1_5,0,2,70FC22FC-0972-4261-99B3-226B15F00B33,2026-09-15 17:20:51.470,
071CFCC4-CBF1-4C72-A2B3-F520A485CE33,C32920,20260915,OT1_5,0,2,70FC22FC-0972-4261-99B3-226B15F00B33,2026-09-16 09:59:37.073,
8D2C6BCC-8743-471B-B23E-55E54120F5AC,C32922,20260914,OT1_5,0,2,70FC22FC-0972-4261-99B3-226B15F00B33,2026-09-15 17:21:03.020,
F24C44E4-C829-4C4F-8EE7-3DCBCADEB22F,C32922,20260915,OT1_5,0,2,70FC22FC-0972-4261-99B3-226B15F00B33,2026-09-16 09:59:35.600,
D6E7FAB0-758C-4D12-BEAF-A9AC1431FCD0,C32924,20260914,OT1_5,0,2,70FC22FC-0972-4261-99B3-226B15F00B33,2026-09-15 17:20:50.140,
36990730-3312-4685-801B-3D332C0BA03E,C32924,20260915,OT1_5,0,2,70FC22FC-0972-4261-99B3-226B15F00B33,2026-09-16 09:59:31.477,
FA7EDEC2-7BD5-4F32-A71B-64D9919DF5A8,C32925,20260914,OT1_5,0,2,70FC22FC-0972-4261-99B3-226B15F00B33,2026-09-15 17:18:03.537,
5D41718B-D395-449E-A9BE-79E39CCA39A6,C32926,20260914,OT1_5,0,2,70FC22FC-0972-4261-99B3-226B15F00B33,2026-09-15 17:18:10.867,
84F3CFAD-0C9F-44A5-8F91-2465E14D9750,C32928,20260914,OT1_5,0,2,70FC22FC-0972-4261-99B3-226B15F00B33,2026-09-15 17:18:08.883,
C3E6ECBA-3BE1-49CA-BA1C-CC6F0F309BB8,C32929,20260914,OT1_5,0,2,70FC22FC-0972-4261-99B3-226B15F00B33,2026-09-15 17:18:08.983,
595E4F5E-0686-4B00-80B1-A125A22AD6BA,C32930,20260914,OT1_5,0,2,70FC22FC-0972-4261-99B3-226B15F00B33,2026-09-15 17:18:04.407,
4A689767-A976-4AEC-A3EA-FC0644F868DD,C32933,20260914,OT1_5,0,2,70FC22FC-0972-4261-99B3-226B15F00B33,2026-09-15 17:17:55.113,
A177C822-2F34-46C3-B298-DAE1B3E2D21D,C32933,20260915,OT1_5,0,2,70FC22FC-0972-4261-99B3-226B15F00B33,2026-09-16 09:56:57.803,
B8FCD6FC-0E35-4B83-86A1-6A05678D494F,C32936,20260914,OT1_5,0,2,70FC22FC-0972-4261-99B3-226B15F00B33,2026-09-15 17:21:06.007,
7AB46C8E-FE3B-4CA1-B8E8-03F2248EFFDE,C32937,20260914,OT1_5,0,2,70FC22FC-0972-4261-99B3-226B15F00B33,2026-09-15 17:20:46.843,
813ED16C-A47D-4781-A665-6C6F49CA6ABC,C32938,20260914,OT1_5,0,2,70FC22FC-0972-4261-99B3-226B15F00B33,2026-09-15 17:21:02.103,
0F1568C6-8744-43A9-993A-F3B24524BB42,C32939,20260914,OT1_5,0,2,70FC22FC-0972-4261-99B3-226B15F00B33,2026-09-15 17:18:10.763,
6D3A47EF-BDB6-4DED-AF60-84F58ADA5497,C32940,20260914,OT1_5,0,2,70FC22FC-0972-4261-99B3-226B15F00B33,2026-09-15 17:23:12.947,
6FA6CB36-0FA9-4CA4-9098-BBB1196B7669,C32940,20260915,OT1_5,0,2,70FC22FC-0972-4261-99B3-226B15F00B33,2026-09-16 10:01:54.193,
C487287D-B8FE-4BDE-9B78-88B5D4F07AC5,C32941,20260914,OT1_5,0,1,70FC22FC-0972-4261-99B3-226B15F00B33,2026-09-15 17:17:53.967,
1BBED038-37AB-4016-AE86-F2E25BAFE1C0,C32958,20260914,OT1_5,0,2,70FC22FC-0972-4261-99B3-226B15F00B33,2026-09-15 17:18:06.777,
68197B5C-DD8F-4FEC-A508-0BE060AEF15B,C32960,20260914,OT1_5,0,2,70FC22FC-0972-4261-99B3-226B15F00B33,2026-09-15 17:18:04.843,
897C7C13-928B-42CD-81C4-1BEA9C8EB72C,C32960,20260915,OT1_5,0,2,70FC22FC-0972-4261-99B3-226B15F00B33,2026-09-16 09:56:56.983,
953221B7-6E61-4CC6-8B6C-76D0545A4D13,C32961,20260914,OT1_5,0,2,70FC22FC-0972-4261-99B3-226B15F00B33,2026-09-15 17:18:02.723,
F917A624-5249-427F-BE65-39773D2BC2AF,C32962,20260914,OT1_5,0,2,70FC22FC-0972-4261-99B3-226B15F00B33,2026-09-15 17:18:01.557,
122700A7-D94E-4F18-9B74-ECCBDC50A410,C32963,20260914,OT1_5,0,2,70FC22FC-0972-4261-99B3-226B15F00B33,2026-09-15 17:18:09.407,
DBB01766-F280-465F-B801-7A8537E9C324,C32964,20260914,OT1_5,0,2,70FC22FC-0972-4261-99B3-226B15F00B33,2026-09-15 17:18:03.850,
5B784308-C2B9-4C92-A18D-E298A710CBA0,C32965,20260914,OT1_5,0,2,70FC22FC-0972-4261-99B3-226B15F00B33,2026-09-15 17:17:54.183,
B1A0130B-E321-4F96-8091-017EEEE44C99,C32966,20260914,OT1_5,0,2,70FC22FC-0972-4261-99B3-226B15F00B33,2026-09-15 17:23:01.507,
903916F2-BCCB-4B2B-BEA9-EB157BE85107,C32967,20260915,OT1_5,0,2,70FC22FC-0972-4261-99B3-226B15F00B33,2026-09-16 09:56:56.877,
25C1B6BC-4325-493D-A286-C7EFA7FE5C5C,C32968,20260914,OT1_5,0,2,70FC22FC-0972-4261-99B3-226B15F00B33,2026-09-15 17:18:00.730,
D3F52D69-C70E-4FB7-AE57-026A9546F66C,C32969,20260914,OT1_5,0,2,70FC22FC-0972-4261-99B3-226B15F00B33,2026-09-15 17:23:01.433,
7F32696C-247E-47EA-A5BA-3150A359FF70,C32970,20260914,OT1_5,0,2,70FC22FC-0972-4261-99B3-226B15F00B33,2026-09-15 17:23:10.007,
FC648FEE-7B6C-4A0C-A5F2-3BE5C069C7AE,C32971,20260914,OT1_5,0,2,70FC22FC-0972-4261-99B3-226B15F00B33,2026-09-15 17:18:03.943,
8D7D7B58-3D4A-471F-8E26-54B3DA2CBDDF,C32972,20260914,OT1_5,0,2,70FC22FC-0972-4261-99B3-226B15F00B33,2026-09-15 17:18:03.657,
54A8EB6E-61F5-4139-B15D-B8BC5A62B417,C32972,20260915,OT1_5,0,2,70FC22FC-0972-4261-99B3-226B15F00B33,2026-09-16 09:56:55.717,
B750256F-9B4A-406A-A83F-FA88CF6046D9,C32975,20260914,OT1_5,0,2,70FC22FC-0972-4261-99B3-226B15F00B33,2026-09-15 17:18:05.260,
792B4FDB-6D8E-4671-8371-06A9EF5A6B7C,C32975,20260915,OT1_5,0,2,70FC22FC-0972-4261-99B3-226B15F00B33,2026-09-16 09:56:57.047,
4B775F8F-9687-44BD-8D13-69183D4271A9,C32976,20260914,OT1_5,0,2,70FC22FC-0972-4261-99B3-226B15F00B33,2026-09-15 17:18:04.990,
C1FAACDA-76D2-461C-84F7-65966063E87D,C32977,20260914,OT1_5,0,2,70FC22FC-0972-4261-99B3-226B15F00B33,2026-09-15 17:18:08.340,
0A23F66B-12FD-4B87-96B7-B728AE133290,C32977,20260915,OT1_5,0,2,70FC22FC-0972-4261-99B3-226B15F00B33,2026-09-16 09:56:57.733,
C5B4CEB8-D07C-4B4F-AFBD-693FE3B4B410,C32978,20260914,OT1_5,0,2,70FC22FC-0972-4261-99B3-226B15F00B33,2026-09-15 17:17:54.750,
40727DC4-F592-4000-81C3-BCD7C01E76BB,C32979,20260914,OT1_5,0,2,70FC22FC-0972-4261-99B3-226B15F00B33,2026-09-15 17:17:59.550,
C251DF3D-6761-46DD-8D98-18326A143ED9,C32980,20260914,OT1_5,0,2,70FC22FC-0972-4261-99B3-226B15F00B33,2026-09-15 17:18:08.200,
06655795-3640-4BDA-95F0-132965F8793D,C32980,20260915,OT1_5,0,2,70FC22FC-0972-4261-99B3-226B15F00B33,2026-09-16 09:56:57.520,
63FC30D7-0FD7-4DC2-8B98-0DEB9C2EFAED,C32983,20260914,OT1_5,0,2,70FC22FC-0972-4261-99B3-226B15F00B33,2026-09-15 17:18:04.560,
CE042971-2692-49DC-BDB9-8D6E5FBDE62E,C32983,20260915,OT1_5,0,2,70FC22FC-0972-4261-99B3-226B15F00B33,2026-09-16 09:56:56.217,
7575FEBC-8165-483C-938E-64543515CCE5,C32985,20260914,OT1_5,0,2,70FC22FC-0972-4261-99B3-226B15F00B33,2026-09-15 17:23:07.327,
DE8C2DAC-EE3D-4D50-A6D4-DE32A47C8687,C32985,20260915,OT1_5,0,2,70FC22FC-0972-4261-99B3-226B15F00B33,2026-09-16 10:01:44.880,
95242B24-948A-4224-9476-13EB765150CC,C32986,20260914,OT1_5,0,2,70FC22FC-0972-4261-99B3-226B15F00B33,2026-09-15 17:23:06.383,
71A53B23-26C3-4B44-ABB9-24929D1886F9,C32986,20260915,OT1_5,0,2,70FC22FC-0972-4261-99B3-226B15F00B33,2026-09-16 10:01:46.083,
2346359B-C3AE-43FB-8F22-CC1BE86012DD,C32987,20260914,OT1_5,0,2,70FC22FC-0972-4261-99B3-226B15F00B33,2026-09-15 17:23:09.997,
8FAB0A65-5328-4FC8-AFB7-7407E82E1A82,C32990,20260914,OT1_5,0,2,70FC22FC-0972-4261-99B3-226B15F00B33,2026-09-15 17:17:57.787,
C4988D8F-C584-41A9-B6DD-301C002550BF,C32991,20260914,OT1_5,0,2,70FC22FC-0972-4261-99B3-226B15F00B33,2026-09-15 17:18:03.040,
984E6AC9-E8EE-40A8-BE8B-FF8760403371,C32992,20260914,OT1_5,0,2,70FC22FC-0972-4261-99B3-226B15F00B33,2026-09-15 17:21:01.897,
0C668D9D-36B8-46B6-B6F8-023A5F5FB98F,C32992,20260915,OT1_5,0,2,70FC22FC-0972-4261-99B3-226B15F00B33,2026-09-16 09:59:38.310,
8DDDE1B5-8D78-42F6-A98F-6D468A780F54,C32993,20260914,OT1_5,0,2,70FC22FC-0972-4261-99B3-226B15F00B33,2026-09-15 17:23:10.350,
F3FFB5A8-6521-4B5F-BB89-8B96B2F2E6DB,C32993,20260915,OT1_5,0,2,70FC22FC-0972-4261-99B3-226B15F00B33,2026-09-16 10:01:53.143,
B12CF528-DC8F-4913-B2F1-34A26BE28626,C32994,20260914,OT1_5,0,2,70FC22FC-0972-4261-99B3-226B15F00B33,2026-09-15 17:21:05.453,
647C0587-38B1-4B55-AE58-D930653220B3,C32995,20260914,OT1_5,0,2,70FC22FC-0972-4261-99B3-226B15F00B33,2026-09-15 17:21:05.087,
02B648A3-EA99-484B-9613-4C911DDF8AF6,C32995,20260915,OT1_5,0,2,70FC22FC-0972-4261-99B3-226B15F00B33,2026-09-16 09:59:40.620,
0EBC13DC-014F-44D6-9E69-E74517B1EBDB,C32998,20260914,OT1_5,0,2,70FC22FC-0972-4261-99B3-226B15F00B33,2026-09-15 17:20:57.290,
E47A3B81-5FFA-4B24-B449-0A345C6E930E,C32998,20260915,OT1_5,0,2,70FC22FC-0972-4261-99B3-226B15F00B33,2026-09-16 09:59:37.063,
087812C1-7185-4A30-AE56-3A18466724D2,C33000,20260914,OT1_5,0,1,70FC22FC-0972-4261-99B3-226B15F00B33,2026-09-15 17:21:06.727,
7F658A26-17A1-4D46-BA1D-E72C1C02CA2C,C33001,20260914,OT1_5,0,2,70FC22FC-0972-4261-99B3-226B15F00B33,2026-09-15 17:21:00.577,
E813331F-FCD4-4723-BAF2-FDA100933852,C33001,20260915,OT1_5,0,2,70FC22FC-0972-4261-99B3-226B15F00B33,2026-09-16 09:59:38.740,
21D2A81E-D401-478A-8007-347C73BDC58D,C33002,20260914,OT1_5,0,2,70FC22FC-0972-4261-99B3-226B15F00B33,2026-09-15 17:23:03.197,
02748416-8ED8-4610-8A37-EF17C8B9A998,C33002,20260915,OT1_5,0,2,70FC22FC-0972-4261-99B3-226B15F00B33,2026-09-16 10:01:43.253,
5A230B7B-4438-4562-A33C-46EAFECADCED,C33003,20260914,OT1_5,0,2,70FC22FC-0972-4261-99B3-226B15F00B33,2026-09-15 17:23:13.907,
26612941-D8C2-4A0E-A7BA-6EA5F54BEB4E,C33003,20260915,OT1_5,0,2,70FC22FC-0972-4261-99B3-226B15F00B33,2026-09-16 10:01:54.840,
B6E10079-2ECF-409B-BAFC-BDE305B1F619,C33006,20260914,OT1_5,0,2,70FC22FC-0972-4261-99B3-226B15F00B33,2026-09-15 17:20:48.390,
D64AAC0D-CB53-40D4-9A36-561B46A36576,C33006,20260915,OT1_5,0,2,70FC22FC-0972-4261-99B3-226B15F00B33,2026-09-16 09:59:37.053,
F00AB74B-ED14-4189-AAB5-E21B9B8C5F2F,C33007,20260914,OT1_5,0,2,70FC22FC-0972-4261-99B3-226B15F00B33,2026-09-15 17:21:00.553,
BBFFDED2-FBD0-4F2C-87EB-047649B7D229,C33008,20260914,OT1_5,0,2,70FC22FC-0972-4261-99B3-226B15F00B33,2026-09-15 17:21:02.040,
5B5FAFC8-1FAF-4944-89D2-953B822B51EC,C33008,20260915,OT1_5,0,2,70FC22FC-0972-4261-99B3-226B15F00B33,2026-09-16 09:59:38.187,
DD2F93CD-44DE-4A62-83AC-47912E5DA0D7,C33009,20260914,OT1_5,0,2,70FC22FC-0972-4261-99B3-226B15F00B33,2026-09-15 17:20:46.293,
240443AA-6366-4A8A-B5F3-F17DDDA09B14,C33009,20260915,OT1_5,0,2,70FC22FC-0972-4261-99B3-226B15F00B33,2026-09-16 09:59:35.423,
B101429C-0A28-4066-AF4F-A800C1746428,C33011,20260914,OT1_5,0,2,70FC22FC-0972-4261-99B3-226B15F00B33,2026-09-15 17:23:07.460,
6E5F8456-E424-4A97-B778-DCBC6E3BA4F6,C33011,20260915,OT1_5,0,2,70FC22FC-0972-4261-99B3-226B15F00B33,2026-09-16 10:01:48.283,
7B339D03-1D48-4208-869E-2B1FD3BED204,C33012,20260914,OT1_5,0,2,70FC22FC-0972-4261-99B3-226B15F00B33,2026-09-15 17:23:12.960,
8B7C56DD-18DB-4D9A-BF03-6AB1A239BF3C,C33013,20260914,OT1_5,0,2,70FC22FC-0972-4261-99B3-226B15F00B33,2026-09-15 17:23:02.697,
369161D4-9489-4EFF-BDC5-9A77B458C8DE,C33013,20260915,OT1_5,0,2,70FC22FC-0972-4261-99B3-226B15F00B33,2026-09-16 10:01:44.587,
734CD1F6-4E98-4677-B10E-84C938A5681B,C33015,20260914,OT1_5,0,2,70FC22FC-0972-4261-99B3-226B15F00B33,2026-09-15 17:23:04.320,
A1324C36-45F3-48BA-ACF1-ED7407491D3C,C33015,20260915,OT1_5,0,2,70FC22FC-0972-4261-99B3-226B15F00B33,2026-09-16 10:01:51.077,
F6ABED50-7F54-4D68-9B0A-BFACB4F6E4AC,C33016,20260914,OT1_5,0,2,70FC22FC-0972-4261-99B3-226B15F00B33,2026-09-15 17:23:05.607,
A309C9D9-C868-41D6-A466-B1A3E2F67483,C33016,20260915,OT1_5,0,2,70FC22FC-0972-4261-99B3-226B15F00B33,2026-09-16 10:01:49.963,
0B0CB049-4EBE-4F8E-889F-AA33FC02B784,C33021,20260914,OT1_5,0,2,70FC22FC-0972-4261-99B3-226B15F00B33,2026-09-15 17:23:04.353,
89C0AA83-A042-4FC4-A831-E715C938820D,C33021,20260915,OT1_5,0,2,70FC22FC-0972-4261-99B3-226B15F00B33,2026-09-16 10:01:44.953,
5E9965B3-84D0-40E8-903E-2C308C5BB7FA,C33023,20260914,OT1_5,0,2,70FC22FC-0972-4261-99B3-226B15F00B33,2026-09-15 17:23:11.940,
72FA2306-DAA2-4FC7-871F-B37968795F81,C33023,20260915,OT1_5,0,2,70FC22FC-0972-4261-99B3-226B15F00B33,2026-09-16 10:01:52.980,
9EE7AAFE-FD8A-43E9-9938-5C3F0A763F33,C33025,20260914,OT1_5,0,2,70FC22FC-0972-4261-99B3-226B15F00B33,2026-09-15 17:23:09.500,
98A174E6-0111-4656-8CCC-596FD389A60E,C33025,20260915,OT1_5,0,2,70FC22FC-0972-4261-99B3-226B15F00B33,2026-09-16 10:01:47.893,
494F019F-4CBA-4AE5-9FFF-CA01BD5C97F9,C33026,20260914,OT1_5,0,2,70FC22FC-0972-4261-99B3-226B15F00B33,2026-09-15 17:18:09.307,
BB82873D-E9A9-4335-894C-797E2FEC8F76,C33027,20260914,OT1_5,0,2,70FC22FC-0972-4261-99B3-226B15F00B33,2026-09-15 17:18:09.293,
356E5DDE-91FC-4483-AA1D-4505603771D7,C33028,20260914,OT1_5,0,2,70FC22FC-0972-4261-99B3-226B15F00B33,2026-09-15 17:20:58.747,
A3201680-2B3C-46C5-AFE3-A2C3802D2784,C33028,20260915,OT1_5,0,2,70FC22FC-0972-4261-99B3-226B15F00B33,2026-09-16 09:59:34.067,
EA277398-D8F6-488D-82FB-477C25B4DC6C,C33029,20260914,OT1_5,0,2,70FC22FC-0972-4261-99B3-226B15F00B33,2026-09-15 17:23:02.150,
EAE91AFB-1511-4D5B-8317-0932DCDBA63D,C33029,20260915,OT1_5,0,2,70FC22FC-0972-4261-99B3-226B15F00B33,2026-09-16 10:01:52.600,
EF20746F-1E6B-46D1-9582-EC50A4040A72,C33031,20260914,OT1_5,0,2,70FC22FC-0972-4261-99B3-226B15F00B33,2026-09-15 17:23:01.390,
73429E0F-EB7E-48C0-9756-6198B4644FEA,C33037,20260914,OT1_5,0,2,70FC22FC-0972-4261-99B3-226B15F00B33,2026-09-15 17:20:43.950,
EB3FE206-65BD-46FE-AB76-0E375B25DE1F,C33037,20260915,OT1_5,0,2,70FC22FC-0972-4261-99B3-226B15F00B33,2026-09-16 09:59:30.533,
4635F93C-5C8A-46CC-B7D8-1A4E510EAB9D,C33042,20260914,OT1_5,0,3,70FC22FC-0972-4261-99B3-226B15F00B33,2026-09-15 17:20:39.690,
7F53C4AD-A6B0-4D81-8818-0BE51C9B1868,C33042,20260915,OT1_5,0,3,70FC22FC-0972-4261-99B3-226B15F00B33,2026-09-16 09:59:41.030,
2FE840E2-68A8-4338-88A4-C3C18250385C,C33043,20260914,OT1_5,0,1,70FC22FC-0972-4261-99B3-226B15F00B33,2026-09-15 17:17:56.147,
DB045E6B-020A-4D9C-BAB2-19BD38CDDA65,C33045,20260914,OT1_5,0,2,70FC22FC-0972-4261-99B3-226B15F00B33,2026-09-15 17:23:04.617,
67A51229-E0C8-4153-8902-A2CC0D8AF824,C33056,20260914,OT1_5,0,2,70FC22FC-0972-4261-99B3-226B15F00B33,2026-09-15 17:21:02.203,
77DC69B2-22CD-4237-B658-C67867711EEE,C33056,20260915,OT1_5,0,2,70FC22FC-0972-4261-99B3-226B15F00B33,2026-09-16 09:59:34.907,
5609FA4F-49F3-46F0-85B9-5C3C350213C8,C33069,20260914,OT1_5,0,2,70FC22FC-0972-4261-99B3-226B15F00B33,2026-09-15 17:21:00.267,
12F390B8-9D9D-40E2-A21C-E229C7035CCB,C33069,20260915,OT1_5,0,2,70FC22FC-0972-4261-99B3-226B15F00B33,2026-09-16 09:59:38.357,
D4658F7A-A04C-47BD-946F-6FB7033E3F26,C33070,20260914,OT1_5,0,2,70FC22FC-0972-4261-99B3-226B15F00B33,2026-09-15 17:21:05.993,
E41AB36B-2537-4DD2-AE30-04CB74E20CB8,C33076,20260914,OT1_5,0,2,70FC22FC-0972-4261-99B3-226B15F00B33,2026-09-15 17:20:45.273,
E6A91386-5F01-4F2B-B029-392BD643A7A9,C33076,20260915,OT1_5,0,2,70FC22FC-0972-4261-99B3-226B15F00B33,2026-09-16 09:59:31.380,
937613BC-B3FF-4D54-B111-ACE90AB356B5,C33077,20260914,OT1_5,0,2,70FC22FC-0972-4261-99B3-226B15F00B33,2026-09-15 17:20:55.810,
54AA8D6A-5210-4EE7-A6D1-2B903D13AE38,C33079,20260914,OT1_5,0,2,70FC22FC-0972-4261-99B3-226B15F00B33,2026-09-15 17:20:58.967,
A4DC79A7-55FA-4BB9-9359-55869F41DDB7,C33079,20260915,OT1_5,0,2,70FC22FC-0972-4261-99B3-226B15F00B33,2026-09-16 09:59:39.953,
14094A7E-2B29-446C-95D7-2188C4753686,C33084,20260914,OT1_5,0,2,70FC22FC-0972-4261-99B3-226B15F00B33,2026-09-15 17:23:01.543,
6221D61D-15AA-4CBB-80E9-AA272930FC9D,C33086,20260914,OT1_5,0,2,70FC22FC-0972-4261-99B3-226B15F00B33,2026-09-15 17:23:14.820,
59D60FEB-A99C-482D-9628-7BA50233FF69,C33086,20260915,OT1_5,0,2,70FC22FC-0972-4261-99B3-226B15F00B33,2026-09-16 10:01:54.490,
9F7E15C9-E94F-4C64-95EC-6121E05A396B,C33087,20260914,OT1_5,0,2,70FC22FC-0972-4261-99B3-226B15F00B33,2026-09-15 17:23:06.597,
FAD6A3E0-3A41-4A00-AA78-D45F7BBD648F,C33088,20260914,OT1_5,0,2,70FC22FC-0972-4261-99B3-226B15F00B33,2026-09-15 17:23:03.910,
A0234AC4-8654-4A69-87CB-307111AE48C4,C33088,20260915,OT1_5,0,2,70FC22FC-0972-4261-99B3-226B15F00B33,2026-09-16 10:01:43.063,
840E2F0B-0CD7-4D84-B962-5160D4D44BE1,C33090,20260915,OT1_5,0,2,70FC22FC-0972-4261-99B3-226B15F00B33,2026-09-16 09:59:29.833,
A192F732-D133-4386-9144-4D44CB5A70BB,C33091,20260914,OT1_5,0,2,70FC22FC-0972-4261-99B3-226B15F00B33,2026-09-15 17:20:52.163,
5D79E8BE-DEF5-4F9B-81BA-0DA8DB39E3C6,C33091,20260915,OT1_5,0,2,70FC22FC-0972-4261-99B3-226B15F00B33,2026-09-16 09:59:31.053,
94FFBAC0-D065-4401-8D2E-84C0DF1D73AD,C33092,20260914,OT1_5,0,2,70FC22FC-0972-4261-99B3-226B15F00B33,2026-09-15 17:20:42.567,
DE3EAB72-FF78-4AAE-AC5F-2963685FEDA6,C33092,20260915,OT1_5,0,2,70FC22FC-0972-4261-99B3-226B15F00B33,2026-09-16 09:59:30.433,
41EBC013-C042-4433-A9D3-C924E25D49E0,C33093,20260914,OT1_5,0,2,70FC22FC-0972-4261-99B3-226B15F00B33,2026-09-15 17:21:00.893,
C341060E-3FB2-4F45-832C-FB94EEDFFB87,C33093,20260915,OT1_5,0,2,70FC22FC-0972-4261-99B3-226B15F00B33,2026-09-16 09:59:40.250,
E6835EDA-8EEE-4BAF-AD63-F8BC76AD9DD6,C33094,20260914,OT1_5,0,2,70FC22FC-0972-4261-99B3-226B15F00B33,2026-09-15 17:21:00.903,
49DA751F-21BF-498B-B2EE-1E8250A69891,C33094,20260915,OT1_5,0,2,70FC22FC-0972-4261-99B3-226B15F00B33,2026-09-16 09:59:40.277,
F393A020-B7E2-4D20-A2EB-146B20095B60,C33097,20260914,OT1_5,0,2,70FC22FC-0972-4261-99B3-226B15F00B33,2026-09-15 17:20:43.250,
C30DB054-FA5C-4CE7-9156-2324B6A74BF8,C33097,20260915,OT1_5,0,2,70FC22FC-0972-4261-99B3-226B15F00B33,2026-09-16 09:59:31.353,
5EB890C5-2980-43F2-B735-AA96EB126981,C33098,20260914,OT1_5,0,2,70FC22FC-0972-4261-99B3-226B15F00B33,2026-09-15 17:20:59.900,
08D3CA63-251E-469F-950F-D389537F342C,C33098,20260915,OT1_5,0,2,70FC22FC-0972-4261-99B3-226B15F00B33,2026-09-16 09:59:40.640,
E9F3637C-EA4A-4710-BFA6-6E4B9BF006DC,C33100,20260914,OT1_5,0,2,70FC22FC-0972-4261-99B3-226B15F00B33,2026-09-15 17:20:41.297,
49294B69-57DF-47B7-A040-39F4FD3FB220,C33100,20260915,OT1_5,0,2,70FC22FC-0972-4261-99B3-226B15F00B33,2026-09-16 09:59:29.377,
E98CACCD-CDAC-4A5F-A2C0-C10A05510EEF,C33101,20260914,OT1_5,0,2,70FC22FC-0972-4261-99B3-226B15F00B33,2026-09-15 17:20:43.230,
E9132A68-0E8A-44ED-926E-D37A6304D30C,C33101,20260915,OT1_5,0,2,70FC22FC-0972-4261-99B3-226B15F00B33,2026-09-16 09:59:31.213,
49D73B2C-7732-4A73-B5BE-0F7BD96CF0D4,C33103,20260914,OT1_5,0,2,70FC22FC-0972-4261-99B3-226B15F00B33,2026-09-15 17:20:53.060,
F051193D-561D-4162-B665-70596B059888,C33103,20260915,OT1_5,0,2,70FC22FC-0972-4261-99B3-226B15F00B33,2026-09-16 09:59:35.133,
337B42F0-6F0D-4F7B-A385-D29A7E99CAFB,C33104,20260914,OT1_5,0,2,70FC22FC-0972-4261-99B3-226B15F00B33,2026-09-15 17:20:51.633,
5352B94E-5B48-4E32-B28B-0DBD6F2D3087,C33104,20260915,OT1_5,0,2,70FC22FC-0972-4261-99B3-226B15F00B33,2026-09-16 09:59:32.100,
ABAE86C9-4B4C-47C7-A9F4-91EB0E68CB35,C33105,20260914,OT1_5,0,2,70FC22FC-0972-4261-99B3-226B15F00B33,2026-09-15 17:20:59.010,
315A28BA-5735-4181-A87E-31DD819FF298,C33105,20260915,OT1_5,0,2,70FC22FC-0972-4261-99B3-226B15F00B33,2026-09-16 09:59:34.963,
AC1111DB-6B8B-4CC1-B59C-157A24DC4775,C33106,20260914,OT1_5,0,2,70FC22FC-0972-4261-99B3-226B15F00B33,2026-09-15 17:20:59.047,
4753123F-10D6-4066-B734-A87C67CFEC28,C33106,20260915,OT1_5,0,2,70FC22FC-0972-4261-99B3-226B15F00B33,2026-09-16 09:59:35.870,
B9437658-C4A5-448C-8591-0C055EF7D403,C33107,20260914,OT1_5,0,2,70FC22FC-0972-4261-99B3-226B15F00B33,2026-09-15 17:20:54.010,
0B1A68A5-1358-4B0B-958A-AAF91CD99E54,C33107,20260915,OT1_5,0,2,70FC22FC-0972-4261-99B3-226B15F00B33,2026-09-16 09:59:35.900,
936330D3-7295-47C5-BD76-F8BED447D045,C33109,20260914,OT1_5,0,2,70FC22FC-0972-4261-99B3-226B15F00B33,2026-09-15 17:18:05.793,
296A0A46-2341-4702-9A91-A22B17739DC9,C33113,20260915,OT1_5,0,2,70FC22FC-0972-4261-99B3-226B15F00B33,2026-09-16 09:59:40.530,
7A738A68-8B45-4703-92BD-821FAAF53960,C33114,20260914,OT1_5,0,2,70FC22FC-0972-4261-99B3-226B15F00B33,2026-09-15 17:20:55.543,
A44ED229-4EE1-40A6-8950-7166B58786FE,C33114,20260915,OT1_5,0,2,70FC22FC-0972-4261-99B3-226B15F00B33,2026-09-16 09:59:39.660,
B623C9DD-60F9-4827-A369-0A27236FD9EB,C33116,20260915,OT1_5,0,2,70FC22FC-0972-4261-99B3-226B15F00B33,2026-09-16 10:01:49.877,
9A6BB663-FC89-4896-BB6D-69477E7B4D0E,C33117,20260914,OT1_5,0,2,70FC22FC-0972-4261-99B3-226B15F00B33,2026-09-15 17:23:17.473,
8090C48B-F362-4F72-AA74-BD3A6DABF4E3,C33118,20260914,OT1_5,0,2,70FC22FC-0972-4261-99B3-226B15F00B33,2026-09-15 17:20:47.983,
AC39CD9D-D2A1-4E51-B6FB-03B36906EE03,C33118,20260915,OT1_5,0,2,70FC22FC-0972-4261-99B3-226B15F00B33,2026-09-16 09:59:32.140,
326E7F4D-7E09-49DB-BE8C-200854C59253,C33120,20260914,OT1_5,0,2,70FC22FC-0972-4261-99B3-226B15F00B33,2026-09-15 17:21:05.583,
4F1F3E31-2F57-4523-84CB-2947D6C475E0,C33124,20260914,OT1_5,0,2,70FC22FC-0972-4261-99B3-226B15F00B33,2026-09-15 17:20:42.643,
74127ABE-283C-4B87-BCD3-AC7F3E47D547,C33124,20260915,OT1_5,0,2,70FC22FC-0972-4261-99B3-226B15F00B33,2026-09-16 09:59:30.053,
1FC587BF-185D-47F3-ABDC-480F813CC206,C33125,20260914,OT1_5,0,2,70FC22FC-0972-4261-99B3-226B15F00B33,2026-09-15 17:20:55.693,
92C64657-85F5-47E3-93E6-013AAC9936AA,C33125,20260915,OT1_5,0,2,70FC22FC-0972-4261-99B3-226B15F00B33,2026-09-16 09:59:39.123,
D62CCD29-FB40-4674-BA53-E928A4310AF6,C33126,20260914,OT1_5,0,2,70FC22FC-0972-4261-99B3-226B15F00B33,2026-09-15 17:20:50.000,
E486F435-4416-48AE-9B56-215DA5F631F5,C33126,20260915,OT1_5,0,2,70FC22FC-0972-4261-99B3-226B15F00B33,2026-09-16 09:59:33.223,
191F479D-DC9D-4A1D-8595-C1EC91DD2B84,C33127,20260914,OT1_5,0,2,70FC22FC-0972-4261-99B3-226B15F00B33,2026-09-15 17:20:44.173,
CF64848C-2F4B-41AA-A572-B6855BBE65C3,C33127,20260915,OT1_5,0,2,70FC22FC-0972-4261-99B3-226B15F00B33,2026-09-16 09:59:31.427,
70F93C6E-1995-4123-83BD-D991E656B6D8,C33128,20260914,OT1_5,0,2,70FC22FC-0972-4261-99B3-226B15F00B33,2026-09-15 17:23:15.003,
9521C7BD-FD37-4CE4-974B-69CE71663DE1,C33128,20260915,OT1_5,0,2,70FC22FC-0972-4261-99B3-226B15F00B33,2026-09-16 10:01:54.350,
A46AE91D-6706-408C-ACC9-BE01B28E7B7B,C33132,20260915,OT1_5,0,2,70FC22FC-0972-4261-99B3-226B15F00B33,2026-09-16 09:59:39.050,
19D5CE3E-E965-49E9-AF65-070734E9C567,C33136,20260914,OT1_5,0,2,70FC22FC-0972-4261-99B3-226B15F00B33,2026-09-15 17:21:06.197,
EB51C556-7C7C-4355-9833-BEEA514CB73E,C33144,20260914,OT1_5,0,2,70FC22FC-0972-4261-99B3-226B15F00B33,2026-09-15 17:17:56.487,
2E0027E9-704F-42E0-8239-3C1FDECF2F0D,C33145,20260914,OT1_5,0,2,70FC22FC-0972-4261-99B3-226B15F00B33,2026-09-15 17:17:56.500,
B64DC95E-C2AC-4DF4-97D7-191C05761C59,C33145,20260915,OT1_5,0,2,70FC22FC-0972-4261-99B3-226B15F00B33,2026-09-16 09:56:53.570,
91B1469E-6F2A-448D-AE0E-F881E6AC432C,C33146,20260914,OT1_5,0,2,70FC22FC-0972-4261-99B3-226B15F00B33,2026-09-15 17:18:05.027,
0D3AF4C8-EC52-4889-AF03-9DD69EF076D2,C33147,20260914,OT1_5,0,2,70FC22FC-0972-4261-99B3-226B15F00B33,2026-09-15 17:17:56.520,
3DD6EA7C-5B5D-424C-A6AC-F6D3494473EB,C33148,20260914,OT1_5,0,2,70FC22FC-0972-4261-99B3-226B15F00B33,2026-09-15 17:18:06.307,
945F5BA7-D5BB-407F-B44D-F65D1D3DC3EA,C33149,20260914,OT1_5,0,2,70FC22FC-0972-4261-99B3-226B15F00B33,2026-09-15 17:17:56.160,
6FAD4478-704E-4109-B86C-E3E5A180B602,C33153,20260914,OT1_5,0,2,70FC22FC-0972-4261-99B3-226B15F00B33,2026-09-15 17:21:06.110,
CEC7FFE6-0D25-4898-85EE-3C48978BC04A,C33154,20260914,OT1_5,0,2,70FC22FC-0972-4261-99B3-226B15F00B33,2026-09-15 17:21:34.890,
8A735477-253A-4EBE-8CF3-47D1B578E39D,C33154,20260915,OT1_5,0,2,70FC22FC-0972-4261-99B3-226B15F00B33,2026-09-16 10:00:13.617,
5C00EF0C-4B6F-493C-92DC-38D5968BDA83,C33159,20260914,OT1_5,0,2,70FC22FC-0972-4261-99B3-226B15F00B33,2026-09-15 17:21:05.650,
40716D99-E6DC-4064-BC22-0DF703D0983F,C33163,20260914,OT1_5,0,2,70FC22FC-0972-4261-99B3-226B15F00B33,2026-09-15 17:18:06.270,
8787CBD6-28F8-42DA-A277-C7583AD7B8B7,C33167,20260914,OT1_5,0,2,70FC22FC-0972-4261-99B3-226B15F00B33,2026-09-15 17:23:10.247,
D1946957-12B2-492B-9626-4B84D60F694D,C33167,20260915,OT1_5,0,2,70FC22FC-0972-4261-99B3-226B15F00B33,2026-09-16 10:01:50.133,
7B6F4A89-6456-4F19-A8F1-196EF72AC5F3,C33171,20260914,OT1_5,0,2,70FC22FC-0972-4261-99B3-226B15F00B33,2026-09-15 17:17:55.573,
8FEEA8AB-11C8-43A0-876D-6B496672C8CD,C33172,20260914,OT1_5,0,2,70FC22FC-0972-4261-99B3-226B15F00B33,2026-09-15 17:18:11.463,
0967F47A-08C7-4E97-B1E2-167312124FCE,C33178,20260914,OT1_5,0,2,70FC22FC-0972-4261-99B3-226B15F00B33,2026-09-15 17:23:12.103,
895B17E3-6844-4415-86E6-B2723B04C17F,C33178,20260915,OT1_5,0,6,70FC22FC-0972-4261-99B3-226B15F00B33,2026-09-16 10:01:42.510,
D0B0E13B-F285-4657-8B7F-0D4E3755F865,C33179,20260914,OT1_5,0,2,70FC22FC-0972-4261-99B3-226B15F00B33,2026-09-15 17:23:10.030,
3D7B9484-CC41-4774-A770-A4049B5F4890,C33179,20260915,OT1_5,0,2,70FC22FC-0972-4261-99B3-226B15F00B33,2026-09-16 10:01:49.867,
720C6FBF-CF33-45A1-BEBD-A46C51EDC1D4,C33180,20260914,OT1_5,0,2,70FC22FC-0972-4261-99B3-226B15F00B33,2026-09-15 17:23:16.020,
383633C2-477E-4946-BDF7-0AF1D4E73049,C33180,20260915,OT1_5,0,2,70FC22FC-0972-4261-99B3-226B15F00B33,2026-09-16 10:01:53.240,
E02B6852-ED9F-4320-9650-588A571D04E4,C33181,20260914,OT1_5,0,2,70FC22FC-0972-4261-99B3-226B15F00B33,2026-09-15 17:23:16.610,
70C055B5-90C5-4D0A-99C5-61E12F94F792,C33181,20260915,OT1_5,0,2,70FC22FC-0972-4261-99B3-226B15F00B33,2026-09-16 10:01:53.227,
AB7C8B62-E58C-494E-84CD-FD67AAA49895,C33183,20260914,OT1_5,0,2,70FC22FC-0972-4261-99B3-226B15F00B33,2026-09-15 17:23:10.020,
B1A0977C-9D10-4E76-9046-24E0E314BCBF,C33183,20260915,OT1_5,0,2,70FC22FC-0972-4261-99B3-226B15F00B33,2026-09-16 10:01:50.110,
CF16A156-40A8-44D5-9902-16E8F3B9DF20,C33187,20260914,OT1_5,0,2,70FC22FC-0972-4261-99B3-226B15F00B33,2026-09-15 17:21:01.297,
BE2282D1-58ED-4AA7-91B9-B753177E8B04,C33187,20260915,OT1_5,0,2,70FC22FC-0972-4261-99B3-226B15F00B33,2026-09-16 09:59:39.577,
41286131-439E-4DF0-A21D-E3EADEFC1A7C,C33189,20260914,OT1_5,0,2,70FC22FC-0972-4261-99B3-226B15F00B33,2026-09-15 17:20:59.217,
5A62C4D2-6E4D-4F83-9450-14D4C15A6CF9,C33191,20260914,OT1_5,0,2,70FC22FC-0972-4261-99B3-226B15F00B33,2026-09-15 17:18:03.980,
61C895ED-0416-467D-9754-B312F4841889,C33191,20260915,OT1_5,0,2,70FC22FC-0972-4261-99B3-226B15F00B33,2026-09-16 09:56:55.487,
D9A06524-A7C8-4B60-9534-1B2A3576F0ED,C33193,20260915,OT1_5,0,2.5,70FC22FC-0972-4261-99B3-226B15F00B33,2026-09-16 09:56:59.227,
8D974A79-028E-400B-8AD0-0350A0E4B0EF,C33194,20260914,OT1_5,0,2,70FC22FC-0972-4261-99B3-226B15F00B33,2026-09-15 17:23:09.523,
4AEB8FD3-67B3-4FC4-8619-B192BF4A4A21,C33194,20260915,OT1_5,0,2,70FC22FC-0972-4261-99B3-226B15F00B33,2026-09-16 10:01:48.313,
7FBAB0B5-5B6B-49FB-8C41-940EC298B703,C33195,20260914,OT1_5,0,2,70FC22FC-0972-4261-99B3-226B15F00B33,2026-09-15 17:18:03.603,
F5438EF9-D0E1-41DA-A490-555731F1FAD6,C33195,20260915,OT1_5,0,2,70FC22FC-0972-4261-99B3-226B15F00B33,2026-09-16 09:56:55.497,
D055665C-1B71-442B-AC42-4EB6D37CE2DE,C33197,20260914,OT1_5,0,2,70FC22FC-0972-4261-99B3-226B15F00B33,2026-09-15 17:17:56.183,
261FAF47-DE51-48C0-80F7-9A1F548A6969,C33197,20260915,OT1_5,0,2,70FC22FC-0972-4261-99B3-226B15F00B33,2026-09-16 09:56:53.950,
2D7F0F05-DC50-4EFF-84C7-BBEC29535BBA,C33198,20260915,OT1_5,0,2,70FC22FC-0972-4261-99B3-226B15F00B33,2026-09-16 09:56:53.453,
9B5FC59A-513E-4860-BF70-DFA61B4809F6,C33199,20260914,OT1_5,0,2,70FC22FC-0972-4261-99B3-226B15F00B33,2026-09-15 17:18:02.903,
E4D57A0F-5A54-474F-AEDA-1454228FDE3A,C33199,20260915,OT1_5,0,2,70FC22FC-0972-4261-99B3-226B15F00B33,2026-09-16 09:56:54.357,
09853F5D-684F-4B44-A231-642967BB5A9F,C33201,20260914,OT1_5,0,2,70FC22FC-0972-4261-99B3-226B15F00B33,2026-09-15 17:23:09.873,
26C3284A-D4A5-4988-A621-DA0EC8DFC0D6,C33201,20260915,OT1_5,0,2,70FC22FC-0972-4261-99B3-226B15F00B33,2026-09-16 10:01:51.110,
BA6D5E10-3821-4992-80D8-89BCDB743C84,C33202,20260914,OT1_5,0,2,70FC22FC-0972-4261-99B3-226B15F00B33,2026-09-15 17:21:03.570,
D23E0F3A-CC26-4D28-9165-A8D97A765A1C,C33202,20260915,OT1_5,0,2,70FC22FC-0972-4261-99B3-226B15F00B33,2026-09-16 09:59:32.070,
CA5F1637-07C0-486A-AAC1-D5F3FA89BECC,C33203,20260914,OT1_5,0,2,70FC22FC-0972-4261-99B3-226B15F00B33,2026-09-15 17:21:04.790,
4420B37A-1990-40ED-A5BB-33B21E3C34A8,C33203,20260915,OT1_5,0,2,70FC22FC-0972-4261-99B3-226B15F00B33,2026-09-16 09:59:35.103,
B80FB90E-DA83-403E-A851-414A959040A6,C33204,20260914,OT1_5,0,2,70FC22FC-0972-4261-99B3-226B15F00B33,2026-09-15 17:21:04.553,
665A1D13-F7E7-42CD-A826-E15E34A38AB0,C33204,20260915,OT1_5,0,2,70FC22FC-0972-4261-99B3-226B15F00B33,2026-09-16 09:59:38.700,
9D25AEEA-9562-4F68-A342-5EFA78C2E6AB,C33206,20260915,OT1_5,0,2,70FC22FC-0972-4261-99B3-226B15F00B33,2026-09-16 09:59:39.850,
9AFA43F4-1668-4870-84B6-85A6DAF34E67,C33207,20260914,OT1_5,0,1,70FC22FC-0972-4261-99B3-226B15F00B33,2026-09-15 17:21:06.600,
4724BBEF-131A-4A99-84FF-F7C07833B87C,C33209,20260914,OT1_5,0,2,70FC22FC-0972-4261-99B3-226B15F00B33,2026-09-15 17:23:09.863,
4D231A64-AB53-40B9-B2A1-B30917BEA355,C33209,20260915,OT1_5,0,2,70FC22FC-0972-4261-99B3-226B15F00B33,2026-09-16 10:01:46.320,
9A19BD28-F9E8-499A-8E4E-41569E80938D,C33210,20260914,OT1_5,0,2,70FC22FC-0972-4261-99B3-226B15F00B33,2026-09-15 17:20:51.820,
AAFE3F82-8A7B-4593-94EE-28C1821DA987,C33210,20260915,OT1_5,0,2,70FC22FC-0972-4261-99B3-226B15F00B33,2026-09-16 09:59:33.183,
CF21CF11-0A57-4379-B678-37808FE864B1,C33213,20260914,OT1_5,0,2,70FC22FC-0972-4261-99B3-226B15F00B33,2026-09-15 17:18:04.970,
26A90ECB-99AC-4B28-9D82-DB448079FE84,C33215,20260914,OT1_5,0,2,70FC22FC-0972-4261-99B3-226B15F00B33,2026-09-15 17:18:08.557,
0514E841-18EE-4930-8DB6-5487BBDE1080,C33220,20260914,OT1_5,0,2,70FC22FC-0972-4261-99B3-226B15F00B33,2026-09-15 17:18:06.090,
B96A6A64-C9A9-4AC8-A794-39D9EFA7066E,C33222,20260914,OT1_5,0,2,70FC22FC-0972-4261-99B3-226B15F00B33,2026-09-15 17:20:50.537,
853C4790-E951-4C88-AD51-6A95E8D3F466,C33222,20260915,OT1_5,0,2,70FC22FC-0972-4261-99B3-226B15F00B33,2026-09-16 09:59:32.280,
3A1DD6B8-76D8-464A-9EEC-523D338F9900,C33225,20260914,OT1_5,0,2,70FC22FC-0972-4261-99B3-226B15F00B33,2026-09-15 17:23:02.553,
9BBF9DC6-907C-4869-9AA9-A7305C0F6365,C33230,20260914,OT1_5,0,2,70FC22FC-0972-4261-99B3-226B15F00B33,2026-09-15 17:20:46.770,
D328C924-FD7C-4EAB-ADE6-F77EC1EDE44D,C33230,20260915,OT1_5,0,2,70FC22FC-0972-4261-99B3-226B15F00B33,2026-09-16 09:59:30.803,
4FF6F77F-4519-4C5E-89C9-F83AA62ED908,C33232,20260914,OT1_5,0,2,70FC22FC-0972-4261-99B3-226B15F00B33,2026-09-15 17:20:53.880,
2B0D299C-803E-483B-8833-675E2BA9E93C,C33233,20260914,OT1_5,0,2,70FC22FC-0972-4261-99B3-226B15F00B33,2026-09-15 17:20:59.270,
164C6BE7-8669-4182-BF69-75F3DB6208FD,C33233,20260915,OT1_5,0,2,70FC22FC-0972-4261-99B3-226B15F00B33,2026-09-16 09:59:39.283,
CE3864E6-AA67-400B-B0EA-1CDD7645BE1F,C33234,20260914,OT1_5,0,2,70FC22FC-0972-4261-99B3-226B15F00B33,2026-09-15 17:20:51.730,
C86674F4-04B5-4779-B742-1AAED904D33F,C33234,20260915,OT1_5,0,2,70FC22FC-0972-4261-99B3-226B15F00B33,2026-09-16 09:59:34.093,
F1B60F3E-5A67-4740-A3A5-865D015CF87E,C33236,20260914,OT1_5,0,2,70FC22FC-0972-4261-99B3-226B15F00B33,2026-09-15 17:20:46.620,
2B9FB7FB-8B52-4122-9E59-E0A695C86FCF,C33236,20260915,OT1_5,0,2,70FC22FC-0972-4261-99B3-226B15F00B33,2026-09-16 09:59:30.513,
710B359E-22A2-4686-A8C3-D263E330E287,C33237,20260914,OT1_5,0,2,70FC22FC-0972-4261-99B3-226B15F00B33,2026-09-15 17:23:16.387,
3FA955DB-14B1-49E9-A04E-04EF38687D42,C33237,20260915,OT1_5,0,2,70FC22FC-0972-4261-99B3-226B15F00B33,2026-09-16 10:01:56.127,
AC7FB2CC-1ED4-4310-863B-AEAE8B281F43,C33239,20260914,OT1_5,0,2,70FC22FC-0972-4261-99B3-226B15F00B33,2026-09-15 17:23:09.853,
D0C31233-0D6A-4390-AED8-A7DB22AB0BFE,C33239,20260915,OT1_5,0,2,70FC22FC-0972-4261-99B3-226B15F00B33,2026-09-16 10:01:50.077,
05347EB6-4BB9-4DBF-B3FD-E067BDE22900,C33245,20260915,OT1_5,0,2,70FC22FC-0972-4261-99B3-226B15F00B33,2026-09-16 09:59:33.630,
DC23AADC-18E3-4A4D-BEE4-21B914C1BC6E,C33247,20260914,OT1_5,0,2,70FC22FC-0972-4261-99B3-226B15F00B33,2026-09-15 17:18:04.000,
4156C50F-F38B-48CC-81B8-3ED9F72F6ABF,C33250,20260914,OT1_5,0,2,70FC22FC-0972-4261-99B3-226B15F00B33,2026-09-15 17:21:04.297,
2C0605E5-8AE8-4E02-A621-9BC2A5948537,C33257,20260914,OT1_5,0,2,70FC22FC-0972-4261-99B3-226B15F00B33,2026-09-15 17:18:09.583,
982ED96E-C84F-4A4A-9707-DB6F516E0237,C33257,20260915,OT1_5,0,2,70FC22FC-0972-4261-99B3-226B15F00B33,2026-09-16 09:56:57.850,
FFDB415F-C6D0-468A-A3AD-19423843B3B8,C33258,20260914,OT1_5,0,2,70FC22FC-0972-4261-99B3-226B15F00B33,2026-09-15 17:18:06.350,
155C8594-0F0F-425F-A81A-2AF34151E41D,C33258,20260915,OT1_5,0,2,70FC22FC-0972-4261-99B3-226B15F00B33,2026-09-16 09:56:55.360,
F2D960A6-9162-4373-9A25-75935BEA5C2A,C33260,20260914,OT1_5,0,2,70FC22FC-0972-4261-99B3-226B15F00B33,2026-09-15 17:18:05.523,
89EB0A9E-8CA6-4AFA-85F1-072C048C1F34,C33262,20260914,OT1_5,0,2,70FC22FC-0972-4261-99B3-226B15F00B33,2026-09-15 17:18:05.187,
BA869B6E-6602-4F44-B656-C9ABE8342823,C33262,20260915,OT1_5,0,2,70FC22FC-0972-4261-99B3-226B15F00B33,2026-09-16 09:56:55.020,
B1C75729-C157-4A40-8E07-A365229EEFD1,C33263,20260914,OT1_5,0,2,70FC22FC-0972-4261-99B3-226B15F00B33,2026-09-15 17:18:11.920,
C5D59843-FDD7-4CE9-B36D-496896E6485A,C33263,20260915,OT1_5,0,2,70FC22FC-0972-4261-99B3-226B15F00B33,2026-09-16 09:56:58.687,
31B44FD5-7DD8-45D7-A3CF-15391D0F1186,C33265,20260914,OT1_5,0,2,70FC22FC-0972-4261-99B3-226B15F00B33,2026-09-15 17:18:04.163,
ECFE3BF9-A615-4D05-B0ED-F02BBEDF5D90,C33267,20260914,OT1_5,0,2,70FC22FC-0972-4261-99B3-226B15F00B33,2026-09-15 17:18:07.040,
86A378A7-B17E-42FA-BA86-8245CE478D18,C33269,20260914,OT1_5,0,2,70FC22FC-0972-4261-99B3-226B15F00B33,2026-09-15 17:20:59.150,
F89AB492-5CE3-4FC4-9BF7-32FD60135DE4,C33269,20260915,OT1_5,0,2,70FC22FC-0972-4261-99B3-226B15F00B33,2026-09-16 09:59:32.410,
4538109B-EB68-486F-97C4-78EF5D10E760,C33270,20260914,OT1_5,0,2,70FC22FC-0972-4261-99B3-226B15F00B33,2026-09-15 17:20:55.963,
04526CC6-68C6-439B-8477-00292148841C,C33270,20260915,OT1_5,0,2,70FC22FC-0972-4261-99B3-226B15F00B33,2026-09-16 09:59:34.773,
2706E086-CB8E-4077-BF39-AB02F2703DD0,C33274,20260914,OT1_5,0,2,70FC22FC-0972-4261-99B3-226B15F00B33,2026-09-15 17:20:46.510,
8995E9A4-E029-4839-8A55-2881386F9596,C33274,20260915,OT1_5,0,2,70FC22FC-0972-4261-99B3-226B15F00B33,2026-09-16 09:59:38.177,
35FFF51F-8C65-4530-8006-CD56971A3053,C33276,20260915,OT1_5,0,2,70FC22FC-0972-4261-99B3-226B15F00B33,2026-09-16 09:56:55.457,
F5B730CB-CDDD-4648-AC93-C158BAD210A5,C33278,20260915,OT1_5,0,2,70FC22FC-0972-4261-99B3-226B15F00B33,2026-09-16 09:56:54.577,
9970BB4B-8970-42BE-8EB3-73776F926CB7,C33279,20260914,OT1_5,0,2,70FC22FC-0972-4261-99B3-226B15F00B33,2026-09-15 17:18:06.417,
D25E54B1-13A1-4435-9757-A0863B2E326F,C33282,20260914,OT1_5,0,2,70FC22FC-0972-4261-99B3-226B15F00B33,2026-09-15 17:18:05.693,
7F307776-C2AB-4D68-9D7C-BC12F8FFFC10,C33282,20260915,OT1_5,0,2,70FC22FC-0972-4261-99B3-226B15F00B33,2026-09-16 09:56:57.390,
E497D06E-53A2-45AF-B4CB-B501C191B278,C33284,20260914,OT1_5,0,2,70FC22FC-0972-4261-99B3-226B15F00B33,2026-09-15 17:18:05.347,
F1E2257B-5F52-4BE6-86E7-D78E1C79A3AE,C33285,20260914,OT1_5,0,2,70FC22FC-0972-4261-99B3-226B15F00B33,2026-09-15 17:17:53.597,
EEBB0058-3C10-4588-B947-734F859EE48C,C33285,20260915,OT1_5,0,2,70FC22FC-0972-4261-99B3-226B15F00B33,2026-09-16 09:56:53.113,
DFDC14EE-79DE-46CF-AECF-A03D6578EA3F,C33286,20260914,OT1_5,0,2,70FC22FC-0972-4261-99B3-226B15F00B33,2026-09-15 17:18:08.740,
61674C48-CD8D-48D6-8583-AACC7283504E,C33286,20260915,OT1_5,0,2,70FC22FC-0972-4261-99B3-226B15F00B33,2026-09-16 09:56:57.753,
080FC64B-3D52-4A12-A7A8-03EFC76A99BE,C33287,20260914,OT1_5,0,2,70FC22FC-0972-4261-99B3-226B15F00B33,2026-09-15 17:17:59.947,
3E5BECBB-16D7-48D0-A53E-ACAAD3E6A001,C33287,20260915,OT1_5,0,2,70FC22FC-0972-4261-99B3-226B15F00B33,2026-09-16 09:56:53.727,
E649F7F8-77D0-455E-ACF8-33CEF7F09402,C33288,20260914,OT1_5,0,2,70FC22FC-0972-4261-99B3-226B15F00B33,2026-09-15 17:20:43.777,
0CA75218-2C6B-49A7-B5F8-8F20AEB8FEF9,C33290,20260914,OT1_5,0,2,70FC22FC-0972-4261-99B3-226B15F00B33,2026-09-15 17:23:17.703,
82ED1869-446E-4656-9FC3-858BAE5370F9,C33290,20260915,OT1_5,0,2,70FC22FC-0972-4261-99B3-226B15F00B33,2026-09-16 10:01:52.400,
98DDB735-7184-49C2-9282-BB359481F726,C33291,20260914,OT1_5,0,2,70FC22FC-0972-4261-99B3-226B15F00B33,2026-09-15 17:23:14.097,
4CAA2C3F-183D-4780-8036-46C1796BFBFC,C33294,20260914,OT1_5,0,2,70FC22FC-0972-4261-99B3-226B15F00B33,2026-09-15 17:23:17.980,
75ECD52F-0196-4B18-8AF5-8CC953349D71,C33294,20260915,OT1_5,0,2,70FC22FC-0972-4261-99B3-226B15F00B33,2026-09-16 10:01:56.260,
BEAED0DC-970E-45CF-9830-60ADC0DC3ED3,C33297,20260914,OT1_5,0,2,70FC22FC-0972-4261-99B3-226B15F00B33,2026-09-15 17:23:18.573,
5E035247-C953-48AB-98EA-D68F48B1F4CA,C33297,20260915,OT1_5,0,2,70FC22FC-0972-4261-99B3-226B15F00B33,2026-09-16 10:01:50.097,
90394BEC-E899-4ACA-A6C0-7CCF962C3CF2,C33298,20260915,OT1_5,0,2,70FC22FC-0972-4261-99B3-226B15F00B33,2026-09-16 10:01:44.257,
8DF861AB-0BC1-4994-A828-07A44591CDF9,C33301,20260914,OT1_5,0,2,70FC22FC-0972-4261-99B3-226B15F00B33,2026-09-15 17:23:15.187,
C5A42862-39D6-4CA0-95FB-F109E8864120,C33301,20260915,OT1_5,0,2,70FC22FC-0972-4261-99B3-226B15F00B33,2026-09-16 10:01:53.827,
FCC24984-4752-4040-A827-7A66B38C24CF,C33303,20260914,OT1_5,0,2,70FC22FC-0972-4261-99B3-226B15F00B33,2026-09-15 17:23:14.067,
CB9BEC67-9F75-42D1-A5B0-9B91FCB78AC9,C33303,20260915,OT1_5,0,2,70FC22FC-0972-4261-99B3-226B15F00B33,2026-09-16 10:01:54.367,
B7B3651F-6183-436E-A545-827168B8592E,C33306,20260914,OT1_5,0,2,70FC22FC-0972-4261-99B3-226B15F00B33,2026-09-15 17:23:05.480,
B66D039E-41F9-4188-A83C-C7A5A91E4017,C33306,20260915,OT1_5,0,2,70FC22FC-0972-4261-99B3-226B15F00B33,2026-09-16 10:01:43.700,
ECB2C0DA-061C-4358-99D9-81629324D958,C33310,20260914,OT1_5,0,2,70FC22FC-0972-4261-99B3-226B15F00B33,2026-09-15 17:23:18.000,
6F12FB58-51CC-499C-BE4C-6D067D841A22,C33310,20260915,OT1_5,0,2,70FC22FC-0972-4261-99B3-226B15F00B33,2026-09-16 10:01:56.117,
745A9AB4-B81C-4C7A-95AD-9435F95A96CB,C33312,20260914,OT1_5,0,2,70FC22FC-0972-4261-99B3-226B15F00B33,2026-09-15 17:23:12.613,
1057D811-F9E3-42DE-A9F7-50552D4F13DF,C33315,20260914,OT1_5,0,2,70FC22FC-0972-4261-99B3-226B15F00B33,2026-09-15 17:23:07.440,
A11F857F-249E-4BB7-85AE-0FC5A59C569C,C33315,20260915,OT1_5,0,2,70FC22FC-0972-4261-99B3-226B15F00B33,2026-09-16 10:01:49.780,
229B3BD9-2DA1-4017-A8B3-5DDF0A46B08E,C33321,20260914,OT1_5,0,2,70FC22FC-0972-4261-99B3-226B15F00B33,2026-09-15 17:23:05.457,
126D9725-5D93-4AAD-8428-5CD8D813BDFE,C33322,20260914,OT1_5,0,2,70FC22FC-0972-4261-99B3-226B15F00B33,2026-09-15 17:23:16.993,
DEA3CCC8-25C6-47F6-8DA8-E6FCD93AA3E3,C33322,20260915,OT1_5,0,2,70FC22FC-0972-4261-99B3-226B15F00B33,2026-09-16 10:01:55.937,
997B4128-195A-49F1-A32F-A4065DE152E5,C33326,20260914,OT1_5,0,2,70FC22FC-0972-4261-99B3-226B15F00B33,2026-09-15 17:17:53.913,
0E90D39B-F5CC-4CDF-9166-B6C584DB51F5,C33326,20260915,OT1_5,0,2,70FC22FC-0972-4261-99B3-226B15F00B33,2026-09-16 09:56:53.067,
0712ACC7-DD58-4F5D-B5ED-B30BD8BC8683,C33328,20260914,OT1_5,0,2,70FC22FC-0972-4261-99B3-226B15F00B33,2026-09-15 17:17:59.490,
33DAE84B-3D3D-4482-9974-06E5C8DFF35B,C33333,20260914,OT1_5,0,2,70FC22FC-0972-4261-99B3-226B15F00B33,2026-09-15 17:18:04.350,
33F443CB-5A9F-485E-838C-D8396E6ED086,C33333,20260915,OT1_5,0,2,70FC22FC-0972-4261-99B3-226B15F00B33,2026-09-16 09:56:56.030,
CD825F14-C3B6-45EA-BDCA-48D43EF86ADF,C33337,20260914,OT1_5,0,2,70FC22FC-0972-4261-99B3-226B15F00B33,2026-09-15 17:23:04.470,
2D079F26-3C19-4BFB-A6AB-D9CC6558AA7A,C33337,20260915,OT1_5,0,2,70FC22FC-0972-4261-99B3-226B15F00B33,2026-09-16 10:01:44.003,
0F81A313-D669-4D65-97B4-8E6F87A6BB4E,C33341,20260914,OT1_5,0,2,70FC22FC-0972-4261-99B3-226B15F00B33,2026-09-15 17:23:02.493,
F73596D6-3B57-41CC-BAFD-7336F1F781A5,C33345,20260914,OT1_5,0,2,70FC22FC-0972-4261-99B3-226B15F00B33,2026-09-15 17:18:01.310,
1D1603C3-1F81-444F-95E9-63DD1FA87326,C33345,20260915,OT1_5,0,2,70FC22FC-0972-4261-99B3-226B15F00B33,2026-09-16 09:56:54.710,
FDD82A2E-E321-4362-B0A4-76C685DA83EE,C33346,20260914,OT1_5,0,2,70FC22FC-0972-4261-99B3-226B15F00B33,2026-09-15 17:18:12.513,
6B425095-DAF3-42C7-963B-E26258400077,C33347,20260914,OT1_5,0,2,70FC22FC-0972-4261-99B3-226B15F00B33,2026-09-15 17:17:54.210,
DEA08D52-D74A-4FFF-98CF-7EF2E65EB5C2,C33347,20260915,OT1_5,0,2,70FC22FC-0972-4261-99B3-226B15F00B33,2026-09-16 09:56:52.963,
1F428885-2E0C-43AF-A5F1-65B8E43CB36D,C33350,20260914,OT1_5,0,2,70FC22FC-0972-4261-99B3-226B15F00B33,2026-09-15 17:18:02.780,
A377BF76-43FC-4225-A648-DCADBCBA2F8F,C33350,20260915,OT1_5,0,2,70FC22FC-0972-4261-99B3-226B15F00B33,2026-09-16 09:56:54.640,
ECEF35C4-42A9-426D-88FA-EB7AA465BFB6,C33358,20260914,OT1_5,0,2,70FC22FC-0972-4261-99B3-226B15F00B33,2026-09-15 17:23:02.477,
AE67A812-97AE-45AE-BD38-70E7D3D45A6F,C33359,20260914,OT1_5,0,2,70FC22FC-0972-4261-99B3-226B15F00B33,2026-09-15 17:23:17.557,
EC49D746-9321-4654-887C-12825A04F1AF,C33359,20260915,OT1_5,0,2,70FC22FC-0972-4261-99B3-226B15F00B33,2026-09-16 10:01:56.270,
707B987F-25C5-4246-B17D-424CEC841C84,C33364,20260914,OT1_5,0,2,70FC22FC-0972-4261-99B3-226B15F00B33,2026-09-15 17:23:06.097,
FE19C931-F728-418F-A32F-92A413568E95,C33365,20260914,OT1_5,0,2,70FC22FC-0972-4261-99B3-226B15F00B33,2026-09-15 17:18:01.583,
9C12DE3F-523B-4490-A762-AE754DF7F142,C33365,20260915,OT1_5,0,2,70FC22FC-0972-4261-99B3-226B15F00B33,2026-09-16 09:56:56.323,
853DFFE5-93B7-4EB1-B71B-888BCF352EFF,C33369,20260914,OT1_5,0,2,70FC22FC-0972-4261-99B3-226B15F00B33,2026-09-15 17:18:10.970,
CFEFA6FF-F3A3-47D8-ABDC-066B966804FE,C33369,20260915,OT1_5,0,2,70FC22FC-0972-4261-99B3-226B15F00B33,2026-09-16 09:56:58.313,
A9007B91-1F19-4B9E-A8DB-345901B44B73,C33372,20260914,OT1_5,0,2,70FC22FC-0972-4261-99B3-226B15F00B33,2026-09-15 17:18:12.777,
6DF0F2F1-803D-40FA-B202-7D87287FE16B,C33372,20260915,OT1_5,0,2,70FC22FC-0972-4261-99B3-226B15F00B33,2026-09-16 09:56:58.577,
44556517-F2A6-4351-A83A-52DD228FFA88,C33387,20260915,OT1_5,0,2,70FC22FC-0972-4261-99B3-226B15F00B33,2026-09-16 09:56:57.770,
C81326A9-A018-4D42-865B-C9510CEEADB4,C33391,20260914,OT1_5,0,2,70FC22FC-0972-4261-99B3-226B15F00B33,2026-09-15 17:18:02.050,
D2C0044C-EC5F-4BF4-95A2-A2E204E4CFA5,C33391,20260915,OT1_5,0,2,70FC22FC-0972-4261-99B3-226B15F00B33,2026-09-16 09:56:54.493,
86FF362C-C028-4076-BC1E-A0B0AC4F7469,C33394,20260914,OT1_5,0,2,70FC22FC-0972-4261-99B3-226B15F00B33,2026-09-15 17:23:18.110,
D95F3DDE-4D57-4091-8CBA-6C12FFAF804D,C33394,20260915,OT1_5,0,2,70FC22FC-0972-4261-99B3-226B15F00B33,2026-09-16 10:01:56.700,
B748CF0C-8A94-4C92-BEFE-FE1C844096F5,C33396,20260914,OT1_5,0,2,70FC22FC-0972-4261-99B3-226B15F00B33,2026-09-15 17:23:14.417,
EE9FF5F5-320F-48F7-834E-A5673B7EE0D3,C33396,20260915,OT1_5,0,2,70FC22FC-0972-4261-99B3-226B15F00B33,2026-09-16 10:01:55.460,
A32CDA46-7C99-439A-8649-D55109B556B3,C33397,20260914,OT1_5,0,2,70FC22FC-0972-4261-99B3-226B15F00B33,2026-09-15 17:23:10.113,
729F7A51-12C3-4838-9501-96D0767F3182,C33397,20260915,OT1_5,0,2,70FC22FC-0972-4261-99B3-226B15F00B33,2026-09-16 10:01:51.880,
71444EDA-53CE-4F1F-92B9-E262A860267F,C33400,20260914,OT1_5,0,2,70FC22FC-0972-4261-99B3-226B15F00B33,2026-09-15 17:23:06.150,
6DB9658D-AFD9-48D0-B11F-4F3151D17FA2,C33400,20260915,OT1_5,0,2,70FC22FC-0972-4261-99B3-226B15F00B33,2026-09-16 10:01:48.040,
60BFACF1-49D1-4368-8FC7-29C772A83BFE,C33401,20260914,OT1_5,0,2,70FC22FC-0972-4261-99B3-226B15F00B33,2026-09-15 17:23:16.237,
9777426C-0895-490B-AAB1-8C3FF0705340,C33402,20260914,OT1_5,0,2,70FC22FC-0972-4261-99B3-226B15F00B33,2026-09-15 17:23:05.333,
7CD0F567-743D-43C9-B12C-5682513455D0,C33405,20260914,OT1_5,0,2,70FC22FC-0972-4261-99B3-226B15F00B33,2026-09-15 17:23:00.970,
50E40BE2-F7EC-4AD7-8DCB-6878A069B125,C33407,20260914,OT1_5,0,2,70FC22FC-0972-4261-99B3-226B15F00B33,2026-09-15 17:17:54.523,
7B9836E5-CF5A-43F9-B682-A2C1CB5101FA,C33407,20260915,OT1_5,0,2,70FC22FC-0972-4261-99B3-226B15F00B33,2026-09-16 09:56:54.330,
EB7589CB-AB58-41BA-9833-E2B610CAAB05,C33414,20260914,OT1_5,0,2,70FC22FC-0972-4261-99B3-226B15F00B33,2026-09-15 17:23:05.313,
85EAB0A0-7539-4BB0-9B36-2005F48B05EA,C33414,20260915,OT1_5,0,2,70FC22FC-0972-4261-99B3-226B15F00B33,2026-09-16 10:01:43.800,
E5E457B8-3946-4F62-964C-189F82F1B004,C33420,20260915,OT1_5,0,2,70FC22FC-0972-4261-99B3-226B15F00B33,2026-09-16 10:01:43.127,
40265AD3-ABF8-492F-A639-40F98F542251,C33422,20260914,OT1_5,0,2,70FC22FC-0972-4261-99B3-226B15F00B33,2026-09-15 17:23:09.747,
93E092B6-2793-4CAA-AF24-8A7353AED1AD,C33422,20260915,OT1_5,0,2,70FC22FC-0972-4261-99B3-226B15F00B33,2026-09-16 10:01:50.603,
EF32012F-3981-4D51-8A8D-86CF566C35BF,C33423,20260914,OT1_5,0,2,70FC22FC-0972-4261-99B3-226B15F00B33,2026-09-15 17:23:04.493,
FE976645-001A-4ECB-AD16-9AB0E280CCB1,C33423,20260915,OT1_5,0,2,70FC22FC-0972-4261-99B3-226B15F00B33,2026-09-16 10:01:48.873,
510387C5-3174-413F-AEB5-420A614096A4,C33425,20260915,OT1_5,0,2,70FC22FC-0972-4261-99B3-226B15F00B33,2026-09-16 10:01:51.210,
73FEFDFA-83FF-40FB-9B7C-6F4739013C3A,C33426,20260914,OT1_5,0,2,70FC22FC-0972-4261-99B3-226B15F00B33,2026-09-15 17:23:10.407,
7C7D2BA4-DA06-49BF-A93D-5EB9831AF680,C33426,20260915,OT1_5,0,2,70FC22FC-0972-4261-99B3-226B15F00B33,2026-09-16 10:01:51.200,
9A64296C-54A2-4B27-8214-633F3D5A2D94,C33427,20260914,OT1_5,0,2,70FC22FC-0972-4261-99B3-226B15F00B33,2026-09-15 17:23:03.120,
4C8A1B6F-1A24-4A2E-B041-C2CCD9AB8221,C33427,20260915,OT1_5,0,2,70FC22FC-0972-4261-99B3-226B15F00B33,2026-09-16 10:01:43.433,
B3E50732-EDA0-4184-A587-BBA44E46D236,C33428,20260914,OT1_5,0,2,70FC22FC-0972-4261-99B3-226B15F00B33,2026-09-15 17:23:06.263,
D697056A-9799-4373-A73F-545709B396C2,C33428,20260915,OT1_5,0,2,70FC22FC-0972-4261-99B3-226B15F00B33,2026-09-16 10:01:48.403,
0AD9526D-53E4-46BB-A12D-185ABAA8B7A0,C33432,20260914,OT1_5,0,2,70FC22FC-0972-4261-99B3-226B15F00B33,2026-09-15 17:23:10.430,
77A045AA-9885-4973-9FC4-9238AD4D1178,C33433,20260914,OT1_5,0,2,70FC22FC-0972-4261-99B3-226B15F00B33,2026-09-15 17:23:10.363,
5BE93CE4-04E0-4E27-8E1D-D97CF0D520E6,C33433,20260915,OT1_5,0,2,70FC22FC-0972-4261-99B3-226B15F00B33,2026-09-16 10:01:50.560,
4295EE9A-21CC-4F7E-B287-A78A3B494823,C33434,20260914,OT1_5,0,2,70FC22FC-0972-4261-99B3-226B15F00B33,2026-09-15 17:23:09.817,
CDF9C764-AC4D-4E7B-BE8A-6B137D42493B,C33434,20260915,OT1_5,0,2,70FC22FC-0972-4261-99B3-226B15F00B33,2026-09-16 10:01:51.253,
1B34FEBB-8C34-4162-9B4A-626AD2A61EC0,C33435,20260914,OT1_5,0,2,70FC22FC-0972-4261-99B3-226B15F00B33,2026-09-15 17:23:13.710,
9D44765E-E5D3-42D2-A339-A02A933E486C,C33435,20260915,OT1_5,0,2,70FC22FC-0972-4261-99B3-226B15F00B33,2026-09-16 10:01:52.280,
2507B6A1-224C-4EE7-94CA-C2C0207E2F40,C33436,20260914,OT1_5,0,2,70FC22FC-0972-4261-99B3-226B15F00B33,2026-09-15 17:17:55.583,
8DB79873-DDF0-4F75-B8A3-F3FFC0B50456,C33438,20260914,OT1_5,0,2,70FC22FC-0972-4261-99B3-226B15F00B33,2026-09-15 17:18:07.240,
1A2D4061-DF29-4F94-A928-CD382B4A0D0A,C33439,20260914,OT1_5,0,2,70FC22FC-0972-4261-99B3-226B15F00B33,2026-09-15 17:18:09.537,
92B6B86A-84F9-4F04-92A1-191E86E76F3D,C33439,20260915,OT1_5,0,2,70FC22FC-0972-4261-99B3-226B15F00B33,2026-09-16 09:56:57.643,
51F1D1DF-8487-4C4C-98E7-65AFF7241DE2,C33440,20260914,OT1_5,0,2,70FC22FC-0972-4261-99B3-226B15F00B33,2026-09-15 17:18:12.533,
44FC7578-F6F0-462C-80BE-396D7E2B1A24,C33441,20260914,OT1_5,0,2,70FC22FC-0972-4261-99B3-226B15F00B33,2026-09-15 17:20:51.587,
9B1F6D17-D2FE-47EF-8674-80D115391B5D,C33442,20260914,OT1_5,0,1.5,70FC22FC-0972-4261-99B3-226B15F00B33,2026-09-15 17:18:58.750,
BF4A0A32-B949-4633-9B94-067175314EFB,C33442,20260915,OT1_5,0,3.5,70FC22FC-0972-4261-99B3-226B15F00B33,2026-09-16 09:57:39.543,
791F6712-C732-4539-AEF8-3D20128F8A73,C33444,20260914,OT1_5,0,2,70FC22FC-0972-4261-99B3-226B15F00B33,2026-09-15 17:17:57.603,
4E33B354-5BB8-47D9-9BE2-B329AD26A68B,C33444,20260915,OT1_5,0,2,70FC22FC-0972-4261-99B3-226B15F00B33,2026-09-16 09:56:53.773,
70054761-50C7-4F1B-839B-C3F93C70EB63,C33445,20260915,OT1_5,0,1,70FC22FC-0972-4261-99B3-226B15F00B33,2026-09-16 09:56:52.580,
4EC25C86-E726-413B-B924-7ABFEF9B2116,C33447,20260914,OT1_5,0,2,70FC22FC-0972-4261-99B3-226B15F00B33,2026-09-15 17:23:03.803,
19C99519-A536-48EB-8532-31BD25785E34,C33447,20260915,OT1_5,0,2,70FC22FC-0972-4261-99B3-226B15F00B33,2026-09-16 10:01:44.707,
7D8D7FDB-4526-490F-A7B1-995E29F031B4,C33448,20260914,OT1_5,0,2,70FC22FC-0972-4261-99B3-226B15F00B33,2026-09-15 17:23:01.450,
E9850286-3AF8-4150-809F-683E6B92A812,C33449,20260914,OT1_5,0,1.5,70FC22FC-0972-4261-99B3-226B15F00B33,2026-09-15 17:18:58.887,
16B73C3A-577C-447C-BFC2-DEA871705641,C33449,20260915,OT1_5,0,1.5,70FC22FC-0972-4261-99B3-226B15F00B33,2026-09-16 09:57:41.007,
79599F88-7513-4681-AAF5-54A0A59B15E4,C33450,20260914,OT1_5,0,2,70FC22FC-0972-4261-99B3-226B15F00B33,2026-09-15 17:23:08.780,
3B9E23F2-F0E7-45B1-8303-8D923F3871AC,C33450,20260915,OT1_5,0,2,70FC22FC-0972-4261-99B3-226B15F00B33,2026-09-16 10:01:52.837,
BE25351B-BC31-45F9-AFE5-14E11453F96B,C33451,20260914,OT1_5,0,2,70FC22FC-0972-4261-99B3-226B15F00B33,2026-09-15 17:23:11.403,
B7FBC85A-A741-489A-98BC-A85CA96731D4,C33451,20260915,OT1_5,0,2,70FC22FC-0972-4261-99B3-226B15F00B33,2026-09-16 10:01:52.210,
CA7857ED-2737-453C-BD0F-8F9E8835D680,C33452,20260914,OT1_5,0,2,70FC22FC-0972-4261-99B3-226B15F00B33,2026-09-15 17:23:01.200,
C84237E2-8454-4000-8CB1-A8C8BC68BEC2,C33453,20260914,OT1_5,0,2,70FC22FC-0972-4261-99B3-226B15F00B33,2026-09-15 17:23:13.033,
1E98C750-1274-48FC-AD44-C83985F29505,C33453,20260915,OT1_5,0,2,70FC22FC-0972-4261-99B3-226B15F00B33,2026-09-16 10:01:51.400,
654100AA-8409-4457-8F60-EFF4C78631DC,C33456,20260914,OT1_5,0,2,70FC22FC-0972-4261-99B3-226B15F00B33,2026-09-15 17:23:18.020,
8A01F471-9CC2-4DAF-A8D9-3F34BF24F1CB,C33456,20260915,OT1_5,0,2,70FC22FC-0972-4261-99B3-226B15F00B33,2026-09-16 10:01:56.710,
BF0C4D6A-715E-45D0-9C62-3FCDDDA2CE73,C33459,20260914,OT1_5,0,2,70FC22FC-0972-4261-99B3-226B15F00B33,2026-09-15 17:23:02.283,
107FB8C3-1784-486C-8350-94AF1A94566E,C33461,20260915,OT1_5,0,2,70FC22FC-0972-4261-99B3-226B15F00B33,2026-09-16 10:01:43.157,
B88EABCD-403F-48AF-B0D2-D60140C1984E,C33464,20260914,OT1_5,0,2,70FC22FC-0972-4261-99B3-226B15F00B33,2026-09-15 17:17:55.870,
74D07506-DEAB-42A6-B9BF-0335A99D8BEB,C33465,20260914,OT1_5,0,2,70FC22FC-0972-4261-99B3-226B15F00B33,2026-09-15 17:17:56.293,
5BDC80A2-DA63-43F5-8712-EC9B1DF0E35B,C33465,20260915,OT1_5,0,2,70FC22FC-0972-4261-99B3-226B15F00B33,2026-09-16 09:56:53.270,
0AC6ECE0-EDBC-44B0-87B2-F64E7891B47F,C33466,20260914,OT1_5,0,2,70FC22FC-0972-4261-99B3-226B15F00B33,2026-09-15 17:17:58.283,
FEF2BF49-AD08-4EC4-8AC2-C2A8983CE7FB,C33466,20260915,OT1_5,0,2,70FC22FC-0972-4261-99B3-226B15F00B33,2026-09-16 09:56:53.280,
A9CF91C8-F878-4BC7-B0B6-44CE538E8CF9,C33467,20260915,OT1_5,0,2,70FC22FC-0972-4261-99B3-226B15F00B33,2026-09-16 09:56:54.760,
BA85E83A-8EED-49CA-8C31-87F3E6F296AF,C33473,20260914,OT1_5,0,2,70FC22FC-0972-4261-99B3-226B15F00B33,2026-09-15 17:20:56.033,
5539D609-A979-4548-A651-1F00BBFC996B,C33473,20260915,OT1_5,0,2,70FC22FC-0972-4261-99B3-226B15F00B33,2026-09-16 09:59:39.447,
08D6398E-611A-4242-AF41-3A08333AEDD1,C33475,20260914,OT1_5,0,2,70FC22FC-0972-4261-99B3-226B15F00B33,2026-09-15 17:18:10.173,
6FB07100-8FAE-4084-9136-C3E86A7BE4E7,C33475,20260915,OT1_5,0,2,70FC22FC-0972-4261-99B3-226B15F00B33,2026-09-16 09:56:58.130,
938C5C4F-7196-42A2-9140-1327A6D24304,C33476,20260914,OT1_5,0,2,70FC22FC-0972-4261-99B3-226B15F00B33,2026-09-15 17:18:02.537,
2F96FA2F-C095-48E8-9E64-089BC95D7549,C33480,20260914,OT1_5,0,2,70FC22FC-0972-4261-99B3-226B15F00B33,2026-09-15 17:20:40.217,
591479BC-382B-4DDC-B7A7-359AF076F179,C33480,20260915,OT1_5,0,2,70FC22FC-0972-4261-99B3-226B15F00B33,2026-09-16 09:59:29.310,
B1D923B7-4F3A-4D31-AD3E-02910DAA5058,C33484,20260914,OT1_5,0,2,70FC22FC-0972-4261-99B3-226B15F00B33,2026-09-15 17:23:08.833,
279C88E1-48B4-4A70-806F-A59BCD5DA907,C33484,20260915,OT1_5,0,2,70FC22FC-0972-4261-99B3-226B15F00B33,2026-09-16 10:01:47.777,
9A00C233-D5C8-42A1-B9B2-B6A803DB2729,C33485,20260914,OT1_5,0,2,70FC22FC-0972-4261-99B3-226B15F00B33,2026-09-15 17:23:15.673,
E5480091-3381-4162-9BF0-5710E99F6128,C33485,20260915,OT1_5,0,2,70FC22FC-0972-4261-99B3-226B15F00B33,2026-09-16 10:01:54.990,
FB5B5306-2BB3-43C2-BA25-20D60A9422FE,C33487,20260914,OT1_5,0,2,70FC22FC-0972-4261-99B3-226B15F00B33,2026-09-15 17:23:02.260,
1AA4E505-5E87-4119-BB57-82A181227803,C33488,20260914,OT1_5,0,2,70FC22FC-0972-4261-99B3-226B15F00B33,2026-09-15 17:23:05.093,
12356178-3B8D-4EDC-919F-D9970AE60315,C33490,20260914,OT1_5,0,2,70FC22FC-0972-4261-99B3-226B15F00B33,2026-09-15 17:23:18.433,
C866F299-6459-4C3D-BE55-861949805509,C33490,20260915,OT1_5,0,2,70FC22FC-0972-4261-99B3-226B15F00B33,2026-09-16 10:01:56.430,
515DDB55-B292-4013-825B-A2B2DFC709B0,C33492,20260914,OT1_5,0,2,70FC22FC-0972-4261-99B3-226B15F00B33,2026-09-15 17:18:11.233,
0F702DB8-78B9-47D2-A620-9C30CC71A2BA,C33494,20260914,OT1_5,0,2,70FC22FC-0972-4261-99B3-226B15F00B33,2026-09-15 17:23:18.890,
B8E5DBC9-9CB2-421D-954C-294E73A891D0,C33494,20260915,OT1_5,0,2,70FC22FC-0972-4261-99B3-226B15F00B33,2026-09-16 10:01:56.960,
95CA61C5-F16F-41B0-BDED-FE5850BCB03A,C33495,20260914,OT1_5,0,2,70FC22FC-0972-4261-99B3-226B15F00B33,2026-09-15 17:23:16.870,
09C4D9C7-B29C-4391-8C4D-BB44D0F01B00,C33495,20260915,OT1_5,0,2,70FC22FC-0972-4261-99B3-226B15F00B33,2026-09-16 10:01:55.050,
389D9356-B708-4828-A2C8-4397686A16C8,C33497,20260915,OT1_5,0,2,70FC22FC-0972-4261-99B3-226B15F00B33,2026-09-16 10:01:56.420,
7629EF6E-0C1D-49BC-967B-6019A17B9C8B,C33498,20260914,OT1_5,0,2,70FC22FC-0972-4261-99B3-226B15F00B33,2026-09-15 17:23:02.243,
941392C6-9608-488E-8692-52BAF5E19B39,C33500,20260914,OT1_5,0,2,70FC22FC-0972-4261-99B3-226B15F00B33,2026-09-15 17:23:06.433,
CA5143FB-0159-4F3A-BE84-F4B107F2A492,C33500,20260915,OT1_5,0,2,70FC22FC-0972-4261-99B3-226B15F00B33,2026-09-16 10:01:50.013,
F5A0D2E9-6A85-44D6-93FD-938BAB2ADB4D,C33501,20260914,OT1_5,0,2,70FC22FC-0972-4261-99B3-226B15F00B33,2026-09-15 17:23:11.353,
07FAF401-A84E-4C7E-BA0C-F80D85661D26,C33503,20260914,OT1_5,0,2,70FC22FC-0972-4261-99B3-226B15F00B33,2026-09-15 17:23:05.027,
8E117078-FF76-4365-AB80-695535A14C9C,C33503,20260915,OT1_5,0,2,70FC22FC-0972-4261-99B3-226B15F00B33,2026-09-16 10:01:46.110,
D2468F65-1578-4A92-9039-57535C7DCE49,C33512,20260914,OT1_5,0,2,70FC22FC-0972-4261-99B3-226B15F00B33,2026-09-15 17:23:18.377,
16B97846-AFF4-460C-9EDE-0B449EE1B3E0,C33512,20260915,OT1_5,0,2,70FC22FC-0972-4261-99B3-226B15F00B33,2026-09-16 10:01:56.360,
FA625E44-E22B-4A41-9CEA-626BFE3593C7,C33513,20260914,OT1_5,0,2,70FC22FC-0972-4261-99B3-226B15F00B33,2026-09-15 17:23:12.093,
23852A17-DD68-475B-B1CC-E15418F83D6B,C33513,20260915,OT1_5,0,2,70FC22FC-0972-4261-99B3-226B15F00B33,2026-09-16 10:01:54.357,
B085AE5D-E6B4-4256-A58C-D8C4B722D2A0,C33514,20260914,OT1_5,0,2,70FC22FC-0972-4261-99B3-226B15F00B33,2026-09-15 17:23:02.210,
F522CACD-FD3E-4A9F-870D-19743D9151CE,C33514,20260915,OT1_5,0,2,70FC22FC-0972-4261-99B3-226B15F00B33,2026-09-16 10:01:42.917,
217499B1-6243-4EBC-938A-99E7D1946A5A,C33516,20260914,OT1_5,0,2,70FC22FC-0972-4261-99B3-226B15F00B33,2026-09-15 17:23:08.967,
8D02E97D-B12E-4E3B-AAF0-3E1646D4A3DF,C33516,20260915,OT1_5,0,2,70FC22FC-0972-4261-99B3-226B15F00B33,2026-09-16 10:01:46.467,
BD745CBC-1E6B-4724-A278-9F883EB98DB9,C33517,20260914,OT1_5,0,2,70FC22FC-0972-4261-99B3-226B15F00B33,2026-09-15 17:20:40.573,
17A5CFC2-7370-4E15-B904-2DBE4D33228B,C33517,20260915,OT1_5,0,2,70FC22FC-0972-4261-99B3-226B15F00B33,2026-09-16 09:59:29.947,
AB109512-6AB1-47A1-BB98-FF849803207C,C33518,20260914,OT1_5,0,2,70FC22FC-0972-4261-99B3-226B15F00B33,2026-09-15 17:21:00.977,
1DDD5117-7C53-43B3-BFAF-4E227B23B145,C33518,20260915,OT1_5,0,2,70FC22FC-0972-4261-99B3-226B15F00B33,2026-09-16 09:59:35.053,
8AF9164E-5A39-4C96-AB8A-8BE65908353C,C33520,20260914,OT1_5,0,2,70FC22FC-0972-4261-99B3-226B15F00B33,2026-09-15 17:20:51.327,
5731F2B0-6523-4AA7-9EDA-6972199975CA,C33520,20260915,OT1_5,0,2,70FC22FC-0972-4261-99B3-226B15F00B33,2026-09-16 09:59:33.140,
E7CF6644-686C-4BB9-A858-30449E8EC999,C33521,20260914,OT1_5,0,2,70FC22FC-0972-4261-99B3-226B15F00B33,2026-09-15 17:20:56.113,
0B664DE7-990F-4EF5-A660-95FBAFFB8740,C33521,20260915,OT1_5,0,2,70FC22FC-0972-4261-99B3-226B15F00B33,2026-09-16 09:59:37.577,
92324921-3572-4EB6-B916-0501940F4329,C33525,20260914,OT1_5,0,2,70FC22FC-0972-4261-99B3-226B15F00B33,2026-09-15 17:20:56.250,
FB3B390E-678F-4AF5-BADE-A5F0C226A107,C33525,20260915,OT1_5,0,2,70FC22FC-0972-4261-99B3-226B15F00B33,2026-09-16 09:59:35.157,
CBAA722B-021D-4B8C-B48D-AA01E7610EAF,C33526,20260914,OT1_5,0,2,70FC22FC-0972-4261-99B3-226B15F00B33,2026-09-15 17:21:00.450,
93D3AB16-D296-4725-AC21-3315E9BC1BDC,C33526,20260915,OT1_5,0,2,70FC22FC-0972-4261-99B3-226B15F00B33,2026-09-16 09:59:38.650,
E58A5BC3-11C4-41AE-8562-42D84DA39CBF,C33529,20260914,OT1_5,0,2,70FC22FC-0972-4261-99B3-226B15F00B33,2026-09-15 17:21:03.787,
AEFEE648-08D8-4F05-AE78-99D400A18097,C33530,20260914,OT1_5,0,2,70FC22FC-0972-4261-99B3-226B15F00B33,2026-09-15 17:20:41.663,
8104EEBF-3D35-4590-B61F-E085E491DFC1,C33530,20260915,OT1_5,0,2,70FC22FC-0972-4261-99B3-226B15F00B33,2026-09-16 09:59:29.290,
FCA1EB71-1319-429C-B0CE-6DBE091FCFF4,C33532,20260914,OT1_5,0,2,70FC22FC-0972-4261-99B3-226B15F00B33,2026-09-15 17:20:45.053,
1EA33ED5-E70A-40B1-AF36-75E461ED6509,C33532,20260915,OT1_5,0,2,70FC22FC-0972-4261-99B3-226B15F00B33,2026-09-16 09:59:31.457,
37C7E090-449F-42E1-94BB-7AB1E361B664,C33534,20260914,OT1_5,0,2,70FC22FC-0972-4261-99B3-226B15F00B33,2026-09-15 17:21:00.337,
B6091B79-4289-49AE-81E7-A46E627B75AF,C33534,20260915,OT1_5,0,2,70FC22FC-0972-4261-99B3-226B15F00B33,2026-09-16 09:59:37.433,
D480530C-EF08-4E8B-BD80-36C029280355,C33535,20260914,OT1_5,0,2,70FC22FC-0972-4261-99B3-226B15F00B33,2026-09-15 17:20:43.630,
C431B008-6A66-4D17-8226-9625EADF9B69,C33535,20260915,OT1_5,0,2,70FC22FC-0972-4261-99B3-226B15F00B33,2026-09-16 09:59:30.987,
9BA990B3-9D2E-406B-B602-D4861AD1D268,C33537,20260914,OT1_5,0,2,70FC22FC-0972-4261-99B3-226B15F00B33,2026-09-15 17:20:57.130,
00068FE5-8AF1-4930-9D6F-D1B521C70D8E,C33537,20260915,OT1_5,0,2,70FC22FC-0972-4261-99B3-226B15F00B33,2026-09-16 09:59:39.367,
A4E7DAC5-320A-4698-9A92-A48005F69EE7,C33539,20260914,OT1_5,0,2,70FC22FC-0972-4261-99B3-226B15F00B33,2026-09-15 17:20:49.190,
C19AE19C-BFED-470C-A2C0-4611AC069315,C33539,20260915,OT1_5,0,2,70FC22FC-0972-4261-99B3-226B15F00B33,2026-09-16 09:59:33.827,
A0102669-A3DF-47E8-9818-93DCB57C82E5,C33540,20260914,OT1_5,0,2,70FC22FC-0972-4261-99B3-226B15F00B33,2026-09-15 17:20:58.577,
4A05D269-28F6-4F36-B1D4-98275B73B0F6,C33540,20260915,OT1_5,0,2,70FC22FC-0972-4261-99B3-226B15F00B33,2026-09-16 09:59:39.340,
CE673CCD-E94A-40B8-9DBC-177A3B642837,C33542,20260914,OT1_5,0,2,70FC22FC-0972-4261-99B3-226B15F00B33,2026-09-15 17:20:54.817,
BB070033-1891-41A8-85B2-845A1DADD0E3,C33542,20260915,OT1_5,0,2,70FC22FC-0972-4261-99B3-226B15F00B33,2026-09-16 09:59:34.887,
ED435BE2-D4CD-458C-B989-2B294302478E,C33543,20260914,OT1_5,0,2,70FC22FC-0972-4261-99B3-226B15F00B33,2026-09-15 17:20:51.340,
4815BFFC-2C8B-4751-8A0B-2A330E95CADC,C33543,20260915,OT1_5,0,2,70FC22FC-0972-4261-99B3-226B15F00B33,2026-09-16 09:59:32.390,
7706A17B-34C6-414B-8CDC-599C8F34F849,C33551,20260914,OT1_5,0,2,70FC22FC-0972-4261-99B3-226B15F00B33,2026-09-15 17:20:40.827,
0622D524-CEDF-4155-AB45-502D7476E4FD,C33551,20260915,OT1_5,0,2,70FC22FC-0972-4261-99B3-226B15F00B33,2026-09-16 09:59:29.193,
255DAE71-146B-418B-A210-A1689A10E13E,C33555,20260914,OT1_5,0,2,70FC22FC-0972-4261-99B3-226B15F00B33,2026-09-15 17:23:08.063,
59A05B8D-85AD-4C41-B78B-3906F9FC880A,C33555,20260915,OT1_5,0,2,70FC22FC-0972-4261-99B3-226B15F00B33,2026-09-16 10:01:45.117,
67B99175-E313-4E29-86E6-EE3C806680AF,C33556,20260914,OT1_5,0,2,70FC22FC-0972-4261-99B3-226B15F00B33,2026-09-15 17:23:15.970,
DD883647-EC13-4901-AEF2-92927EAB8963,C33556,20260915,OT1_5,0,2,70FC22FC-0972-4261-99B3-226B15F00B33,2026-09-16 10:01:55.240,
C4583C91-042E-4BDF-8CA3-99D5DF0111D5,C33561,20260914,OT1_5,0,2,70FC22FC-0972-4261-99B3-226B15F00B33,2026-09-15 17:23:06.507,
CB5DEC4A-1BE5-43A9-ABC7-40E0B2EEC631,C33561,20260915,OT1_5,0,2,70FC22FC-0972-4261-99B3-226B15F00B33,2026-09-16 10:01:44.800,
144D0ADF-B2E3-4B20-867F-A1F8A4BCBFDC,C33563,20260914,OT1_5,0,2,70FC22FC-0972-4261-99B3-226B15F00B33,2026-09-15 17:23:06.523,
241544C1-17A2-46E8-8C12-D9426F6292CE,C33563,20260915,OT1_5,0,2,70FC22FC-0972-4261-99B3-226B15F00B33,2026-09-16 10:01:44.777,
9DAD00AE-8E48-4EAC-8258-DF13434BED01,C33564,20260914,OT1_5,0,2,70FC22FC-0972-4261-99B3-226B15F00B33,2026-09-15 17:20:39.933,
8695F93B-BB5C-47C1-94D8-2BDA7C44052F,C33564,20260915,OT1_5,0,2,70FC22FC-0972-4261-99B3-226B15F00B33,2026-09-16 09:59:35.287,
BA5BEC0A-2342-4637-A4E1-22BD1C3C21AD,C33567,20260914,OT1_5,0,2,70FC22FC-0972-4261-99B3-226B15F00B33,2026-09-15 17:21:01.577,
940468DE-32E3-4153-9A21-82FD66D553FD,C33567,20260915,OT1_5,0,2,70FC22FC-0972-4261-99B3-226B15F00B33,2026-09-16 09:59:38.680,
3EA2249C-0E41-463F-9732-0B1B32DB0791,C33568,20260914,OT1_5,0,2,70FC22FC-0972-4261-99B3-226B15F00B33,2026-09-15 17:20:51.427,
AD2B5BD6-FF3B-45E3-AC45-42565EB88AF4,C33568,20260915,OT1_5,0,2,70FC22FC-0972-4261-99B3-226B15F00B33,2026-09-16 09:59:34.263,
0535B171-46CE-4498-B37F-F102F4957F9F,C33577,20260914,OT1_5,0,2,70FC22FC-0972-4261-99B3-226B15F00B33,2026-09-15 17:21:03.340,
08CD0033-E3D0-4566-96C2-B3E65740F56B,C33577,20260915,OT1_5,0,2,70FC22FC-0972-4261-99B3-226B15F00B33,2026-09-16 09:59:38.280,
C8AB8EFE-AF08-46AF-8FCF-54C010689CDA,C33580,20260914,OT1_5,0,2,70FC22FC-0972-4261-99B3-226B15F00B33,2026-09-15 17:20:45.750,
15588535-AD5D-4A07-A002-D7F7CC29D5B4,C33580,20260915,OT1_5,0,2,70FC22FC-0972-4261-99B3-226B15F00B33,2026-09-16 09:59:31.467,
DA556945-BB5D-4544-9879-82462209CB72,C33585,20260914,OT1_5,0,2,70FC22FC-0972-4261-99B3-226B15F00B33,2026-09-15 17:20:56.333,
9C5C7527-DAD3-4393-AF55-E70A34151C01,C33585,20260915,OT1_5,0,2,70FC22FC-0972-4261-99B3-226B15F00B33,2026-09-16 09:59:34.433,
4946F198-7767-4A5E-A17A-7D1FAA611172,C33586,20260914,OT1_5,0,2,70FC22FC-0972-4261-99B3-226B15F00B33,2026-09-15 17:20:41.030,
B0CFE618-3B30-4CD9-8B3B-08760932137E,C33586,20260915,OT1_5,0,2,70FC22FC-0972-4261-99B3-226B15F00B33,2026-09-16 09:59:29.327,
7EACD000-8F32-4758-95B1-4B20EBAF2B2F,C33587,20260914,OT1_5,0,2,70FC22FC-0972-4261-99B3-226B15F00B33,2026-09-15 17:20:45.210,
6DFD184B-DFD6-4BA1-B153-21DEAFCD5645,C33587,20260915,OT1_5,0,2,70FC22FC-0972-4261-99B3-226B15F00B33,2026-09-16 09:59:36.963,
3EF30964-4516-486A-93A9-52D789F14E9E,C33589,20260914,OT1_5,0,2,70FC22FC-0972-4261-99B3-226B15F00B33,2026-09-15 17:20:52.600,
563CC356-32A5-4B52-8499-57C7A042C929,C33589,20260915,OT1_5,0,2,70FC22FC-0972-4261-99B3-226B15F00B33,2026-09-16 09:59:38.007,
83A69D0F-C782-4290-B132-1E371F29B352,C33590,20260914,OT1_5,0,2,70FC22FC-0972-4261-99B3-226B15F00B33,2026-09-15 17:20:57.647,
AE56471C-F533-44D7-8B3E-A7CF9F1E8338,C33591,20260914,OT1_5,0,2,70FC22FC-0972-4261-99B3-226B15F00B33,2026-09-15 17:20:59.520,
CCD46778-6D8D-4F86-B358-28BDE7C5FF96,C33591,20260915,OT1_5,0,2,70FC22FC-0972-4261-99B3-226B15F00B33,2026-09-16 09:59:38.457,
921A59A3-AA48-4798-A8E0-7EB94025981E,C33594,20260914,OT1_5,0,2,70FC22FC-0972-4261-99B3-226B15F00B33,2026-09-15 17:20:46.743,
9B15AA6F-0C6D-46C2-BCA8-35FF66581956,C33594,20260915,OT1_5,0,2,70FC22FC-0972-4261-99B3-226B15F00B33,2026-09-16 09:59:31.070,
5066E563-39F9-4C98-B2E4-F9F1E66DC0C4,C33596,20260914,OT1_5,0,2,70FC22FC-0972-4261-99B3-226B15F00B33,2026-09-15 17:17:58.307,
9359D81C-5815-46A6-BB64-CA79986825F6,C33596,20260915,OT1_5,0,2,70FC22FC-0972-4261-99B3-226B15F00B33,2026-09-16 09:56:52.827,
9FAD5199-4ADD-4254-BE46-917BBB248859,C33599,20260914,OT1_5,0,2,70FC22FC-0972-4261-99B3-226B15F00B33,2026-09-15 17:23:02.867,
501C4CE5-D402-4A93-A508-3EFBC6F3255C,C33599,20260915,OT1_5,0,2,70FC22FC-0972-4261-99B3-226B15F00B33,2026-09-16 10:01:50.487,
2E23AA0C-0F58-43D1-90B1-9EA77E23C0DA,C33601,20260914,OT1_5,0,2,70FC22FC-0972-4261-99B3-226B15F00B33,2026-09-15 17:20:52.413,
BF387425-B62C-47CA-AFE0-060CE6EA238B,C33601,20260915,OT1_5,0,2,70FC22FC-0972-4261-99B3-226B15F00B33,2026-09-16 09:59:37.427,
DD7A0BD5-A9CF-4F2B-A2F3-BB8DD0E13DB1,C33602,20260914,OT1_5,0,2,70FC22FC-0972-4261-99B3-226B15F00B33,2026-09-15 17:20:39.770,
BE31ACA3-3F5F-4470-959D-766CFFCFA57B,C33602,20260915,OT1_5,0,3,70FC22FC-0972-4261-99B3-226B15F00B33,2026-09-16 09:59:41.017,
812C941F-478E-4646-A557-4BD32338B732,c33603,20260914,OT1_5,0,2,70FC22FC-0972-4261-99B3-226B15F00B33,2026-09-15 17:18:04.243,
8A8CB358-354E-4AEA-913F-15E7774E0163,C33604,20260914,OT1_5,0,2,70FC22FC-0972-4261-99B3-226B15F00B33,2026-09-15 17:18:11.973,
6191CC0C-8638-4642-9DEE-B94232C8C58E,C33606,20260914,OT1_5,0,2,70FC22FC-0972-4261-99B3-226B15F00B33,2026-09-15 17:18:12.150,
8EB41191-86C0-4670-898E-4C7B76B0F83E,C33607,20260914,OT1_5,0,2,70FC22FC-0972-4261-99B3-226B15F00B33,2026-09-15 17:18:10.333,
F3D7C9BE-1C22-41E7-A079-175ED9859089,C33608,20260914,OT1_5,0,2,70FC22FC-0972-4261-99B3-226B15F00B33,2026-09-15 17:18:01.453,
9844552C-75BB-4841-96B3-D4D59E4BBF2F,C33609,20260914,OT1_5,0,2,70FC22FC-0972-4261-99B3-226B15F00B33,2026-09-15 17:17:56.877,
0235F8F9-609A-431C-808B-C02384615AB4,C33614,20260914,OT1_5,0,2,70FC22FC-0972-4261-99B3-226B15F00B33,2026-09-15 17:18:05.953,
E784A13D-3BF3-427C-9761-AB494479EA9C,C33614,20260915,OT1_5,0,2,70FC22FC-0972-4261-99B3-226B15F00B33,2026-09-16 09:56:57.113,
1918F59D-013B-4076-A2EC-071933A37D20,C33615,20260915,OT1_5,0,2,70FC22FC-0972-4261-99B3-226B15F00B33,2026-09-16 09:56:57.277,
BFD615DC-A0C4-4C8E-A93D-C724F0F8C80D,C33616,20260915,OT1_5,0,2,70FC22FC-0972-4261-99B3-226B15F00B33,2026-09-16 09:56:57.870,
914670E2-B3E3-4CAC-8965-D5AA22B60C1A,C33617,20260914,OT1_5,0,2,70FC22FC-0972-4261-99B3-226B15F00B33,2026-09-15 17:18:05.680,
1D6CA1C1-5544-4024-B96E-A7255F1263ED,C33617,20260915,OT1_5,0,2,70FC22FC-0972-4261-99B3-226B15F00B33,2026-09-16 09:56:55.707,
8BA30E99-9197-425F-8C2E-FC6D88E2886C,C33619,20260914,OT1_5,0,2,70FC22FC-0972-4261-99B3-226B15F00B33,2026-09-15 17:18:04.550,
18F5FBBC-43A2-4EA2-8071-AADEDBB68B4A,C33619,20260915,OT1_5,0,2,70FC22FC-0972-4261-99B3-226B15F00B33,2026-09-16 09:56:54.740,
0B137F5D-21B4-4648-A7A8-4339BB9A55A3,C33620,20260914,OT1_5,0,2,70FC22FC-0972-4261-99B3-226B15F00B33,2026-09-15 17:18:02.240,
E288CF0C-1824-4AB7-8684-3B6DA7C00676,C33620,20260915,OT1_5,0,2,70FC22FC-0972-4261-99B3-226B15F00B33,2026-09-16 09:56:55.540,
A13AFA8D-1EFC-4D94-9F33-82EF94867FFD,C33621,20260915,OT1_5,0,2,70FC22FC-0972-4261-99B3-226B15F00B33,2026-09-16 09:56:58.140,
DB5E7007-183B-4420-B733-B715882BD446,C33622,20260914,OT1_5,0,2,70FC22FC-0972-4261-99B3-226B15F00B33,2026-09-15 17:17:55.847,
E6574CCD-9EF6-49C8-A553-14E74654F5DB,C33623,20260915,OT1_5,0,2,70FC22FC-0972-4261-99B3-226B15F00B33,2026-09-16 09:56:56.493,
03037498-43FB-4B80-AD3A-9244F5A8B7C0,C33624,20260914,OT1_5,0,2,70FC22FC-0972-4261-99B3-226B15F00B33,2026-09-15 17:18:02.477,
C0653587-7F9C-4EEB-98DD-5E205484AD59,C33624,20260915,OT1_5,0,2,70FC22FC-0972-4261-99B3-226B15F00B33,2026-09-16 09:56:54.450,
EFE4CEFF-C26E-40FD-8DFE-F90911002E74,C33625,20260915,OT1_5,0,2,70FC22FC-0972-4261-99B3-226B15F00B33,2026-09-16 09:56:56.557,
B0767256-6C37-433D-8E29-3A100B1A8215,C33626,20260914,OT1_5,0,2,70FC22FC-0972-4261-99B3-226B15F00B33,2026-09-15 17:17:55.327,
734C70FB-53AD-46AF-9D01-B3D2F7D68997,C33627,20260914,OT1_5,0,2,70FC22FC-0972-4261-99B3-226B15F00B33,2026-09-15 17:17:54.127,
9C12D6A6-25DD-4A05-922B-FD0EDEA043F8,C33629,20260914,OT1_5,0,2,70FC22FC-0972-4261-99B3-226B15F00B33,2026-09-15 17:17:55.410,
1DEA620F-583C-436B-B865-6D30676A8CDD,C33629,20260915,OT1_5,0,2,70FC22FC-0972-4261-99B3-226B15F00B33,2026-09-16 09:56:53.637,
F816DF10-1937-409F-93EC-3B9559E0CA2F,C33634,20260914,OT1_5,0,2,70FC22FC-0972-4261-99B3-226B15F00B33,2026-09-15 17:20:57.203,
4ACED5D8-8D24-437C-B7D7-9B4252ABEAC0,C33634,20260915,OT1_5,0,2,70FC22FC-0972-4261-99B3-226B15F00B33,2026-09-16 09:59:38.407,
F5F4CD2F-7F8C-4976-A2AA-A3BB916DEA4D,C33635,20260914,OT1_5,0,4,70FC22FC-0972-4261-99B3-226B15F00B33,2026-09-15 17:20:39.510,
B0742D7F-BA57-4978-A233-8D91E39018A1,C33635,20260915,OT1_5,0,2,70FC22FC-0972-4261-99B3-226B15F00B33,2026-09-16 09:59:39.820,
58ED002B-CD3E-475D-AB79-4A81BA0B8B97,C33636,20260914,OT1_5,0,2,70FC22FC-0972-4261-99B3-226B15F00B33,2026-09-15 17:23:06.533,
7CFE584A-C77D-4E96-84B1-F50597BE4377,C33636,20260915,OT1_5,0,2,70FC22FC-0972-4261-99B3-226B15F00B33,2026-09-16 10:01:48.250,
D72458E5-ECA6-4B9D-A5C8-0188E9F3C040,C33640,20260914,OT1_5,0,2,70FC22FC-0972-4261-99B3-226B15F00B33,2026-09-15 17:20:54.757,
202B0B24-1540-49E8-AB2A-84C78179A30E,C33640,20260915,OT1_5,0,2,70FC22FC-0972-4261-99B3-226B15F00B33,2026-09-16 09:59:31.897,
FEE63758-CA27-4A95-A53F-8D406474DC0B,C33647,20260914,OT1_5,0,2,70FC22FC-0972-4261-99B3-226B15F00B33,2026-09-15 17:20:54.743,
D293DD9D-F728-4AF0-8D22-38FB2B81D7C2,C33647,20260915,OT1_5,0,2,70FC22FC-0972-4261-99B3-226B15F00B33,2026-09-16 09:59:34.973,
16747DEE-BF02-4869-B0BD-B85D1B0EA085,C33650,20260914,OT1_5,0,2,70FC22FC-0972-4261-99B3-226B15F00B33,2026-09-15 17:20:51.193,
15243AB8-5AE8-4CFA-AC0E-A789CF82C9EE,C33650,20260915,OT1_5,0,2,70FC22FC-0972-4261-99B3-226B15F00B33,2026-09-16 09:59:32.840,
581F00D2-A772-494C-AD4F-7DE1F4C7E0F1,C33651,20260914,OT1_5,0,2,70FC22FC-0972-4261-99B3-226B15F00B33,2026-09-15 17:20:43.990,
8194679E-28A3-4FF3-A9E6-B108009CC7D8,C33651,20260915,OT1_5,0,2,70FC22FC-0972-4261-99B3-226B15F00B33,2026-09-16 09:59:34.943,
3E742DAE-B0A1-47E2-A1A7-711034B0F6C1,C33652,20260914,OT1_5,0,2,70FC22FC-0972-4261-99B3-226B15F00B33,2026-09-15 17:21:01.857,
77155317-8C17-4F5F-9E69-8E536EADC40B,C33652,20260915,OT1_5,0,2,70FC22FC-0972-4261-99B3-226B15F00B33,2026-09-16 09:59:35.347,
F42B4BB5-CE0A-4444-8356-259057D8C603,C33653,20260915,OT1_5,0,2,70FC22FC-0972-4261-99B3-226B15F00B33,2026-09-16 09:59:29.707,
F4833903-5626-4F99-9979-58D91AC59518,C33656,20260915,OT1_5,0,2,70FC22FC-0972-4261-99B3-226B15F00B33,2026-09-16 09:59:36.953,
572FE4E2-2ABD-4FA9-9796-C10367A4259F,C33657,20260914,OT1_5,0,2,70FC22FC-0972-4261-99B3-226B15F00B33,2026-09-15 17:18:04.953,
985C0296-8000-4838-B2CC-A99380ED7CA0,C33657,20260915,OT1_5,0,2,70FC22FC-0972-4261-99B3-226B15F00B33,2026-09-16 09:56:55.880,
6BDC68CF-F763-4324-BDC0-EAF3681D2DDF,C33658,20260914,OT1_5,0,2,70FC22FC-0972-4261-99B3-226B15F00B33,2026-09-15 17:18:03.703,
F8C87C90-3CCC-40FC-83D0-9A19AB5684B5,C33658,20260915,OT1_5,0,2,70FC22FC-0972-4261-99B3-226B15F00B33,2026-09-16 09:56:55.180,
7C062F59-FF9D-4015-9BE7-BC2BA351F4B0,C33660,20260914,OT1_5,0,2,70FC22FC-0972-4261-99B3-226B15F00B33,2026-09-15 17:23:18.763,
DF4E3D06-5EE4-4F40-8045-71E31B1C5195,C33662,20260914,OT1_5,0,2.5,70FC22FC-0972-4261-99B3-226B15F00B33,2026-09-15 17:18:12.167,
CCD38EA0-8B3E-479B-8639-DC9E090DC4D1,C33662,20260915,OT1_5,0,2.5,70FC22FC-0972-4261-99B3-226B15F00B33,2026-09-16 09:56:59.087,
B30FFE99-A9F8-4108-BF28-3DE37A892570,C33663,20260914,OT1_5,0,2,70FC22FC-0972-4261-99B3-226B15F00B33,2026-09-15 17:17:58.520,
9CD242DD-F224-48C9-9406-283A0ADBF683,C33663,20260915,OT1_5,0,2,70FC22FC-0972-4261-99B3-226B15F00B33,2026-09-16 09:56:54.273,
D1A9509B-F861-4BE5-ABA7-DD8256253015,C33665,20260914,OT1_5,0,2,70FC22FC-0972-4261-99B3-226B15F00B33,2026-09-15 17:18:11.073,
577D46A7-FF22-4C91-864B-755985D4A24A,C33665,20260915,OT1_5,0,2,70FC22FC-0972-4261-99B3-226B15F00B33,2026-09-16 09:56:58.270,
19381D4F-2F2A-45E5-AAA9-854796354D78,C33672,20260914,OT1_5,0,2,70FC22FC-0972-4261-99B3-226B15F00B33,2026-09-15 17:17:58.500,
79E8E1AF-B5CB-4F9D-A795-E50D03D77687,C33672,20260915,OT1_5,0,2,70FC22FC-0972-4261-99B3-226B15F00B33,2026-09-16 09:56:54.673,
88EDBF6C-8B76-45D1-B857-52D109046C37,C33675,20260914,OT1_5,0,2,70FC22FC-0972-4261-99B3-226B15F00B33,2026-09-15 17:23:14.620,
48D8E264-AA04-4FC8-A059-45917BC3B613,C33675,20260915,OT1_5,0,2,70FC22FC-0972-4261-99B3-226B15F00B33,2026-09-16 10:01:55.957,
AB75F4A1-D609-4CEE-BCF7-6CD053EAB8E0,C33677,20260914,OT1_5,0,2,70FC22FC-0972-4261-99B3-226B15F00B33,2026-09-15 17:23:04.530,
AC70E227-53DE-4296-9367-7C91B87587CD,C33677,20260915,OT1_5,0,2,70FC22FC-0972-4261-99B3-226B15F00B33,2026-09-16 10:01:43.473,
F912A88F-FC2C-4C8A-8013-2B67984033A9,C33678,20260914,OT1_5,0,2,70FC22FC-0972-4261-99B3-226B15F00B33,2026-09-15 17:21:05.677,
D468290E-E025-4F4F-9FE6-053D79482CB8,C33678,20260915,OT1_5,0,2,70FC22FC-0972-4261-99B3-226B15F00B33,2026-09-16 09:59:40.487,
4DE8AEA8-40D7-4D2D-8EB6-DA0E4402E660,C33679,20260914,OT1_5,0,2,70FC22FC-0972-4261-99B3-226B15F00B33,2026-09-15 17:20:48.080,
EC7E781A-9DE8-4B8A-80EE-77E1C10699F5,C33679,20260915,OT1_5,0,2,70FC22FC-0972-4261-99B3-226B15F00B33,2026-09-16 09:59:32.987,
91919CC3-2236-43DE-9853-375D77D1D361,C33680,20260914,OT1_5,0,2,70FC22FC-0972-4261-99B3-226B15F00B33,2026-09-15 17:20:56.427,
263AAD22-961F-4EA9-88B1-5A546BACDC49,C33680,20260915,OT1_5,0,2,70FC22FC-0972-4261-99B3-226B15F00B33,2026-09-16 09:59:37.820,
879A79F3-B8E2-49A3-AB5E-33BEDC1D3457,C33683,20260914,OT1_5,0,2,70FC22FC-0972-4261-99B3-226B15F00B33,2026-09-15 17:23:04.903,
C0773219-CABE-4CAD-933C-B51A47D56825,C33683,20260915,OT1_5,0,2,70FC22FC-0972-4261-99B3-226B15F00B33,2026-09-16 10:01:43.930,
CB90FA6D-2572-4281-BA62-B01A7E5C8A06,C33684,20260914,OT1_5,0,2,70FC22FC-0972-4261-99B3-226B15F00B33,2026-09-15 17:23:18.087,
B5F9F4A3-1A92-42E8-BF8E-64A6D872E9EA,C33684,20260915,OT1_5,0,2,70FC22FC-0972-4261-99B3-226B15F00B33,2026-09-16 10:01:56.730,
C511400D-57D6-47F3-84B9-310DFCC8211C,C33687,20260914,OT1_5,0,2,70FC22FC-0972-4261-99B3-226B15F00B33,2026-09-15 17:23:15.260,
51131A3E-14CA-4C6B-9F7E-895729F7D31B,C33687,20260915,OT1_5,0,2,70FC22FC-0972-4261-99B3-226B15F00B33,2026-09-16 10:01:55.450,
84642B3C-3897-41A3-AEF2-559F4DFD211A,C33688,20260914,OT1_5,0,2,70FC22FC-0972-4261-99B3-226B15F00B33,2026-09-15 17:23:16.737,
1662D387-9546-4656-867B-6FCDFABA6D84,C33688,20260915,OT1_5,0,2,70FC22FC-0972-4261-99B3-226B15F00B33,2026-09-16 10:01:55.927,
AC0AFC94-FB17-4331-B21C-7DB8FCF3D7DA,C33689,20260914,OT1_5,0,2,70FC22FC-0972-4261-99B3-226B15F00B33,2026-09-15 17:23:12.300,
DEA41B49-C4EB-4033-8662-29252C7FE603,C33689,20260915,OT1_5,0,2,70FC22FC-0972-4261-99B3-226B15F00B33,2026-09-16 10:01:53.363,
FAE1E1ED-616B-4BE0-83CD-43F96EBB65A3,C33690,20260914,OT1_5,0,2,70FC22FC-0972-4261-99B3-226B15F00B33,2026-09-15 17:23:13.193,
7E54C167-4F1D-43B7-9588-7054549BD3E4,C33690,20260915,OT1_5,0,2,70FC22FC-0972-4261-99B3-226B15F00B33,2026-09-16 10:01:55.340,
D3421E87-CE37-4051-92A6-DF285EDF4F87,C33696,20260914,OT1_5,0,2,70FC22FC-0972-4261-99B3-226B15F00B33,2026-09-15 17:21:02.627,
57D61DE9-D62D-4968-96F4-1A907EC92CCB,C33696,20260915,OT1_5,0,2,70FC22FC-0972-4261-99B3-226B15F00B33,2026-09-16 09:59:37.837,
CE6AFFB5-0A7A-4408-9125-9DBE2B703EA9,C33698,20260914,OT1_5,0,2,70FC22FC-0972-4261-99B3-226B15F00B33,2026-09-15 17:23:04.547,
720BE6BE-46C5-4137-806C-57AB68A7B697,C33701,20260914,OT1_5,0,2,70FC22FC-0972-4261-99B3-226B15F00B33,2026-09-15 17:17:57.277,
E33CB80B-BF7B-4BC4-AD34-ED7CC0A90C0D,C33702,20260914,OT1_5,0,2,70FC22FC-0972-4261-99B3-226B15F00B33,2026-09-15 17:18:02.737,
012AF8AF-AD1F-44CE-9976-EC413A3D28A9,C33702,20260915,OT1_5,0,2,70FC22FC-0972-4261-99B3-226B15F00B33,2026-09-16 09:56:55.100,
B3DC4F3C-7A43-4089-A6B4-A38D2DDCBBD2,C33703,20260914,OT1_5,0,2,70FC22FC-0972-4261-99B3-226B15F00B33,2026-09-15 17:23:02.670,
CC1AC8F4-09F1-401A-B844-48D3EF3DEAA4,C33703,20260915,OT1_5,0,2,70FC22FC-0972-4261-99B3-226B15F00B33,2026-09-16 10:01:43.000,
DBA5870D-3F79-4ADC-B294-0083A0BE2892,C33704,20260914,OT1_5,0,2,70FC22FC-0972-4261-99B3-226B15F00B33,2026-09-15 17:18:02.223,
D00ABCD6-F59B-496E-9C8A-55602FCC9950,C33705,20260914,OT1_5,0,2,70FC22FC-0972-4261-99B3-226B15F00B33,2026-09-15 17:18:02.180,
A9320AF8-B489-4D01-8BF9-C777DE718ACC,C33705,20260915,OT1_5,0,2,70FC22FC-0972-4261-99B3-226B15F00B33,2026-09-16 09:56:53.380,
67202581-516C-472D-AC11-8B1F10DAC0AF,C33708,20260914,OT1_5,0,2,70FC22FC-0972-4261-99B3-226B15F00B33,2026-09-15 17:18:04.097,
F7C54027-2014-4598-9208-C8C5C1B0D7DC,C33711,20260914,OT1_5,0,2,70FC22FC-0972-4261-99B3-226B15F00B33,2026-09-15 17:18:04.437,
4C179FDB-5F95-4085-937D-673E0CF4270E,C33711,20260915,OT1_5,0,2,70FC22FC-0972-4261-99B3-226B15F00B33,2026-09-16 09:56:55.110,
F51780A5-650D-4DB5-B7B4-D0DD74723B3D,C33715,20260914,OT1_5,0,2,70FC22FC-0972-4261-99B3-226B15F00B33,2026-09-15 17:23:04.877,
980871CB-C777-42E6-9857-7189386D7027,C33715,20260915,OT1_5,0,2,70FC22FC-0972-4261-99B3-226B15F00B33,2026-09-16 10:01:49.387,
80DDF5CC-CE16-4229-B6B9-BE591E109AE1,C33716,20260914,OT1_5,0,2,70FC22FC-0972-4261-99B3-226B15F00B33,2026-09-15 17:23:11.193,
3FF32B9D-BE5F-40B3-9C81-3B56AC60B1DE,C33716,20260915,OT1_5,0,2,70FC22FC-0972-4261-99B3-226B15F00B33,2026-09-16 10:01:51.493,
9EA5EDF8-CDFA-4E2B-AE9F-628089B9070B,C33722,20260914,OT1_5,0,2,70FC22FC-0972-4261-99B3-226B15F00B33,2026-09-15 17:23:04.850,
8A638A31-F57A-4CBE-9D8E-F6C4C8A3FE32,C33722,20260915,OT1_5,0,2,70FC22FC-0972-4261-99B3-226B15F00B33,2026-09-16 10:01:48.373,
507EF20B-5484-4DED-A936-4A7B5F94A7ED,C33724,20260914,OT1_5,0,2,70FC22FC-0972-4261-99B3-226B15F00B33,2026-09-15 17:23:04.840,
6B464CEE-E53D-41CC-9DA8-F2E4BD1053B1,C33727,20260914,OT1_5,0,2,70FC22FC-0972-4261-99B3-226B15F00B33,2026-09-15 17:21:00.507,
2EC3F7F9-65C6-4E61-BDF0-BA9F5FD86BA9,C33731,20260914,OT1_5,0,2,70FC22FC-0972-4261-99B3-226B15F00B33,2026-09-15 17:23:07.627,
FB2B5CAC-B0A6-4F17-9DA7-C31A90B2AA85,C33731,20260915,OT1_5,0,2,70FC22FC-0972-4261-99B3-226B15F00B33,2026-09-16 10:01:49.343,
07C2B6B6-FF32-4A09-A975-9814D7C5DE6E,C33737,20260914,OT1_5,0,2,70FC22FC-0972-4261-99B3-226B15F00B33,2026-09-15 17:23:02.117,
136F72A2-793D-4868-92A5-6A743E8B20C8,C33738,20260914,OT1_5,0,2,70FC22FC-0972-4261-99B3-226B15F00B33,2026-09-15 17:23:08.880,
28574B5A-8ED7-4CDF-8BA2-05F1509EA135,C33738,20260915,OT1_5,0,2,70FC22FC-0972-4261-99B3-226B15F00B33,2026-09-16 10:01:43.590,
99073848-F5CF-4EDC-85C7-8126CD9AFDDC,C33739,20260914,OT1_5,0,2,70FC22FC-0972-4261-99B3-226B15F00B33,2026-09-15 17:23:02.073,
C4D2F4ED-708B-403B-A122-09910E63F6A5,C33739,20260915,OT1_5,0,2,70FC22FC-0972-4261-99B3-226B15F00B33,2026-09-16 10:01:43.370,
D5764B8C-8D70-4CAD-BAEF-49E3F1EBBBA2,C33740,20260914,OT1_5,0,2,70FC22FC-0972-4261-99B3-226B15F00B33,2026-09-15 17:23:02.740,
6F2342F5-F375-48B5-953B-840E86FEF6E9,C33740,20260915,OT1_5,0,2,70FC22FC-0972-4261-99B3-226B15F00B33,2026-09-16 10:01:43.993,
9E79FF55-BAC4-43CA-A9F0-C4EEF2F2F658,C33741,20260914,OT1_5,0,2,70FC22FC-0972-4261-99B3-226B15F00B33,2026-09-15 17:20:52.677,
1FCD3070-68C4-49DF-823E-00E5DB58AD66,C33742,20260914,OT1_5,0,2,70FC22FC-0972-4261-99B3-226B15F00B33,2026-09-15 17:23:04.767,
8FE1D9F4-5315-4140-A87A-7598B15B80AE,C33742,20260915,OT1_5,0,2,70FC22FC-0972-4261-99B3-226B15F00B33,2026-09-16 10:01:49.973,
7CEF5E24-13EA-4EF7-BB12-EBE61BC82E07,C33743,20260915,OT1_5,0,2,70FC22FC-0972-4261-99B3-226B15F00B33,2026-09-16 10:01:50.767,
0D25BF2C-9682-445C-AFB2-ECBFFA7B5A5E,C33744,20260914,OT1_5,0,2,70FC22FC-0972-4261-99B3-226B15F00B33,2026-09-15 17:23:07.987,
449CF2B5-540F-4C7C-AB3A-ED35E4D4BF06,C33746,20260914,OT1_5,0,2,70FC22FC-0972-4261-99B3-226B15F00B33,2026-09-15 17:23:04.757,
A5EE8BBF-FE1C-49BE-87E2-6DB65FFB335D,C33746,20260915,OT1_5,0,2,70FC22FC-0972-4261-99B3-226B15F00B33,2026-09-16 10:01:46.643,
203414C6-A12C-46B0-8ADC-17BD60DD563B,C33747,20260914,OT1_5,0,2,70FC22FC-0972-4261-99B3-226B15F00B33,2026-09-15 17:23:17.447,
68C5EE66-E587-42D7-9900-4B9D1056F987,C33747,20260915,OT1_5,0,2,70FC22FC-0972-4261-99B3-226B15F00B33,2026-09-16 10:01:56.320,
840D9DCF-6F65-486B-A320-D344DFB405D2,C33748,20260914,OT1_5,0,2,70FC22FC-0972-4261-99B3-226B15F00B33,2026-09-15 17:23:18.277,
4731B370-22B1-4DC7-8419-C81962A9C5DA,C33748,20260915,OT1_5,0,2,70FC22FC-0972-4261-99B3-226B15F00B33,2026-09-16 10:01:56.753,
7012F5C1-7982-48FE-92AB-39E0852F9A68,C33749,20260914,OT1_5,0,2,70FC22FC-0972-4261-99B3-226B15F00B33,2026-09-15 17:23:07.660,
02EE007F-2BB3-4D8F-A6AE-DB33E391D287,C33749,20260915,OT1_5,0,2,70FC22FC-0972-4261-99B3-226B15F00B33,2026-09-16 10:01:51.937,
52B2161B-9A45-4516-81F7-B850CBF3CFC7,C33750,20260914,OT1_5,0,2,70FC22FC-0972-4261-99B3-226B15F00B33,2026-09-15 17:23:04.720,
A43085A8-327B-4998-8EE2-6695A7363529,C33752,20260914,OT1_5,0,2,70FC22FC-0972-4261-99B3-226B15F00B33,2026-09-15 17:23:04.700,
A8CA6273-FE74-4317-A8FF-A7CA571252D8,C33752,20260915,OT1_5,0,2,70FC22FC-0972-4261-99B3-226B15F00B33,2026-09-16 10:01:50.743,
1B9EC270-268B-497E-89AC-6F577FC342D3,C33756,20260915,OT1_5,0,3,70FC22FC-0972-4261-99B3-226B15F00B33,2026-09-16 10:01:42.577,
5F2D87A6-53F4-4456-890E-D8D858178AB2,C33757,20260914,OT1_5,0,2,70FC22FC-0972-4261-99B3-226B15F00B33,2026-09-15 17:23:18.783,
4BE09DC4-03A3-466D-83F5-0686989DEBBA,C33757,20260915,OT1_5,0,2,70FC22FC-0972-4261-99B3-226B15F00B33,2026-09-16 10:01:56.720,
05CAB211-50B1-4E99-AD33-B562BEEBC315,C33758,20260914,OT1_5,0,2,70FC22FC-0972-4261-99B3-226B15F00B33,2026-09-15 17:23:12.350,
949DC832-D6F9-4895-A1AC-63B536C614BC,C33758,20260915,OT1_5,0,2,70FC22FC-0972-4261-99B3-226B15F00B33,2026-09-16 10:01:52.370,
7D653803-717B-4C83-8BE5-2F953E528ADD,C33762,20260914,OT1_5,0,2,70FC22FC-0972-4261-99B3-226B15F00B33,2026-09-15 17:23:08.450,
A198584D-FAB0-4126-A7DA-4F88A191445F,C33766,20260914,OT1_5,0,2,70FC22FC-0972-4261-99B3-226B15F00B33,2026-09-15 17:23:09.973,
FCD30EAA-71FB-4930-86DE-B85F4EE52B52,C33778,20260914,OT1_5,0,2,70FC22FC-0972-4261-99B3-226B15F00B33,2026-09-15 17:18:00.940,
EE8FC753-9876-4DFE-ACE4-C066BBE4724C,C33780,20260914,OT1_5,0,2,70FC22FC-0972-4261-99B3-226B15F00B33,2026-09-15 17:17:58.773,
7A4B113D-3001-46C7-A46C-E2A6D34C3C12,C33786,20260914,OT1_5,0,1,70FC22FC-0972-4261-99B3-226B15F00B33,2026-09-15 17:17:54.077,
61671481-FB48-45DB-B549-D1BF1DC4DA20,C33787,20260914,OT1_5,0,2,70FC22FC-0972-4261-99B3-226B15F00B33,2026-09-15 17:18:09.190,
22889CB7-D17D-436A-8705-E0AC7C1C6E53,C33789,20260914,OT1_5,0,2,70FC22FC-0972-4261-99B3-226B15F00B33,2026-09-15 17:20:49.507,
C4472CD0-8BD5-4942-9425-E15471291687,C33789,20260915,OT1_5,0,2,70FC22FC-0972-4261-99B3-226B15F00B33,2026-09-16 09:59:36.923,
14FE9AF7-8FD1-4A05-9958-7BB88CA665A9,C33790,20260914,OT1_5,0,2,70FC22FC-0972-4261-99B3-226B15F00B33,2026-09-15 17:20:47.843,
432E3554-D68B-4C6E-83A4-AA532C1AB45A,C33790,20260915,OT1_5,0,2,70FC22FC-0972-4261-99B3-226B15F00B33,2026-09-16 09:59:37.887,
B222C122-2B2A-439A-85EB-6FE485336E09,C33791,20260914,OT1_5,0,2,70FC22FC-0972-4261-99B3-226B15F00B33,2026-09-15 17:20:47.187,
06D7724E-32F3-40A3-B932-C064EDB44ECA,C33791,20260915,OT1_5,0,2,70FC22FC-0972-4261-99B3-226B15F00B33,2026-09-16 09:59:35.377,
C63EBE75-ECBF-4370-B901-3B4E1ACAE4E0,C33796,20260915,OT1_5,0,2,70FC22FC-0972-4261-99B3-226B15F00B33,2026-09-16 10:01:43.167,
1AAB4EEF-DC64-4598-BEBD-F83285937147,C33797,20260914,OT1_5,0,2,70FC22FC-0972-4261-99B3-226B15F00B33,2026-09-15 17:20:56.440,
12066AA2-07E1-481C-8214-C1FE329D0DD6,C33797,20260915,OT1_5,0,2,70FC22FC-0972-4261-99B3-226B15F00B33,2026-09-16 09:59:33.493,
4D2AC23C-52AA-4065-9A0A-FEA257301EC3,C33803,20260914,OT1_5,0,2,70FC22FC-0972-4261-99B3-226B15F00B33,2026-09-15 17:23:08.390,
BB22FEF4-CD33-4D84-8CE4-75EAAE7549FA,C33804,20260914,OT1_5,0,2,70FC22FC-0972-4261-99B3-226B15F00B33,2026-09-15 17:23:08.327,
7DCE8EAB-6659-4055-A067-BB346D58D9C0,C33804,20260915,OT1_5,0,2,70FC22FC-0972-4261-99B3-226B15F00B33,2026-09-16 10:01:49.930,
CF4863DB-52AF-4433-8BA9-033C6359377D,C33807,20260914,OT1_5,0,2,70FC22FC-0972-4261-99B3-226B15F00B33,2026-09-15 17:23:14.570,
F198399C-24D9-4668-B43C-90552CBF1F0C,C33813,20260914,OT1_5,0,2,70FC22FC-0972-4261-99B3-226B15F00B33,2026-09-15 17:20:57.897,
66BF72EA-46AA-40FD-BBFF-4E2BE1A0806D,C33819,20260914,OT1_5,0,2,70FC22FC-0972-4261-99B3-226B15F00B33,2026-09-15 17:23:12.673,
8CAA9C63-3094-487C-8B3E-0362D6D64117,C33819,20260915,OT1_5,0,2,70FC22FC-0972-4261-99B3-226B15F00B33,2026-09-16 10:01:51.983,
A23FC364-7DDB-4255-9E70-5AD8AD31F604,C33827,20260914,OT1_5,0,2,70FC22FC-0972-4261-99B3-226B15F00B33,2026-09-15 17:23:04.100,
E5A59130-F459-40E4-BB36-649F0B05E0FD,C33827,20260915,OT1_5,0,2,70FC22FC-0972-4261-99B3-226B15F00B33,2026-09-16 10:01:50.170,
193E3EEC-CCBA-438E-B9E5-8E768160990B,C33828,20260914,OT1_5,0,2,70FC22FC-0972-4261-99B3-226B15F00B33,2026-09-15 17:23:08.243,
13D569FC-9D9E-44D6-90F4-D341AC7E68B9,C33828,20260915,OT1_5,0,2,70FC22FC-0972-4261-99B3-226B15F00B33,2026-09-16 10:01:49.890,
C785C206-89CA-4B9F-9223-3CC0D240512E,C33829,20260914,OT1_5,0,2,70FC22FC-0972-4261-99B3-226B15F00B33,2026-09-15 17:23:18.507,
EF537333-A5C0-4F25-B4EE-1BE0172F8779,C33829,20260915,OT1_5,0,2,70FC22FC-0972-4261-99B3-226B15F00B33,2026-09-16 10:01:56.690,
C5402E16-9776-4391-8A2F-8D50B4D00EF5,C33834,20260914,OT1_5,0,2,70FC22FC-0972-4261-99B3-226B15F00B33,2026-09-15 17:23:16.677,
60DE07CA-684F-4249-AEBD-C689EBB648F5,C33834,20260915,OT1_5,0,2,70FC22FC-0972-4261-99B3-226B15F00B33,2026-09-16 10:01:55.670,
D6E28266-8019-4A6E-B350-8445971E9AA6,C33835,20260914,OT1_5,0,2,70FC22FC-0972-4261-99B3-226B15F00B33,2026-09-15 17:23:05.787,
567669CB-AF14-4A03-BCE9-BCF6D6ADE412,C33835,20260915,OT1_5,0,2,70FC22FC-0972-4261-99B3-226B15F00B33,2026-09-16 10:01:43.880,
50DEF1D3-4332-492F-9157-151850EA41A4,C33836,20260914,OT1_5,0,2,70FC22FC-0972-4261-99B3-226B15F00B33,2026-09-15 17:23:06.023,
C898ECA8-AB52-4E4B-BDAC-A11E3AF395F7,C33836,20260915,OT1_5,0,2,70FC22FC-0972-4261-99B3-226B15F00B33,2026-09-16 10:01:44.280,
DFCC0DEA-701D-4CA1-AD33-D77E8385D66D,C33838,20260914,OT1_5,0,2,70FC22FC-0972-4261-99B3-226B15F00B33,2026-09-15 17:21:04.680,
B03D1893-BCC4-434D-99F2-7CDAC42CCB4D,C33839,20260914,OT1_5,0,2,70FC22FC-0972-4261-99B3-226B15F00B33,2026-09-15 17:23:09.157,
EFD3C515-6587-4BD9-8282-10E3BE2AEDA8,C33839,20260915,OT1_5,0,2,70FC22FC-0972-4261-99B3-226B15F00B33,2026-09-16 10:01:45.167,
19D5FE1E-079E-4559-833C-045CFADBF3A1,C33840,20260914,OT1_5,0,2,70FC22FC-0972-4261-99B3-226B15F00B33,2026-09-15 17:23:16.403,
45CDCB76-04E5-410D-90D6-439BFCC385B7,C33840,20260915,OT1_5,0,2,70FC22FC-0972-4261-99B3-226B15F00B33,2026-09-16 10:01:55.770,
DB640B87-EEF1-4FAF-8118-D08A5A990E90,C33841,20260914,OT1_5,0,2,70FC22FC-0972-4261-99B3-226B15F00B33,2026-09-15 17:23:13.783,
BE15FD92-E324-48FE-9867-6B1647D71103,C33841,20260915,OT1_5,0,2,70FC22FC-0972-4261-99B3-226B15F00B33,2026-09-16 10:01:54.657,
2ED55CD1-3247-43FF-A54C-9BD4A252670A,C33843,20260915,OT1_5,0,2,70FC22FC-0972-4261-99B3-226B15F00B33,2026-09-16 10:01:51.133,
01D5CCBD-56B3-4342-8E8A-8A28D7557C57,C33853,20260914,OT1_5,0,2,70FC22FC-0972-4261-99B3-226B15F00B33,2026-09-15 17:23:03.970,
8CF91D46-2FB5-42F7-AB13-126706AB1AE1,C33856,20260914,OT1_5,0,2,70FC22FC-0972-4261-99B3-226B15F00B33,2026-09-15 17:23:07.893,
E6E36B3C-8B7B-4B06-AE61-6BC8C31D1AE9,C33861,20260914,OT1_5,0,2,70FC22FC-0972-4261-99B3-226B15F00B33,2026-09-15 17:17:56.110,
D36B740C-551A-4C12-A367-A95AD99EB08D,C33861,20260915,OT1_5,0,2,70FC22FC-0972-4261-99B3-226B15F00B33,2026-09-16 09:56:53.133,
EFD5D3A4-7CE4-4B78-9207-E92E629927E9,C33865,20260914,OT1_5,0,2,70FC22FC-0972-4261-99B3-226B15F00B33,2026-09-15 17:17:59.773,
28812B96-66FE-49C0-B1E7-7E19A1AEF917,C33873,20260914,OT1_5,0,2,70FC22FC-0972-4261-99B3-226B15F00B33,2026-09-15 17:23:17.397,
34B844A3-3997-4041-9795-9BDA7B68BD3A,C33873,20260915,OT1_5,0,2,70FC22FC-0972-4261-99B3-226B15F00B33,2026-09-16 10:01:56.087,
4E2EA63F-56BA-4F8A-BD4B-07D1F1292742,C33874,20260914,OT1_5,0,2,70FC22FC-0972-4261-99B3-226B15F00B33,2026-09-15 17:17:54.443,
F7C69E11-50AA-43E2-A5E1-EA8C1AA4A2EA,C33875,20260914,OT1_5,0,2,70FC22FC-0972-4261-99B3-226B15F00B33,2026-09-15 17:18:03.687,
15B97AB6-D558-4FD0-B0D6-53771C309E15,C33876,20260914,OT1_5,0,2,70FC22FC-0972-4261-99B3-226B15F00B33,2026-09-15 17:18:12.847,
B10CCD5C-E4FA-42FF-BEF6-DEDF2BF27D54,C33876,20260915,OT1_5,0,2,70FC22FC-0972-4261-99B3-226B15F00B33,2026-09-16 09:56:58.187,
F730A860-C171-4661-9515-3DCD9C27700E,C33878,20260914,OT1_5,0,2,70FC22FC-0972-4261-99B3-226B15F00B33,2026-09-15 17:23:05.713,
BAAA4A13-361D-43B9-A6BB-0F75803EB1CA,C33878,20260915,OT1_5,0,2,70FC22FC-0972-4261-99B3-226B15F00B33,2026-09-16 10:01:45.430,
8B8E5C88-7898-4B01-B302-5F7D9FDA7F44,C33879,20260914,OT1_5,0,2,70FC22FC-0972-4261-99B3-226B15F00B33,2026-09-15 17:23:03.217,
898E2C91-F9F0-4735-907E-6F029ECE94CF,C33879,20260915,OT1_5,0,2,70FC22FC-0972-4261-99B3-226B15F00B33,2026-09-16 10:01:43.740,
E50BE7A5-B195-4068-8229-68D5BD474A61,C33882,20260914,OT1_5,0,2,70FC22FC-0972-4261-99B3-226B15F00B33,2026-09-15 17:23:15.690,
CB4427E4-4EFC-4B23-9445-B8EEF48EA327,C33882,20260915,OT1_5,0,2,70FC22FC-0972-4261-99B3-226B15F00B33,2026-09-16 10:01:54.743,
E0908EDD-79CB-4CF4-A53D-5FD83709D229,C33884,20260914,OT1_5,0,2,70FC22FC-0972-4261-99B3-226B15F00B33,2026-09-15 17:23:13.447,
EA994743-DC09-46F4-BF9B-51A6ADDF95E0,C33884,20260915,OT1_5,0,2,70FC22FC-0972-4261-99B3-226B15F00B33,2026-09-16 10:01:54.763,
433E1F55-C0FC-475E-BBCE-5AFC07FD94EE,C33885,20260914,OT1_5,0,2,70FC22FC-0972-4261-99B3-226B15F00B33,2026-09-15 17:23:09.713,
AB9C43A6-E7A5-403B-9692-761C4F28B350,C33885,20260915,OT1_5,0,2,70FC22FC-0972-4261-99B3-226B15F00B33,2026-09-16 10:01:49.817,
0BF74958-8B61-4E59-B533-EB701F0A7AB5,C33886,20260914,OT1_5,0,2,70FC22FC-0972-4261-99B3-226B15F00B33,2026-09-15 17:23:10.067,
95FB388F-D358-4D2A-93AB-ED591290E500,C33886,20260915,OT1_5,0,2,70FC22FC-0972-4261-99B3-226B15F00B33,2026-09-16 10:01:52.270,
EE2F2719-F570-41AB-A0B9-FC0DCA723623,C33887,20260914,OT1_5,0,2,70FC22FC-0972-4261-99B3-226B15F00B33,2026-09-15 17:23:03.320,
2BC0C522-DDEC-458C-B436-9F80AF5C5E9D,C33887,20260915,OT1_5,0,2,70FC22FC-0972-4261-99B3-226B15F00B33,2026-09-16 10:01:45.573,
DF826001-4479-4A58-B691-EEEBA61D68A7,C33888,20260914,OT1_5,0,2,70FC22FC-0972-4261-99B3-226B15F00B33,2026-09-15 17:23:09.760,
CA7B51F5-7553-4548-A945-BBFDBB01B718,C33888,20260915,OT1_5,0,2,70FC22FC-0972-4261-99B3-226B15F00B33,2026-09-16 10:01:50.393,
473D7861-9D8C-43D6-94FA-E2A43E0CC99B,C33891,20260914,OT1_5,0,2,70FC22FC-0972-4261-99B3-226B15F00B33,2026-09-15 17:23:15.310,
F55AF9C6-E145-482B-A930-0CE4437C08E3,C33891,20260915,OT1_5,0,2,70FC22FC-0972-4261-99B3-226B15F00B33,2026-09-16 10:01:54.790,
4A7DA9C8-AA63-4FD0-8861-CC659B408A01,C33902,20260914,OT1_5,0,2,70FC22FC-0972-4261-99B3-226B15F00B33,2026-09-15 17:23:08.757,
B59CA292-7BFE-4E58-97BA-CC069DB745AB,C33902,20260915,OT1_5,0,2,70FC22FC-0972-4261-99B3-226B15F00B33,2026-09-16 10:01:50.383,
A3357218-3B17-45BB-938D-4A8B1CDB5EC3,C33905,20260914,OT1_5,0,2,70FC22FC-0972-4261-99B3-226B15F00B33,2026-09-15 17:23:10.917,
9CB55950-587F-473C-BDE3-B92CD01CCF30,C33905,20260915,OT1_5,0,2,70FC22FC-0972-4261-99B3-226B15F00B33,2026-09-16 10:01:52.723,
B62C8F16-206D-4D46-AB44-8F47035CCD3E,C33907,20260914,OT1_5,0,2,70FC22FC-0972-4261-99B3-226B15F00B33,2026-09-15 17:23:11.100,
BA383B28-212D-44E4-BC12-739424F3C4B6,C33907,20260915,OT1_5,0,2,70FC22FC-0972-4261-99B3-226B15F00B33,2026-09-16 10:01:52.313,
6BDAA2FB-E613-4166-A458-E48D39B82B64,C33909,20260914,OT1_5,0,2,70FC22FC-0972-4261-99B3-226B15F00B33,2026-09-15 17:23:04.513,
248D9E3D-4337-4424-BD96-2E7B9F415F96,C33909,20260915,OT1_5,0,2,70FC22FC-0972-4261-99B3-226B15F00B33,2026-09-16 10:01:43.983,
787A9559-D5A6-4726-8075-466C969AE36D,C33913,20260914,OT1_5,0,2,70FC22FC-0972-4261-99B3-226B15F00B33,2026-09-15 17:23:09.807,
9B4FE2A2-2179-4BF2-8AA0-3E3D563399BF,C33913,20260915,OT1_5,0,2,70FC22FC-0972-4261-99B3-226B15F00B33,2026-09-16 10:01:46.763,
208B35D6-995F-40DE-B9C3-4955E4A0CC60,C33915,20260914,OT1_5,0,2,70FC22FC-0972-4261-99B3-226B15F00B33,2026-09-15 17:23:11.267,
A558EA89-17CE-465D-BC93-C705837FC468,C33915,20260915,OT1_5,0,2,70FC22FC-0972-4261-99B3-226B15F00B33,2026-09-16 10:01:51.550,
8B522962-950E-45B4-AD3E-7A152CB48296,C33916,20260914,OT1_5,0,2,70FC22FC-0972-4261-99B3-226B15F00B33,2026-09-15 17:23:09.610,
104F5D63-8A8E-410C-8FA5-E964A91020C9,C33916,20260915,OT1_5,0,2,70FC22FC-0972-4261-99B3-226B15F00B33,2026-09-16 10:01:49.257,
25F28CE2-2CB4-45A8-9F8D-D986B71A7636,C33917,20260914,OT1_5,0,2,70FC22FC-0972-4261-99B3-226B15F00B33,2026-09-15 17:23:09.230,
1D048366-8251-42A8-BDF2-C864DDF87F5E,C33918,20260914,OT1_5,0,2,70FC22FC-0972-4261-99B3-226B15F00B33,2026-09-15 17:23:11.340,
6B6197E5-B8DC-4412-8EB5-4A480E688DC3,C33918,20260915,OT1_5,0,2,70FC22FC-0972-4261-99B3-226B15F00B33,2026-09-16 10:01:46.793,
04050746-BE6D-4A5F-B3F5-1DA74D16492D,C33919,20260914,OT1_5,0,2,70FC22FC-0972-4261-99B3-226B15F00B33,2026-09-15 17:23:14.243,
1C528FB1-346F-467E-826A-5CC4021F2112,C33919,20260915,OT1_5,0,2,70FC22FC-0972-4261-99B3-226B15F00B33,2026-09-16 10:01:51.537,
FFA2C7C4-67E4-4633-9433-ECC8627B8444,C33920,20260914,OT1_5,0,2,70FC22FC-0972-4261-99B3-226B15F00B33,2026-09-15 17:20:46.447,
C2C5C3A8-50F3-4194-A8E8-E484EF08F6B3,C33920,20260915,OT1_5,0,2,70FC22FC-0972-4261-99B3-226B15F00B33,2026-09-16 09:59:33.080,
5D79C4BC-9841-4290-8C2F-D07120FE54DF,C33926,20260914,OT1_5,0,2,70FC22FC-0972-4261-99B3-226B15F00B33,2026-09-15 17:21:01.670,
1EBFE97A-BF64-4093-8E68-A42AFB3693F2,C33927,20260914,OT1_5,0,2,70FC22FC-0972-4261-99B3-226B15F00B33,2026-09-15 17:20:46.533,
4518243A-0487-48B7-8F09-C4A0D1741C6A,C33927,20260915,OT1_5,0,2,70FC22FC-0972-4261-99B3-226B15F00B33,2026-09-16 09:59:33.040,
8E20EB9E-F5D2-4101-BCF4-9DB2C759F9A9,C33929,20260914,OT1_5,0,2,70FC22FC-0972-4261-99B3-226B15F00B33,2026-09-15 17:20:47.823,
03AA1FD4-93A8-4498-81EE-B82958B76D77,C33931,20260914,OT1_5,0,2,70FC22FC-0972-4261-99B3-226B15F00B33,2026-09-15 17:20:47.807,
77C27184-E007-4653-9DAF-9219209F5D55,C33931,20260915,OT1_5,0,2,70FC22FC-0972-4261-99B3-226B15F00B33,2026-09-16 09:59:32.130,
F636461F-DBAD-4F49-904E-49CA23215721,C33934,20260914,OT1_5,0,2,70FC22FC-0972-4261-99B3-226B15F00B33,2026-09-15 17:23:06.417,
4620AC6D-BA56-438E-AB41-CD8CCFD66A47,C33935,20260914,OT1_5,0,2,70FC22FC-0972-4261-99B3-226B15F00B33,2026-09-15 17:23:08.817,
24E84D9A-B515-4623-A511-5269663BCFEF,C33935,20260915,OT1_5,0,2,70FC22FC-0972-4261-99B3-226B15F00B33,2026-09-16 10:01:45.370,
B1CE601A-CEB8-4063-AFA2-528DEE9E1E8A,C33938,20260914,OT1_5,0,2,70FC22FC-0972-4261-99B3-226B15F00B33,2026-09-15 17:23:15.103,
2DEA52FA-9F47-4563-AF46-43A3EA6C12BE,C33938,20260915,OT1_5,0,2,70FC22FC-0972-4261-99B3-226B15F00B33,2026-09-16 10:01:55.383,
2A6F7E17-5714-478D-B2AF-B7724A07F8A7,C33948,20260914,OT1_5,0,2,70FC22FC-0972-4261-99B3-226B15F00B33,2026-09-15 17:23:07.247,
FECD866C-425E-4FC6-98CF-F4C4125882D4,C33950,20260914,OT1_5,0,2,70FC22FC-0972-4261-99B3-226B15F00B33,2026-09-15 17:20:43.397,
75414936-EBC1-4213-8CF8-091ECF5E5691,C33950,20260915,OT1_5,0,2,70FC22FC-0972-4261-99B3-226B15F00B33,2026-09-16 09:59:38.557,
D1449084-A437-4D28-B25E-170D4E2B4353,C33954,20260914,OT1_5,0,2,70FC22FC-0972-4261-99B3-226B15F00B33,2026-09-15 17:21:01.690,
A5B963F6-2ACB-4118-B7E2-DB1D8C2ACFA8,C33954,20260915,OT1_5,0,2,70FC22FC-0972-4261-99B3-226B15F00B33,2026-09-16 09:59:39.793,
C83F36BF-3CB6-4E89-9046-20935C0E52BE,C33958,20260914,OT1_5,0,2,70FC22FC-0972-4261-99B3-226B15F00B33,2026-09-15 17:20:49.957,
A0A3AD6D-FDC8-4A70-9BFF-31AAFD8204B9,C33958,20260915,OT1_5,0,2,70FC22FC-0972-4261-99B3-226B15F00B33,2026-09-16 09:59:33.953,
6552ACCA-1002-46A8-9014-7FEF2EE66125,C33966,20260914,OT1_5,0,2,70FC22FC-0972-4261-99B3-226B15F00B33,2026-09-15 17:23:15.090,
125755B8-37E3-4A3E-B7E6-3DF4D2370CF2,C33966,20260915,OT1_5,0,2,70FC22FC-0972-4261-99B3-226B15F00B33,2026-09-16 10:01:55.423,
B929E7C9-0B9C-4F18-AAB3-AA6C442DA939,C33969,20260914,OT1_5,0,2,70FC22FC-0972-4261-99B3-226B15F00B33,2026-09-15 17:23:13.623,
977B1B3D-BD64-44E9-838B-EDC567A52549,C33969,20260915,OT1_5,0,2,70FC22FC-0972-4261-99B3-226B15F00B33,2026-09-16 10:01:53.330,
FF9929E8-D2DB-4124-AB84-FE2BF6C36652,C33970,20260914,OT1_5,0,2,70FC22FC-0972-4261-99B3-226B15F00B33,2026-09-15 17:23:01.177,
E44E0F33-6290-445F-B098-9C9F195B5A2E,C33971,20260914,OT1_5,0,2,70FC22FC-0972-4261-99B3-226B15F00B33,2026-09-15 17:21:03.117,
6A4BF6F7-E49E-46CF-86CF-84FD6D85FB3D,C33971,20260915,OT1_5,0,2,70FC22FC-0972-4261-99B3-226B15F00B33,2026-09-16 09:59:40.760,
637A3265-EFF7-438B-9F19-4A2025FB3B02,C33975,20260914,OT1_5,0,2,70FC22FC-0972-4261-99B3-226B15F00B33,2026-09-15 17:20:59.587,
43E07236-E4ED-4881-BED5-FC8A7A109E8B,C33975,20260915,OT1_5,0,2,70FC22FC-0972-4261-99B3-226B15F00B33,2026-09-16 09:59:38.887,
BDF8681B-F3F7-4752-AFD7-2C9ED4D7DEE1,C33976,20260914,OT1_5,0,2,70FC22FC-0972-4261-99B3-226B15F00B33,2026-09-15 17:20:53.630,
C5774AD0-7CC5-44F3-A969-CF66759238DB,C33976,20260915,OT1_5,0,2,70FC22FC-0972-4261-99B3-226B15F00B33,2026-09-16 09:59:37.790,
00F44C37-85D9-41E7-8A6E-CE1CBA56FCE8,C33978,20260914,OT1_5,0,2,70FC22FC-0972-4261-99B3-226B15F00B33,2026-09-15 17:21:01.227,
5313C0F6-3FB9-4B35-B956-4726E985FA14,C33978,20260915,OT1_5,0,2,70FC22FC-0972-4261-99B3-226B15F00B33,2026-09-16 09:59:33.203,
FD6CCDCB-6997-41DC-8C5F-709856C307CD,C33981,20260914,OT1_5,0,2,70FC22FC-0972-4261-99B3-226B15F00B33,2026-09-15 17:20:56.543,
C7F63527-668C-459D-9932-830198C30FA0,C33981,20260915,OT1_5,0,2,70FC22FC-0972-4261-99B3-226B15F00B33,2026-09-16 09:59:34.030,
669B42F6-7DEF-447F-AD5E-7D1E990E0AA1,C33984,20260914,OT1_5,0,2,70FC22FC-0972-4261-99B3-226B15F00B33,2026-09-15 17:23:06.567,
FB53E8F5-0FE8-40F4-9874-E3F0A34B6614,C33988,20260914,OT1_5,0,2,70FC22FC-0972-4261-99B3-226B15F00B33,2026-09-15 17:23:08.860,
06A64E98-1C30-4594-925B-DE3659C0F899,C33988,20260915,OT1_5,0,2,70FC22FC-0972-4261-99B3-226B15F00B33,2026-09-16 10:01:50.530,
810DD1D3-1E5A-4A1F-AD09-3083A176AD08,C33989,20260915,OT1_5,0,2,70FC22FC-0972-4261-99B3-226B15F00B33,2026-09-16 10:01:49.443,
3EA50932-367E-4765-ADAE-CBF276253A71,C33993,20260914,OT1_5,0,2,70FC22FC-0972-4261-99B3-226B15F00B33,2026-09-15 17:20:40.517,
2F61B2D9-56DD-4142-8574-4C4B95C470B7,C33993,20260915,OT1_5,0,2,70FC22FC-0972-4261-99B3-226B15F00B33,2026-09-16 09:59:29.130,
9C9B2496-A09D-4452-9639-9D041C21D239,C33996,20260914,OT1_5,0,2,70FC22FC-0972-4261-99B3-226B15F00B33,2026-09-15 17:20:57.363,
87D23894-FB41-4F29-8CFF-1C828C0A0BE1,C33996,20260915,OT1_5,0,2,70FC22FC-0972-4261-99B3-226B15F00B33,2026-09-16 09:59:30.997,
A5B24467-CF14-4EB4-AE51-99488225727C,C34001,20260914,OT1_5,0,2,70FC22FC-0972-4261-99B3-226B15F00B33,2026-09-15 17:20:54.610,
D8FC0296-DE65-4C60-B7CF-5CC8FBA6BB8E,C34001,20260915,OT1_5,0,2,70FC22FC-0972-4261-99B3-226B15F00B33,2026-09-16 09:59:36.277,
397D2931-9610-4503-A9C1-FCBAF64A88D0,C34004,20260914,OT1_5,0,4,70FC22FC-0972-4261-99B3-226B15F00B33,2026-09-15 17:23:19.103,
24D133E6-76D5-4F29-B136-81BDA8E19C0A,C34004,20260915,OT1_5,0,2,70FC22FC-0972-4261-99B3-226B15F00B33,2026-09-16 10:01:56.840,
338FF068-B7D6-41AE-959B-5B91DB57A324,C34005,20260914,OT1_5,0,2,70FC22FC-0972-4261-99B3-226B15F00B33,2026-09-15 17:23:18.137,
70E08BEC-7CFB-42BF-A1EF-54C1493DBD2E,C34007,20260914,OT1_5,0,2,70FC22FC-0972-4261-99B3-226B15F00B33,2026-09-15 17:23:14.547,
334FC935-BF7B-4B36-8924-142997A0D487,C34007,20260915,OT1_5,0,2,70FC22FC-0972-4261-99B3-226B15F00B33,2026-09-16 10:01:52.553,
EF213671-F8ED-4402-9B63-ABFF043407EF,C34008,20260914,OT1_5,0,2,70FC22FC-0972-4261-99B3-226B15F00B33,2026-09-15 17:23:15.160,
FC23490C-32EF-4115-8D00-570C814CF76E,C34008,20260915,OT1_5,0,2,70FC22FC-0972-4261-99B3-226B15F00B33,2026-09-16 10:01:55.073,
83C61894-C7C9-4307-A9E9-63E9FB7F1B59,C34009,20260914,OT1_5,0,2,70FC22FC-0972-4261-99B3-226B15F00B33,2026-09-15 17:23:18.690,
CB9BFACC-3F3B-404A-85B1-8F6BFE3C710E,C34009,20260915,OT1_5,0,2,70FC22FC-0972-4261-99B3-226B15F00B33,2026-09-16 10:01:56.790,
49BA6ED4-A536-41A3-8984-7A24F76CD21A,C34010,20260914,OT1_5,0,2,70FC22FC-0972-4261-99B3-226B15F00B33,2026-09-15 17:23:10.987,
0AE2A3EA-8628-4F14-9926-D40E3D244C2A,C34010,20260915,OT1_5,0,2,70FC22FC-0972-4261-99B3-226B15F00B33,2026-09-16 10:01:42.950,
0FB73F92-7F66-4152-9D65-90488A9A6A5D,C34012,20260914,OT1_5,0,2,70FC22FC-0972-4261-99B3-226B15F00B33,2026-09-15 17:23:06.037,
31F7CF39-C4CE-457C-81F7-8A9EEB925D17,C34012,20260915,OT1_5,0,2,70FC22FC-0972-4261-99B3-226B15F00B33,2026-09-16 10:01:47.180,
C60AD389-CA82-43AB-8395-7C2F9D26260A,C34014,20260914,OT1_5,0,2,70FC22FC-0972-4261-99B3-226B15F00B33,2026-09-15 17:20:58.630,
C8A9F50D-B432-4B0B-AF38-5DB56F1ABF12,C34014,20260915,OT1_5,0,2,70FC22FC-0972-4261-99B3-226B15F00B33,2026-09-16 09:59:34.073,
2879CA2A-A38F-4BA8-B207-86479AA4B478,C34022,20260914,OT1_5,0,2,70FC22FC-0972-4261-99B3-226B15F00B33,2026-09-15 17:20:57.230,
1C17A35B-F984-4D0F-B4A3-8BB050729D8F,C34022,20260915,OT1_5,0,2,70FC22FC-0972-4261-99B3-226B15F00B33,2026-09-16 09:59:37.023,
9E9138B4-E4F3-4B59-8198-6D2585FDAF41,C34024,20260914,OT1_5,0,2,70FC22FC-0972-4261-99B3-226B15F00B33,2026-09-15 17:21:03.407,
FF00C562-A1F9-44F3-AC31-955EE52045D0,C34027,20260914,OT1_5,0,2,70FC22FC-0972-4261-99B3-226B15F00B33,2026-09-15 17:23:11.037,
3CA23FCA-96C0-4A65-BE8A-1542A2A1C18B,C34028,20260914,OT1_5,0,2,70FC22FC-0972-4261-99B3-226B15F00B33,2026-09-15 17:23:13.433,
E92D4FDB-6D24-44BA-9C6B-9955621F652C,C34029,20260914,OT1_5,0,2,70FC22FC-0972-4261-99B3-226B15F00B33,2026-09-15 17:23:08.917,
2F732953-04DE-487D-A88B-DEB2689CF8B9,C34029,20260915,OT1_5,0,2,70FC22FC-0972-4261-99B3-226B15F00B33,2026-09-16 10:01:46.553,
D2FF2431-6CAE-437A-AE4E-664276AFCA36,C34030,20260915,OT1_5,0,2,70FC22FC-0972-4261-99B3-226B15F00B33,2026-09-16 10:01:43.230,
BBC9CE60-F13A-483F-B58B-BF7098D70832,C34031,20260914,OT1_5,0,2,70FC22FC-0972-4261-99B3-226B15F00B33,2026-09-15 17:23:16.590,
0D852BFA-6535-4F04-8470-9AD658A146FA,C34035,20260914,OT1_5,0,2,70FC22FC-0972-4261-99B3-226B15F00B33,2026-09-15 17:23:07.833,
1F404A61-6389-4F74-8BC4-98E7E035C213,C34036,20260914,OT1_5,0,2,70FC22FC-0972-4261-99B3-226B15F00B33,2026-09-15 17:23:11.253,
8375F0F4-19C2-4CBD-A90D-2B2066017D2D,C34036,20260915,OT1_5,0,2,70FC22FC-0972-4261-99B3-226B15F00B33,2026-09-16 10:01:51.163,
54C6382B-891E-4611-9CA1-51D0C4E88933,C34037,20260914,OT1_5,0,2,70FC22FC-0972-4261-99B3-226B15F00B33,2026-09-15 17:23:13.823,
3CFB5040-2508-40C1-B5DF-5F3DED783665,C34037,20260915,OT1_5,0,2,70FC22FC-0972-4261-99B3-226B15F00B33,2026-09-16 10:01:52.467,
1D9EA2B7-2824-4867-B18F-107FB1D2ADD1,C34039,20260914,OT1_5,0,2,70FC22FC-0972-4261-99B3-226B15F00B33,2026-09-15 17:23:02.360,
24E4B701-A755-43DC-BE38-FB6C15AA1139,C34041,20260914,OT1_5,0,2,70FC22FC-0972-4261-99B3-226B15F00B33,2026-09-15 17:18:08.803,
41FBD1A7-B42D-4977-BE76-D338882F58BA,C34046,20260914,OT1_5,0,2,70FC22FC-0972-4261-99B3-226B15F00B33,2026-09-15 17:17:54.417,
C495115F-98A8-4186-8ED3-F44D495E7A8D,C34047,20260914,OT1_5,0,2,70FC22FC-0972-4261-99B3-226B15F00B33,2026-09-15 17:18:03.423,
195C2A4E-BE3C-49A9-AA67-40659BFB44FC,C34047,20260915,OT1_5,0,2,70FC22FC-0972-4261-99B3-226B15F00B33,2026-09-16 09:56:55.057,
0C4B02E4-90AD-43AD-BA9F-F1B48160C518,C34048,20260914,OT1_5,0,2,70FC22FC-0972-4261-99B3-226B15F00B33,2026-09-15 17:18:07.637,
D7CD7592-BD78-4EF0-B88E-29CF20CDC0E7,C34048,20260915,OT1_5,0,2,70FC22FC-0972-4261-99B3-226B15F00B33,2026-09-16 09:56:55.590,
59A17A98-F0DB-4B6C-AB49-6F79715D4611,C34050,20260914,OT1_5,0,2,70FC22FC-0972-4261-99B3-226B15F00B33,2026-09-15 17:17:54.043,
E16EAE53-FF35-479A-8D9E-6A61328E8E79,C34050,20260915,OT1_5,0,2,70FC22FC-0972-4261-99B3-226B15F00B33,2026-09-16 09:56:52.903,
A2B0E913-2E40-4606-8618-77D18429BB60,C34051,20260914,OT1_5,0,2,70FC22FC-0972-4261-99B3-226B15F00B33,2026-09-15 17:18:02.073,
5243701F-B3A0-4277-BE09-0084DBE9F49E,C34052,20260915,OT1_5,0,2,70FC22FC-0972-4261-99B3-226B15F00B33,2026-09-16 09:56:56.710,
5B19F1FA-C8B8-48D8-B50B-774FCE4A573C,C34053,20260914,OT1_5,0,2,70FC22FC-0972-4261-99B3-226B15F00B33,2026-09-15 17:23:02.377,
B4273BB2-5A0C-4E8F-85DB-A66D0F7F55D0,C34058,20260914,OT1_5,0,2,70FC22FC-0972-4261-99B3-226B15F00B33,2026-09-15 17:17:55.470,
4973DAB4-0895-4351-854A-4DC737FD3786,C34059,20260914,OT1_5,0,2,70FC22FC-0972-4261-99B3-226B15F00B33,2026-09-15 17:18:10.500,
8FD919E9-15AD-4E87-AFB2-C480F9DF35FC,C34062,20260914,OT1_5,0,2,70FC22FC-0972-4261-99B3-226B15F00B33,2026-09-15 17:23:01.273,
A12FBC7B-F9F1-42C5-8CFD-AF2BBD51CD46,C34062,20260915,OT1_5,0,2,70FC22FC-0972-4261-99B3-226B15F00B33,2026-09-16 10:01:42.587,
3032D3DD-8E86-4D5C-9321-2DF199A47EBE,C34064,20260914,OT1_5,0,2,70FC22FC-0972-4261-99B3-226B15F00B33,2026-09-15 17:23:13.417,
B8763110-224D-4763-8524-E6706FC96266,C34064,20260915,OT1_5,0,2,70FC22FC-0972-4261-99B3-226B15F00B33,2026-09-16 10:01:53.397,
EAAB86AD-4FD3-4F7C-ADCD-C13977A8DA1A,C34066,20260914,OT1_5,0,2,70FC22FC-0972-4261-99B3-226B15F00B33,2026-09-15 17:23:01.643,
8966896F-BB0F-46DA-9291-FF3ECF477F3D,C34066,20260915,OT1_5,0,2,70FC22FC-0972-4261-99B3-226B15F00B33,2026-09-16 10:01:42.597,
78D57136-9762-413A-9CCB-78B519670E5A,C34071,20260914,OT1_5,0,2,70FC22FC-0972-4261-99B3-226B15F00B33,2026-09-15 17:23:07.753,
B2AFC6E0-A979-4D14-960C-6F80C56F613B,C34071,20260915,OT1_5,0,2,70FC22FC-0972-4261-99B3-226B15F00B33,2026-09-16 10:01:44.247,
AE68720A-B728-4E87-B356-66CE3F54C01A,C34078,20260914,OT1_5,0,2,70FC22FC-0972-4261-99B3-226B15F00B33,2026-09-15 17:20:45.220,
20DE264F-85B7-4100-BAD1-30A560E14A0C,C34078,20260915,OT1_5,0,2,70FC22FC-0972-4261-99B3-226B15F00B33,2026-09-16 09:59:30.730,
4D4988A1-534C-4DB4-B896-10A1368F5B08,C34087,20260914,OT1_5,0,2,70FC22FC-0972-4261-99B3-226B15F00B33,2026-09-15 17:18:03.460,
5F9A64A1-C3D5-4994-B12C-93F8F05B1303,C34087,20260915,OT1_5,0,2,70FC22FC-0972-4261-99B3-226B15F00B33,2026-09-16 09:56:55.673,
92FBCDB5-D3D3-4952-8FCD-8362D2A7F88A,C34088,20260914,OT1_5,0,2,70FC22FC-0972-4261-99B3-226B15F00B33,2026-09-15 17:17:56.830,
2E98F860-DC6F-4CD9-9AD8-E98676480BBF,C34090,20260914,OT1_5,0,2,70FC22FC-0972-4261-99B3-226B15F00B33,2026-09-15 17:17:53.777,
57B8F518-ADE8-44B8-B6C8-2A8A9FC6F332,C34091,20260914,OT1_5,0,2,70FC22FC-0972-4261-99B3-226B15F00B33,2026-09-15 17:18:01.270,
ECA6925D-BA19-4AF4-959C-E5D4AEA633CE,C34091,20260915,OT1_5,0,2,70FC22FC-0972-4261-99B3-226B15F00B33,2026-09-16 09:56:53.430,
796AFF57-08C4-4193-BE40-80E1F95C0A81,C34093,20260914,OT1_5,0,2,70FC22FC-0972-4261-99B3-226B15F00B33,2026-09-15 17:17:55.193,
BD22FBD8-2652-475E-BBC5-51F7011B31FD,C34093,20260915,OT1_5,0,2,70FC22FC-0972-4261-99B3-226B15F00B33,2026-09-16 09:56:56.720,
AD64512C-A7E2-4287-99E4-74A1F8695071,C34094,20260914,OT1_5,0,2,70FC22FC-0972-4261-99B3-226B15F00B33,2026-09-15 17:17:54.193,
9AC6EE76-5F70-4502-8860-DEA0AB774E5D,C34094,20260915,OT1_5,0,2,70FC22FC-0972-4261-99B3-226B15F00B33,2026-09-16 09:56:57.377,
F1ACFB82-FA05-4ACE-9719-A2A5D07CC351,C34095,20260914,OT1_5,0,2,70FC22FC-0972-4261-99B3-226B15F00B33,2026-09-15 17:17:54.697,
D5609D55-A17D-4841-B24A-5287273A68FA,C34095,20260915,OT1_5,0,2,70FC22FC-0972-4261-99B3-226B15F00B33,2026-09-16 09:56:54.940,
C2D69A9A-315E-4F46-BC97-DE7DBCF5F8F3,C34096,20260914,OT1_5,0,2,70FC22FC-0972-4261-99B3-226B15F00B33,2026-09-15 17:17:57.697,
EBE8DC44-EF91-40F9-B933-82C3CC6866E9,C34096,20260915,OT1_5,0,2,70FC22FC-0972-4261-99B3-226B15F00B33,2026-09-16 09:56:53.003,
76E69E2E-2FB2-45D1-93EB-662DA3265536,C34097,20260914,OT1_5,0,2,70FC22FC-0972-4261-99B3-226B15F00B33,2026-09-15 17:18:05.060,
B74C9788-58EC-4472-9D63-376B41F819A5,C34098,20260914,OT1_5,0,2,70FC22FC-0972-4261-99B3-226B15F00B33,2026-09-15 17:17:53.987,
573DAA6D-869C-4B54-AD1F-20145804286A,C34098,20260915,OT1_5,0,2,70FC22FC-0972-4261-99B3-226B15F00B33,2026-09-16 09:56:53.860,
71D6ED83-4743-439D-8D35-CFF4419AE94B,C34099,20260914,OT1_5,0,2,70FC22FC-0972-4261-99B3-226B15F00B33,2026-09-15 17:23:13.987,
C2901BC8-6959-419C-AF10-6353D955F91E,C34099,20260915,OT1_5,0,2,70FC22FC-0972-4261-99B3-226B15F00B33,2026-09-16 10:01:54.213,
E469DFBF-E226-4176-8219-3F8C7BB3AC26,C34102,20260914,OT1_5,0,2,70FC22FC-0972-4261-99B3-226B15F00B33,2026-09-15 17:23:12.887,
0BCAA30F-CC1F-4A28-82D8-3029BF025E4E,C34107,20260914,OT1_5,0,2,70FC22FC-0972-4261-99B3-226B15F00B33,2026-09-15 17:20:50.633,
F3748FC0-0E95-47BD-A389-C62EC86F306C,C34107,20260915,OT1_5,0,2,70FC22FC-0972-4261-99B3-226B15F00B33,2026-09-16 09:59:34.533,
F2A851E6-7852-4570-9714-55333A833639,C34108,20260914,OT1_5,0,2,70FC22FC-0972-4261-99B3-226B15F00B33,2026-09-15 17:23:08.217,
B889C2FD-E147-4385-B095-BC880CF33937,C34108,20260915,OT1_5,0,2,70FC22FC-0972-4261-99B3-226B15F00B33,2026-09-16 10:01:46.140,
CF38972D-FF9C-4EE6-88FB-A2EFCFE4F0A6,C34116,20260914,OT1_5,0,2,70FC22FC-0972-4261-99B3-226B15F00B33,2026-09-15 17:20:52.960,
0CFC8391-3C22-4294-A2E4-42E821ECF783,C34116,20260915,OT1_5,0,2,70FC22FC-0972-4261-99B3-226B15F00B33,2026-09-16 09:59:36.307,
A60710D8-DB2F-4457-BA38-16CDB7555406,C34129,20260914,OT1_5,0,2,70FC22FC-0972-4261-99B3-226B15F00B33,2026-09-15 17:20:44.760,
2C53FA82-D635-4226-BFF2-D6EEB47614C3,C34129,20260915,OT1_5,0,2,70FC22FC-0972-4261-99B3-226B15F00B33,2026-09-16 09:59:32.977,
6E8EA444-BE98-4151-ABE6-EBFBE18C60C1,C34130,20260914,OT1_5,0,2,70FC22FC-0972-4261-99B3-226B15F00B33,2026-09-15 17:20:51.777,
448B7841-C804-4A99-9F75-9D6B5ACF3911,C34130,20260915,OT1_5,0,2,70FC22FC-0972-4261-99B3-226B15F00B33,2026-09-16 09:59:31.203,
36472BD7-84A9-4FEB-A551-CA3C699E4C01,C34131,20260914,OT1_5,0,2,70FC22FC-0972-4261-99B3-226B15F00B33,2026-09-15 17:20:45.697,
BA5639FC-9D8E-4A23-A301-CDD7A698F4D1,C34131,20260915,OT1_5,0,2,70FC22FC-0972-4261-99B3-226B15F00B33,2026-09-16 09:59:31.033,
0287F976-CFF5-417E-8057-219A1E4A11C5,C34138,20260914,OT1_5,0,2,70FC22FC-0972-4261-99B3-226B15F00B33,2026-09-15 17:20:45.733,
83C40BB3-6EDE-46A9-8E85-EA6806F4E427,C34147,20260914,OT1_5,0,2,70FC22FC-0972-4261-99B3-226B15F00B33,2026-09-15 17:20:56.697,
6A854E39-5A5B-45AA-9D25-10415707BAD5,C34151,20260914,OT1_5,0,3.5,70FC22FC-0972-4261-99B3-226B15F00B33,2026-09-15 17:18:57.333,
38D44CAC-F670-49BE-9CFD-B0B4A3EC782D,C34151,20260915,OT1_5,0,3.5,70FC22FC-0972-4261-99B3-226B15F00B33,2026-09-16 09:57:39.690,
039DDEE7-3121-4F0A-AAB3-B148CA777857,C34152,20260914,OT1_5,0,2,70FC22FC-0972-4261-99B3-226B15F00B33,2026-09-15 17:20:53.527,
AC24B39F-D785-42CA-8BA2-A94B7AE82AEB,C34152,20260915,OT1_5,0,2,70FC22FC-0972-4261-99B3-226B15F00B33,2026-09-16 09:59:36.793,
4B51E419-5D8A-48FA-81F3-20F1AABFF786,C34153,20260914,OT1_5,0,2,70FC22FC-0972-4261-99B3-226B15F00B33,2026-09-15 17:23:09.430,
12EF65B8-7CE7-431F-B2D8-550C6A06B41F,C34153,20260915,OT1_5,0,2,70FC22FC-0972-4261-99B3-226B15F00B33,2026-09-16 10:01:48.463,
47B04B55-CD53-4EC8-8E33-CC8EEC685908,C34156,20260914,OT1_5,0,2,70FC22FC-0972-4261-99B3-226B15F00B33,2026-09-15 17:18:09.570,
927D3707-D6FB-4CCF-9984-8D02EC3E546C,C34169,20260914,OT1_5,0,2,70FC22FC-0972-4261-99B3-226B15F00B33,2026-09-15 17:17:53.900,
71DF7D03-371D-4383-8AD5-51C826CC7258,C34170,20260914,OT1_5,0,1,70FC22FC-0972-4261-99B3-226B15F00B33,2026-09-15 17:18:01.957,
A72E571B-18AF-4036-BDB7-734CF8A69586,C34172,20260914,OT1_5,0,2,70FC22FC-0972-4261-99B3-226B15F00B33,2026-09-15 17:18:06.077,
EC43523F-052D-43BB-984F-A34EFEE5D3C2,C34173,20260914,OT1_5,0,2,70FC22FC-0972-4261-99B3-226B15F00B33,2026-09-15 17:21:04.487,
465D212E-1B39-49DD-92BD-63C0691E84F6,C34173,20260915,OT1_5,0,2,70FC22FC-0972-4261-99B3-226B15F00B33,2026-09-16 09:59:40.497,
CAE30BD4-627D-4A79-9F1D-4A28C8FB8353,C34174,20260914,OT1_5,0,2,70FC22FC-0972-4261-99B3-226B15F00B33,2026-09-15 17:23:05.877,
CD876A18-BF9E-42E7-9ADD-9B30639D7C24,C34174,20260915,OT1_5,0,2,70FC22FC-0972-4261-99B3-226B15F00B33,2026-09-16 10:01:44.737,
E7DD5D0C-9E99-4CB2-8E30-50565D5049A7,C34175,20260914,OT1_5,0,2,70FC22FC-0972-4261-99B3-226B15F00B33,2026-09-15 17:20:58.927,
C6DB9469-944A-4DA9-8B26-8E8A1ACB66A8,C34176,20260914,OT1_5,0,2,70FC22FC-0972-4261-99B3-226B15F00B33,2026-09-15 17:20:56.917,
61EE7527-222F-4406-8F0F-C9B041608B8E,C34176,20260915,OT1_5,0,2,70FC22FC-0972-4261-99B3-226B15F00B33,2026-09-16 09:59:37.033,
BC7AB1A7-9156-464C-ACAC-EB6FFDDE0FC3,C34177,20260914,OT1_5,0,2,70FC22FC-0972-4261-99B3-226B15F00B33,2026-09-15 17:20:57.020,
A46F2B8C-4B38-473D-AEC2-4C0E9D0AFDAC,C34177,20260915,OT1_5,0,2,70FC22FC-0972-4261-99B3-226B15F00B33,2026-09-16 09:59:39.977,
3BFB958D-6A08-4EA1-9D9E-23F935B14422,C34178,20260914,OT1_5,0,2,70FC22FC-0972-4261-99B3-226B15F00B33,2026-09-15 17:20:59.203,
4A98EB21-2B32-46C1-9D1B-424B3956DB09,C34178,20260915,OT1_5,0,2,70FC22FC-0972-4261-99B3-226B15F00B33,2026-09-16 09:59:37.760,
2272DF4C-767E-4D6A-88B1-16A2B99D16E1,C34179,20260915,OT1_5,0,2,70FC22FC-0972-4261-99B3-226B15F00B33,2026-09-16 09:59:36.753,
A7633CAF-AD04-44E1-BFA3-81D1BB31D8C6,C34182,20260914,OT1_5,0,2,70FC22FC-0972-4261-99B3-226B15F00B33,2026-09-15 17:20:50.510,
D177AE65-3AA3-436F-B7B0-1786F6E0E17D,C34182,20260915,OT1_5,0,2,70FC22FC-0972-4261-99B3-226B15F00B33,2026-09-16 09:59:36.723,
052F0ECC-DC14-4C30-9AED-EEABD685EA63,C34183,20260914,OT1_5,0,2,70FC22FC-0972-4261-99B3-226B15F00B33,2026-09-15 17:20:54.180,
E1A9B825-8A51-4714-ABD6-B9AE7C6E8737,C34184,20260914,OT1_5,0,2,70FC22FC-0972-4261-99B3-226B15F00B33,2026-09-15 17:20:58.480,
1A12CB49-F183-4A56-94F2-2A2EEF42B2E3,C34184,20260915,OT1_5,0,2,70FC22FC-0972-4261-99B3-226B15F00B33,2026-09-16 09:59:35.553,
1BB37C7C-0DB5-4B09-9E3E-A803FCEC5E93,C34196,20260914,OT1_5,0,2,70FC22FC-0972-4261-99B3-226B15F00B33,2026-09-15 17:23:04.480,
FE4BB475-A9AE-473C-96CF-7A9FD641C04E,C34196,20260915,OT1_5,0,2,70FC22FC-0972-4261-99B3-226B15F00B33,2026-09-16 10:01:49.910,
EF26F8E2-B577-4E38-A605-3D950D77FC42,C34201,20260915,OT1_5,0,2,70FC22FC-0972-4261-99B3-226B15F00B33,2026-09-16 10:01:45.107,
E56B8072-B1CB-4982-99EB-3E22BF27DA87,C34204,20260915,OT1_5,0,2,70FC22FC-0972-4261-99B3-226B15F00B33,2026-09-16 09:59:35.543,
B7C0A7DB-48A4-4FAE-BCAB-82843FE7781D,C34205,20260915,OT1_5,0,2,70FC22FC-0972-4261-99B3-226B15F00B33,2026-09-16 09:56:54.887,
F9621DEC-9BB2-4145-A0D2-332BCD8153E6,C34209,20260914,OT1_5,0,2,70FC22FC-0972-4261-99B3-226B15F00B33,2026-09-15 17:23:06.133,
2EBF955E-80FE-4089-B3A0-5F488C02DD2A,C34209,20260915,OT1_5,0,2,70FC22FC-0972-4261-99B3-226B15F00B33,2026-09-16 10:01:49.983,
D402E6F1-B821-48F2-BED2-EC562FE88F8E,C34214,20260914,OT1_5,0,2,70FC22FC-0972-4261-99B3-226B15F00B33,2026-09-15 17:20:45.330,
FD1DA14D-5214-49E3-A136-3FD7D2C5BF94,C34214,20260915,OT1_5,0,2,70FC22FC-0972-4261-99B3-226B15F00B33,2026-09-16 09:59:31.817,
06AB2E3A-9B5B-4773-943C-8AB631B33CD1,C34215,20260915,OT1_5,0,2,70FC22FC-0972-4261-99B3-226B15F00B33,2026-09-16 09:59:37.673,
BA401310-70DC-43F8-BCCA-44942E1E7AC6,C34217,20260914,OT1_5,0,2,70FC22FC-0972-4261-99B3-226B15F00B33,2026-09-15 17:21:03.870,
8A84A80D-C163-4F6B-B63F-520F299DCA20,C34217,20260915,OT1_5,0,2,70FC22FC-0972-4261-99B3-226B15F00B33,2026-09-16 09:59:35.530,
1D103D78-2AA3-4DD7-97C6-B840D33158BE,C34219,20260914,OT1_5,0,2,70FC22FC-0972-4261-99B3-226B15F00B33,2026-09-15 17:21:00.620,
B1573A4B-95A2-4713-B801-D1502C9A29D2,C34219,20260915,OT1_5,0,2,70FC22FC-0972-4261-99B3-226B15F00B33,2026-09-16 09:59:40.323,
46AF5C86-BF03-4273-AA1B-308FDFE057E7,C34220,20260914,OT1_5,0,2,70FC22FC-0972-4261-99B3-226B15F00B33,2026-09-15 17:20:54.597,
EB04E06A-9724-463A-8F4B-F1315F7C353A,C34220,20260915,OT1_5,0,2,70FC22FC-0972-4261-99B3-226B15F00B33,2026-09-16 09:59:34.933,
53EF287A-A42E-4FBC-A5D3-76EBA005DE7F,C34221,20260914,OT1_5,0,2,70FC22FC-0972-4261-99B3-226B15F00B33,2026-09-15 17:20:58.527,
0D785A71-481B-4F91-AA02-8763560D4B76,C34227,20260914,OT1_5,0,2,70FC22FC-0972-4261-99B3-226B15F00B33,2026-09-15 17:23:18.643,
9A73A2DD-BFF6-42A5-81C4-5C236E2D02F3,C34227,20260915,OT1_5,0,2,70FC22FC-0972-4261-99B3-226B15F00B33,2026-09-16 10:01:56.830,
FFDA9EA0-C588-4184-9227-ABFC3E305E2A,C34230,20260914,OT1_5,0,2,70FC22FC-0972-4261-99B3-226B15F00B33,2026-09-15 17:18:00.540,
42B25F31-3C01-40E4-B9F0-DCA9CAE08CF2,C34230,20260915,OT1_5,0,2,70FC22FC-0972-4261-99B3-226B15F00B33,2026-09-16 09:56:56.433,
C0C8E4C0-F80F-4B82-A0D6-B590BE1D90E0,C34233,20260914,OT1_5,0,2,70FC22FC-0972-4261-99B3-226B15F00B33,2026-09-15 17:17:58.643,
407075FB-B2EB-47A8-872D-F6D3CDB204E2,C34233,20260915,OT1_5,0,2,70FC22FC-0972-4261-99B3-226B15F00B33,2026-09-16 09:56:54.303,
A917B4F4-F774-4A08-9242-466C05BBE8DA,C34234,20260914,OT1_5,0,2,70FC22FC-0972-4261-99B3-226B15F00B33,2026-09-15 17:17:59.757,
4AD42EC2-007C-4E13-9980-39E317042EB4,C34237,20260914,OT1_5,0,2,70FC22FC-0972-4261-99B3-226B15F00B33,2026-09-15 17:18:08.713,
70DF0CCD-4EA9-45D6-9106-E4168C8E0857,C34238,20260914,OT1_5,0,2,70FC22FC-0972-4261-99B3-226B15F00B33,2026-09-15 17:17:59.150,
95A9518A-66F0-457A-BA8E-D827A41E4020,C34243,20260914,OT1_5,0,2,70FC22FC-0972-4261-99B3-226B15F00B33,2026-09-15 17:20:53.030,
72DE9571-171A-4281-8D20-814AEC9E6860,C34243,20260915,OT1_5,0,2,70FC22FC-0972-4261-99B3-226B15F00B33,2026-09-16 09:59:38.037,
CCF42DB4-3729-4B87-AFA6-588799B36A09,C34248,20260915,OT1_5,0,2,70FC22FC-0972-4261-99B3-226B15F00B33,2026-09-16 09:59:39.770,
7E7A88A1-7E74-4636-A56D-D32ADB68725E,C34250,20260914,OT1_5,0,2,70FC22FC-0972-4261-99B3-226B15F00B33,2026-09-15 17:20:42.333,
0188CD0F-8F3F-4B40-90CF-D4C88B679AF9,C34250,20260915,OT1_5,0,2,70FC22FC-0972-4261-99B3-226B15F00B33,2026-09-16 09:59:29.853,
B29CC5FB-C59B-418E-A685-863A0D82A0C8,C34251,20260914,OT1_5,0,2,70FC22FC-0972-4261-99B3-226B15F00B33,2026-09-15 17:20:47.697,
EA5BA4F0-1D14-455D-9DA2-1DE292EFB422,C34251,20260915,OT1_5,0,2,70FC22FC-0972-4261-99B3-226B15F00B33,2026-09-16 09:59:30.690,
74ADE4E6-5612-4193-B193-98275897ED98,C34252,20260914,OT1_5,0,2,70FC22FC-0972-4261-99B3-226B15F00B33,2026-09-15 17:21:00.700,
4C6CA6FA-682A-4688-85EB-6677907485B5,C34252,20260915,OT1_5,0,2,70FC22FC-0972-4261-99B3-226B15F00B33,2026-09-16 09:59:39.563,
8191885D-FE89-474B-8B30-FC4FA3BBF7BD,C34253,20260914,OT1_5,0,2,70FC22FC-0972-4261-99B3-226B15F00B33,2026-09-15 17:20:42.347,
AB000BA9-8E15-441F-9196-6E28196D7CF6,C34253,20260915,OT1_5,0,2,70FC22FC-0972-4261-99B3-226B15F00B33,2026-09-16 09:59:29.907,
4B032C69-91D4-4EE9-9C6A-CE06DF76F736,C34256,20260914,OT1_5,0,2,70FC22FC-0972-4261-99B3-226B15F00B33,2026-09-15 17:20:44.627,
7B48A537-DE43-4176-B85F-FB08B7B60F9C,C34256,20260915,OT1_5,0,2,70FC22FC-0972-4261-99B3-226B15F00B33,2026-09-16 09:59:36.670,
7C13BF1E-1F55-4D5D-92DF-427B0B4FA4CF,C34258,20260914,OT1_5,0,2,70FC22FC-0972-4261-99B3-226B15F00B33,2026-09-15 17:18:10.593,
39919222-7C71-463E-A4B8-F3B55FB922DA,C34258,20260915,OT1_5,0,2,70FC22FC-0972-4261-99B3-226B15F00B33,2026-09-16 09:56:58.063,
C24D50EE-5890-4200-A90E-07843F2B3361,C34261,20260914,OT1_5,0,2,70FC22FC-0972-4261-99B3-226B15F00B33,2026-09-15 17:18:10.280,
FA3630BE-B360-47BE-8A78-60C185E5F50A,C34265,20260914,OT1_5,0,2,70FC22FC-0972-4261-99B3-226B15F00B33,2026-09-15 17:20:50.663,
DA384275-9403-400A-A886-4A25B3654124,C34265,20260915,OT1_5,0,2,70FC22FC-0972-4261-99B3-226B15F00B33,2026-09-16 09:59:35.483,
E1CC6456-8FCB-4E49-B793-F1A1BB19E9AE,C34266,20260914,OT1_5,0,2,70FC22FC-0972-4261-99B3-226B15F00B33,2026-09-15 17:23:17.017,
EC182104-F1D8-4D25-A7EC-46CE1EEA35ED,C34266,20260915,OT1_5,0,2,70FC22FC-0972-4261-99B3-226B15F00B33,2026-09-16 10:01:55.947,
ACE38074-E547-4927-863D-788060298046,C34267,20260914,OT1_5,0,2,70FC22FC-0972-4261-99B3-226B15F00B33,2026-09-15 17:21:36.547,
EEF52963-5172-488E-B4D4-1D558695BD7C,C34267,20260915,OT1_5,0,2,70FC22FC-0972-4261-99B3-226B15F00B33,2026-09-16 10:00:12.563,
E4915E05-A6DD-4F67-9E77-E41303A060B4,C34270,20260915,OT1_5,0,2,70FC22FC-0972-4261-99B3-226B15F00B33,2026-09-16 09:59:37.643,
AD17EF4C-3D55-4981-8130-91FBDE021120,C34271,20260914,OT1_5,0,2,70FC22FC-0972-4261-99B3-226B15F00B33,2026-09-15 17:23:10.573,
FFD9D6E9-50C7-4C9C-BED7-D980019F0663,C34271,20260915,OT1_5,0,2,70FC22FC-0972-4261-99B3-226B15F00B33,2026-09-16 10:01:52.713,
0AAF5EC4-2CC2-4D77-B1DC-86226F3B37D8,C34277,20260914,OT1_5,0,2,70FC22FC-0972-4261-99B3-226B15F00B33,2026-09-15 17:23:06.323,
915B738B-8BD3-4A77-9652-89B4A149EE36,C34277,20260915,OT1_5,0,2,70FC22FC-0972-4261-99B3-226B15F00B33,2026-09-16 10:01:49.137,
D10E7E0E-17A6-4D37-870F-27E9BB2371F3,C34278,20260914,OT1_5,0,2,70FC22FC-0972-4261-99B3-226B15F00B33,2026-09-15 17:23:01.560,
2F027911-E782-4979-AFAE-B7E0A27207F9,C34278,20260915,OT1_5,0,2,70FC22FC-0972-4261-99B3-226B15F00B33,2026-09-16 10:01:42.903,
DFEF16DB-8B3E-49BE-8BB3-E54F0AAF62BD,C34283,20260914,OT1_5,0,2,70FC22FC-0972-4261-99B3-226B15F00B33,2026-09-15 17:23:15.893,
9DB2FAA5-2639-4C96-B4E2-95DA0FBCAC20,C34283,20260915,OT1_5,0,2,70FC22FC-0972-4261-99B3-226B15F00B33,2026-09-16 10:01:53.297,
B0C72144-4BE2-4E55-A0BE-5C752CC44C97,C34284,20260914,OT1_5,0,2,70FC22FC-0972-4261-99B3-226B15F00B33,2026-09-15 17:23:17.353,
ADB12D56-9ED7-4E45-87A6-2908167EFEFF,C34285,20260914,OT1_5,0,2,70FC22FC-0972-4261-99B3-226B15F00B33,2026-09-15 17:23:11.330,
4BD9F157-777A-4FB3-9729-6555F4F096BA,C34285,20260915,OT1_5,0,2,70FC22FC-0972-4261-99B3-226B15F00B33,2026-09-16 10:01:51.327,
7A51C75B-86C8-4577-B5A3-FB37CA38A2A1,C34286,20260914,OT1_5,0,2,70FC22FC-0972-4261-99B3-226B15F00B33,2026-09-15 17:20:56.463,
DB576E3D-09B1-4345-9295-B1F60CAB44B1,C34286,20260915,OT1_5,0,2,70FC22FC-0972-4261-99B3-226B15F00B33,2026-09-16 09:59:40.307,
C1E14D6B-6CB3-4B75-ACC7-02BD93BBEA1D,C34287,20260914,OT1_5,0,2,70FC22FC-0972-4261-99B3-226B15F00B33,2026-09-15 17:18:06.567,
1DFE4217-3ACC-4470-9A58-5C75563682FB,C34287,20260915,OT1_5,0,2,70FC22FC-0972-4261-99B3-226B15F00B33,2026-09-16 09:56:56.400,
1650F44B-B26F-4820-BF7F-874BA0CFB635,C34289,20260914,OT1_5,0,2,70FC22FC-0972-4261-99B3-226B15F00B33,2026-09-15 17:18:06.137,
D9D61CB9-6D46-4746-8C38-BC8FE6994C37,C34289,20260915,OT1_5,0,2,70FC22FC-0972-4261-99B3-226B15F00B33,2026-09-16 09:56:55.243,
700327CB-136B-4BE7-910B-03F825594FC6,C34290,20260914,OT1_5,0,2,70FC22FC-0972-4261-99B3-226B15F00B33,2026-09-15 17:18:03.340,
14B6DE26-6C93-4ECB-AE06-561309F1F53C,C34292,20260914,OT1_5,0,2,70FC22FC-0972-4261-99B3-226B15F00B33,2026-09-15 17:17:57.133,
9BDBBDD9-C8FB-4348-B85E-722E949A7657,C34294,20260915,OT1_5,0,2,70FC22FC-0972-4261-99B3-226B15F00B33,2026-09-16 09:59:30.833,
1C0A9759-387C-4701-9454-AB3DB9F8B4B7,C34295,20260914,OT1_5,0,2,70FC22FC-0972-4261-99B3-226B15F00B33,2026-09-15 17:20:54.730,
CD222BC5-25C7-4E42-B1F4-046A3144AD26,C34295,20260915,OT1_5,0,2,70FC22FC-0972-4261-99B3-226B15F00B33,2026-09-16 09:59:39.030,
9365FEA9-4520-4318-A6F8-D409B029A6BC,C34298,20260914,OT1_5,0,2,70FC22FC-0972-4261-99B3-226B15F00B33,2026-09-15 17:23:07.703,
1901D68D-440B-405B-978B-814BD78202AE,C34298,20260915,OT1_5,0,2,70FC22FC-0972-4261-99B3-226B15F00B33,2026-09-16 10:01:52.257,
A5B66E66-8621-4B1C-AE79-CE196744B67D,C34300,20260914,OT1_5,0,2,70FC22FC-0972-4261-99B3-226B15F00B33,2026-09-15 17:20:53.103,
DD09A0D5-EC4F-432E-B949-274711E663DA,C34300,20260915,OT1_5,0,2,70FC22FC-0972-4261-99B3-226B15F00B33,2026-09-16 09:59:39.607,
FA434D03-EDEC-4DE9-BC77-8EF8AD419C0E,C34302,20260914,OT1_5,0,2,70FC22FC-0972-4261-99B3-226B15F00B33,2026-09-15 17:20:53.663,
AF488B96-414F-4DD3-BE00-651CE44E2D40,C34302,20260915,OT1_5,0,2,70FC22FC-0972-4261-99B3-226B15F00B33,2026-09-16 09:59:37.183,
69579B2B-77E9-4588-A5DC-AABEB87B3DA2,C34304,20260914,OT1_5,0,2,70FC22FC-0972-4261-99B3-226B15F00B33,2026-09-15 17:21:04.463,
D39361EB-EBDB-4F12-9643-1F3DB6CCD702,C34304,20260915,OT1_5,0,2,70FC22FC-0972-4261-99B3-226B15F00B33,2026-09-16 09:59:39.913,
5C0A9D82-3E49-45BF-902C-274C66059AA0,C34305,20260914,OT1_5,0,2,70FC22FC-0972-4261-99B3-226B15F00B33,2026-09-15 17:21:05.127,
7F0E8738-49DB-4158-97DE-93AE9550B903,C34305,20260915,OT1_5,0,2,70FC22FC-0972-4261-99B3-226B15F00B33,2026-09-16 09:59:40.780,
16F23E63-8A75-43F9-83C3-8255CC11A54B,C34306,20260914,OT1_5,0,2,70FC22FC-0972-4261-99B3-226B15F00B33,2026-09-15 17:20:50.800,
2AE238C2-9311-4BF4-A1BC-1DE4167665E5,C34306,20260915,OT1_5,0,2,70FC22FC-0972-4261-99B3-226B15F00B33,2026-09-16 09:59:31.260,
DEDA063C-1D21-46E4-AE97-9AC5440F60F5,C34307,20260914,OT1_5,0,2,70FC22FC-0972-4261-99B3-226B15F00B33,2026-09-15 17:20:42.447,
FF1832B7-D9AB-4975-96DA-ABB5DA19BBB8,C34307,20260915,OT1_5,0,2,70FC22FC-0972-4261-99B3-226B15F00B33,2026-09-16 09:59:31.250,
5ECF585A-ED18-4665-A3BD-D962392A0AF8,C34308,20260914,OT1_5,0,2,70FC22FC-0972-4261-99B3-226B15F00B33,2026-09-15 17:23:15.080,
F20FDEE8-5888-4592-8F43-4C9290AC0B9B,C34308,20260915,OT1_5,0,2,70FC22FC-0972-4261-99B3-226B15F00B33,2026-09-16 10:01:54.503,
AF489138-06B6-4616-9316-F6300D82C14D,C34309,20260914,OT1_5,0,2,70FC22FC-0972-4261-99B3-226B15F00B33,2026-09-15 17:23:02.223,
F4315619-535A-4076-A56B-A89EB06E901F,C34309,20260915,OT1_5,0,2,70FC22FC-0972-4261-99B3-226B15F00B33,2026-09-16 10:01:43.350,
A0ECD89C-EB41-4EC3-BC28-9E93FCDD21EC,C34311,20260915,OT1_5,0,2,70FC22FC-0972-4261-99B3-226B15F00B33,2026-09-16 10:01:42.960,
DCFE3F64-8C20-4E4D-BB38-091CC200ED88,C34316,20260914,OT1_5,0,2,70FC22FC-0972-4261-99B3-226B15F00B33,2026-09-15 17:23:05.563,
1732ACE2-6D4D-4A25-8F5D-FCFA79A4153F,C34316,20260915,OT1_5,0,2,70FC22FC-0972-4261-99B3-226B15F00B33,2026-09-16 10:01:50.053,
0EC83663-64DD-4F22-826D-B8C3C2533540,C34317,20260914,OT1_5,0,2,70FC22FC-0972-4261-99B3-226B15F00B33,2026-09-15 17:23:03.037,
FA909BB1-539F-4BD8-BFE5-6B18D8DD53D7,C34318,20260914,OT1_5,0,2,70FC22FC-0972-4261-99B3-226B15F00B33,2026-09-15 17:23:03.050,
A6E58459-79A0-4C3B-A424-BA37203C3186,C34318,20260915,OT1_5,0,2,70FC22FC-0972-4261-99B3-226B15F00B33,2026-09-16 10:01:44.350,
C701B7B8-468B-418B-AD39-F6444BC0C4F5,C34320,20260914,OT1_5,0,2,70FC22FC-0972-4261-99B3-226B15F00B33,2026-09-15 17:18:07.527,
3B58FB68-5A5B-4890-8715-7289173D2C8B,C34321,20260914,OT1_5,0,2,70FC22FC-0972-4261-99B3-226B15F00B33,2026-09-15 17:20:46.163,
A3BF8439-1AFB-4355-A723-8746C255DBA8,C34321,20260915,OT1_5,0,2,70FC22FC-0972-4261-99B3-226B15F00B33,2026-09-16 09:59:32.170,
DAE81843-345E-4C66-9CBC-FA18695DE47D,C34324,20260914,OT1_5,0,2,70FC22FC-0972-4261-99B3-226B15F00B33,2026-09-15 17:20:55.067,
4E9A904A-8CDD-4C02-86E5-A472FE554DA1,C34324,20260915,OT1_5,0,2,70FC22FC-0972-4261-99B3-226B15F00B33,2026-09-16 09:59:38.367,
5040B24C-818E-4DC3-BECD-01C32B0B50A1,C34328,20260914,OT1_5,0,2,70FC22FC-0972-4261-99B3-226B15F00B33,2026-09-15 17:23:03.897,
D424751C-7E0B-4A86-AC86-B27DB5C15431,C34329,20260914,OT1_5,0,2,70FC22FC-0972-4261-99B3-226B15F00B33,2026-09-15 17:20:47.350,
6C8ACE7D-FF34-4F43-B67E-9010AE97B5D6,C34329,20260915,OT1_5,0,2,70FC22FC-0972-4261-99B3-226B15F00B33,2026-09-16 09:59:30.680,
BC4D3D9A-68FD-48E1-96C5-96FC38C6D90E,C34330,20260914,OT1_5,0,2,70FC22FC-0972-4261-99B3-226B15F00B33,2026-09-15 17:20:43.330,
048ECBF3-30C4-44E6-AE01-D3E1A803F373,C34330,20260915,OT1_5,0,2,70FC22FC-0972-4261-99B3-226B15F00B33,2026-09-16 09:59:30.493,
6BBF2A4B-2713-4EC8-A492-F5B2B5F64E9B,C34332,20260914,OT1_5,0,2,70FC22FC-0972-4261-99B3-226B15F00B33,2026-09-15 17:21:06.293,
A959F287-2795-4FEE-8977-6ECDB648BDFC,C34332,20260915,OT1_5,0,2,70FC22FC-0972-4261-99B3-226B15F00B33,2026-09-16 09:59:40.990,
8DA8D4B7-CA13-486A-BD4F-E0B74347428F,C34333,20260914,OT1_5,0,2,70FC22FC-0972-4261-99B3-226B15F00B33,2026-09-15 17:20:40.113,
C67A8504-53DE-4731-9EE9-1F85A896A3BD,C34339,20260915,OT1_5,0,2,70FC22FC-0972-4261-99B3-226B15F00B33,2026-09-16 10:01:49.920,
27FD397A-0812-4D72-84C2-9A3476DFA2E6,C34340,20260914,OT1_5,0,2,70FC22FC-0972-4261-99B3-226B15F00B33,2026-09-15 17:23:14.147,
9363B8D2-9225-4CC0-8AE9-959ADE77EC92,C34341,20260914,OT1_5,0,2,70FC22FC-0972-4261-99B3-226B15F00B33,2026-09-15 17:20:55.190,
FB036D0D-516C-4320-85CE-1ED3AC1B2FBF,C34341,20260915,OT1_5,0,2,70FC22FC-0972-4261-99B3-226B15F00B33,2026-09-16 09:59:35.413,
602B1D6B-F80C-45C9-AA51-23D54370C6BA,C34342,20260914,OT1_5,0,2,70FC22FC-0972-4261-99B3-226B15F00B33,2026-09-15 17:23:08.940,
B3269C2D-CDC2-4B24-8C21-DD4EB6BF1D1D,C34342,20260915,OT1_5,0,2,70FC22FC-0972-4261-99B3-226B15F00B33,2026-09-16 10:01:44.557,
48E3E0B2-1979-47CE-BB76-B91B852C210E,C34344,20260914,OT1_5,0,2,70FC22FC-0972-4261-99B3-226B15F00B33,2026-09-15 17:20:41.190,
3C8EB30D-377E-4A8E-B922-71ADAA11F81D,C34344,20260915,OT1_5,0,2,70FC22FC-0972-4261-99B3-226B15F00B33,2026-09-16 09:59:29.573,
1E335469-64AD-42E9-A63A-887498E29468,C34346,20260914,OT1_5,0,2,70FC22FC-0972-4261-99B3-226B15F00B33,2026-09-15 17:20:53.810,
5CDEF932-BB94-4ED5-BAFF-EE31C5C737B0,C34346,20260915,OT1_5,0,2,70FC22FC-0972-4261-99B3-226B15F00B33,2026-09-16 09:59:36.617,
C8A35905-D408-4E48-BF87-5975D4BBBCD1,C34348,20260914,OT1_5,0,2,70FC22FC-0972-4261-99B3-226B15F00B33,2026-09-15 17:21:05.717,
6E69980F-1BEB-40D0-B1C4-09978FBDCE7E,C34348,20260915,OT1_5,0,2,70FC22FC-0972-4261-99B3-226B15F00B33,2026-09-16 09:59:39.270,
82881E38-2B99-4EE5-BE64-9442DFE81C43,C34349,20260914,OT1_5,0,2,70FC22FC-0972-4261-99B3-226B15F00B33,2026-09-15 17:23:05.393,
13228249-1E97-4647-BAF4-CE259560EE68,C34349,20260915,OT1_5,0,2,70FC22FC-0972-4261-99B3-226B15F00B33,2026-09-16 10:01:44.407,
81299C37-CA78-4743-91A6-D7AE9EEC64B0,C34350,20260914,OT1_5,0,2,70FC22FC-0972-4261-99B3-226B15F00B33,2026-09-15 17:23:12.830,
C6066485-6A20-48C7-A23C-55220FCB658E,C34350,20260915,OT1_5,0,2,70FC22FC-0972-4261-99B3-226B15F00B33,2026-09-16 10:01:55.320,
087C2774-B009-455D-8A4A-9E5730DE9811,C34354,20260914,OT1_5,0,2,70FC22FC-0972-4261-99B3-226B15F00B33,2026-09-15 17:20:52.333,
7A991D75-E865-4703-9280-7E22D4C758D6,C34354,20260915,OT1_5,0,2,70FC22FC-0972-4261-99B3-226B15F00B33,2026-09-16 09:59:34.103,
CE004BA7-48F7-4B51-9E9A-749482FE3924,C34355,20260915,OT1_5,0,2,70FC22FC-0972-4261-99B3-226B15F00B33,2026-09-16 09:59:33.330,
0967CE71-EFF8-4B76-83BA-006BF08C89A9,C34357,20260914,OT1_5,0,2,70FC22FC-0972-4261-99B3-226B15F00B33,2026-09-15 17:20:46.387,
59BA2E0B-EE7E-4924-BB9F-A25B72B8828E,C34357,20260915,OT1_5,0,2,70FC22FC-0972-4261-99B3-226B15F00B33,2026-09-16 09:59:34.697,
F7B94169-D96C-455F-8E59-64C925420CF7,C34360,20260914,OT1_5,0,2,70FC22FC-0972-4261-99B3-226B15F00B33,2026-09-15 17:20:07.007,
4E10F665-A649-4503-96EA-B1CB1FB1DFB7,C34360,20260915,OT1_5,0,2,70FC22FC-0972-4261-99B3-226B15F00B33,2026-09-16 09:58:23.067,
A5366CD9-9C3D-4A9C-940F-E83BDFD1179D,C34362,20260914,OT1_5,0,2,70FC22FC-0972-4261-99B3-226B15F00B33,2026-09-15 17:18:03.770,
411F7023-DC49-41B0-BD4C-CE42AEA3D214,C34362,20260915,OT1_5,0,2,70FC22FC-0972-4261-99B3-226B15F00B33,2026-09-16 09:56:56.797,
70B0D327-1654-4E31-9451-E7F81C93D9D6,C34363,20260914,OT1_5,0,2,70FC22FC-0972-4261-99B3-226B15F00B33,2026-09-15 17:18:04.070,
4FEAB86B-F006-4FF5-96A8-517863D155A2,C34363,20260915,OT1_5,0,2,70FC22FC-0972-4261-99B3-226B15F00B33,2026-09-16 09:56:55.940,
26D7CC69-3310-48C2-8837-0B31E7C586C9,C34364,20260914,OT1_5,0,2,70FC22FC-0972-4261-99B3-226B15F00B33,2026-09-15 17:18:09.010,
E02BDAEB-DC27-4A7B-A9BB-05886548A322,C34364,20260915,OT1_5,0,2,70FC22FC-0972-4261-99B3-226B15F00B33,2026-09-16 09:56:58.030,
5B925FDE-8B23-4772-BDBC-0FEEE185C65D,C34365,20260914,OT1_5,0,2,70FC22FC-0972-4261-99B3-226B15F00B33,2026-09-15 17:18:07.860,
ABB893AC-415F-49C3-8D1D-073289FC87CB,C34365,20260915,OT1_5,0,2,70FC22FC-0972-4261-99B3-226B15F00B33,2026-09-16 09:56:56.343,
F25D8120-217F-4914-9BED-55FBD0DE1F4F,C34366,20260914,OT1_5,0,2,70FC22FC-0972-4261-99B3-226B15F00B33,2026-09-15 17:18:07.003,
B97AD422-76BC-45BD-8ED9-DD69AC6B6F39,C34366,20260915,OT1_5,0,2,70FC22FC-0972-4261-99B3-226B15F00B33,2026-09-16 09:56:58.697,
AFEF8057-A053-470A-BA6C-59F84DBB9F4E,C34367,20260914,OT1_5,0,2,70FC22FC-0972-4261-99B3-226B15F00B33,2026-09-15 17:17:59.910,
502BCCCE-20B0-44A2-B8B4-DAC7474276DF,C34368,20260915,OT1_5,0,2,70FC22FC-0972-4261-99B3-226B15F00B33,2026-09-16 09:56:55.337,
21AF15AF-BC84-4685-8572-62B31B8182E6,C34369,20260914,OT1_5,0,2,70FC22FC-0972-4261-99B3-226B15F00B33,2026-09-15 17:18:12.283,
5D9B0202-2C87-4F7A-895F-247A2C421A31,C34369,20260915,OT1_5,0,2,70FC22FC-0972-4261-99B3-226B15F00B33,2026-09-16 09:56:58.950,
B6DE6F79-600D-4AC3-B125-6F7700A52C77,C34370,20260914,OT1_5,0,2,70FC22FC-0972-4261-99B3-226B15F00B33,2026-09-15 17:18:09.690,
FE17FB2E-4779-4AD9-A981-3BEC6AB5D93D,C34370,20260915,OT1_5,0,2,70FC22FC-0972-4261-99B3-226B15F00B33,2026-09-16 09:56:58.230,
34C31653-EFB5-4B55-86A9-186344E335BF,C34371,20260914,OT1_5,0,2,70FC22FC-0972-4261-99B3-226B15F00B33,2026-09-15 17:18:09.937,
AFD18C95-DEC4-42E5-A567-7A0B1FCCA988,C34371,20260915,OT1_5,0,2,70FC22FC-0972-4261-99B3-226B15F00B33,2026-09-16 09:56:58.197,
7876E2C7-D09D-4F23-AFC3-9E462904B2B1,C34372,20260914,OT1_5,0,2,70FC22FC-0972-4261-99B3-226B15F00B33,2026-09-15 17:18:08.963,
0B038787-35A2-492A-8C16-607ECFEDC667,C34372,20260915,OT1_5,0,2,70FC22FC-0972-4261-99B3-226B15F00B33,2026-09-16 09:56:57.923,
E874B555-C5C0-4312-AC1F-AA5E39932D91,C34373,20260914,OT1_5,0,2,70FC22FC-0972-4261-99B3-226B15F00B33,2026-09-15 17:18:06.240,
3509E545-E89C-4A05-8A49-2B96E2F52D31,C34373,20260915,OT1_5,0,2,70FC22FC-0972-4261-99B3-226B15F00B33,2026-09-16 09:56:57.463,
7BA66219-FB88-403D-9B04-5D4D12269C26,C34375,20260914,OT1_5,0,2,70FC22FC-0972-4261-99B3-226B15F00B33,2026-09-15 17:18:01.843,
0E4E672A-2321-4836-BAB8-8BC3C1507F66,C34375,20260915,OT1_5,0,2,70FC22FC-0972-4261-99B3-226B15F00B33,2026-09-16 09:56:55.067,
B64A8C25-F057-47EC-864F-3098EA1B0925,C34376,20260914,OT1_5,0,2,70FC22FC-0972-4261-99B3-226B15F00B33,2026-09-15 17:18:02.063,
E82A7EC5-4359-4A0F-88C1-1DFE1E39C14D,C34376,20260915,OT1_5,0,2,70FC22FC-0972-4261-99B3-226B15F00B33,2026-09-16 09:56:54.863,
B47C1CC7-1EA8-421E-9D66-B568CE0EBCF4,C34378,20260914,OT1_5,0,2,70FC22FC-0972-4261-99B3-226B15F00B33,2026-09-15 17:18:10.830,
31A7FB43-960D-4F3D-AD8E-29C8A2F8E0AE,C34378,20260915,OT1_5,0,2,70FC22FC-0972-4261-99B3-226B15F00B33,2026-09-16 09:56:58.253,
2D4DEFFE-D88B-4874-9DC5-168D333EF83F,C34379,20260914,OT1_5,0,2,70FC22FC-0972-4261-99B3-226B15F00B33,2026-09-15 17:18:11.213,
9698EACD-C683-4FE5-B8B1-637DE0A70AA3,C34379,20260915,OT1_5,0,2,70FC22FC-0972-4261-99B3-226B15F00B33,2026-09-16 09:56:58.473,
9BB255F8-22AA-4853-9AE3-27E612D55C27,C34385,20260914,OT1_5,0,2,70FC22FC-0972-4261-99B3-226B15F00B33,2026-09-15 17:18:08.950,
68993390-F37E-4899-B22D-D8628C67F455,C34385,20260915,OT1_5,0,2,70FC22FC-0972-4261-99B3-226B15F00B33,2026-09-16 09:56:56.747,
9143589A-41CD-4AD8-BFD7-9AE8591CCC19,C34387,20260914,OT1_5,0,2,70FC22FC-0972-4261-99B3-226B15F00B33,2026-09-15 17:18:03.930,
5D099D8D-5141-4ECD-968D-2D82B9CCE7F6,C34387,20260915,OT1_5,0,2,70FC22FC-0972-4261-99B3-226B15F00B33,2026-09-16 09:56:56.523,
4504344D-CDF5-425B-96F6-BB3E5B959092,C34389,20260914,OT1_5,0,2,70FC22FC-0972-4261-99B3-226B15F00B33,2026-09-15 17:18:12.580,
36E0551B-0193-44EF-81BC-DB4675AF43D0,C34389,20260915,OT1_5,0,2,70FC22FC-0972-4261-99B3-226B15F00B33,2026-09-16 09:56:58.337,
5B8A013B-E503-4972-9D16-0B0D376B0908,C34390,20260914,OT1_5,0,2,70FC22FC-0972-4261-99B3-226B15F00B33,2026-09-15 17:18:12.420,
79119100-06C5-4D5F-8CD8-7FEA73986EA7,C34390,20260915,OT1_5,0,2,70FC22FC-0972-4261-99B3-226B15F00B33,2026-09-16 09:56:58.980,
C1927F46-AFE5-4B24-B24B-B4A9779DC08A,C34392,20260914,OT1_5,0,2,70FC22FC-0972-4261-99B3-226B15F00B33,2026-09-15 17:18:12.100,
D944D57B-0C2D-4C3F-8748-99EF4719BCA7,C34392,20260915,OT1_5,0,2,70FC22FC-0972-4261-99B3-226B15F00B33,2026-09-16 09:56:58.463,
4264D807-8EED-4F02-A22F-1F9061F15729,C34393,20260915,OT1_5,0,2,70FC22FC-0972-4261-99B3-226B15F00B33,2026-09-16 09:56:56.940,
9B4A91E6-DCE4-46AD-9D9F-68592F680036,C34397,20260914,OT1_5,0,2,70FC22FC-0972-4261-99B3-226B15F00B33,2026-09-15 17:23:17.667,
EE90707A-C7B4-4D83-A5D8-F43CAE6B5048,C34397,20260915,OT1_5,0,2,70FC22FC-0972-4261-99B3-226B15F00B33,2026-09-16 10:01:56.220,
EFCAAD78-0DC8-42F5-88D5-9203F0EC2E0A,C34398,20260914,OT1_5,0,2,70FC22FC-0972-4261-99B3-226B15F00B33,2026-09-15 17:23:09.080,
C86616D6-5B27-47DA-8404-AE798B97DC41,C34398,20260915,OT1_5,0,2,70FC22FC-0972-4261-99B3-226B15F00B33,2026-09-16 10:01:45.543,
4E61AD0B-6A80-4BB5-8ED6-4B899A7BE357,C34399,20260914,OT1_5,0,2,70FC22FC-0972-4261-99B3-226B15F00B33,2026-09-15 17:23:04.453,
EC1CA14E-ABDC-401F-86DA-0DCBBA749F6E,C34399,20260915,OT1_5,0,2,70FC22FC-0972-4261-99B3-226B15F00B33,2026-09-16 10:01:43.940,
50241FF7-7F82-48AD-B55D-2B347B540FCE,C34401,20260914,OT1_5,0,2,70FC22FC-0972-4261-99B3-226B15F00B33,2026-09-15 17:23:08.513,
428653C3-9255-4297-A26A-3EDAC030C875,C34401,20260915,OT1_5,0,2,70FC22FC-0972-4261-99B3-226B15F00B33,2026-09-16 10:01:44.437,
877A8D76-AFDA-4C43-91D1-A3FF75837FE4,C34406,20260914,OT1_5,0,2,70FC22FC-0972-4261-99B3-226B15F00B33,2026-09-15 17:20:40.407,
5F0B6A5C-1C35-45DF-9479-C4D92C22F550,C34406,20260915,OT1_5,0,4,70FC22FC-0972-4261-99B3-226B15F00B33,2026-09-16 09:59:41.130,
303BC34E-2849-49CF-8771-B8580F8FF7C5,C34407,20260914,OT1_5,0,2,70FC22FC-0972-4261-99B3-226B15F00B33,2026-09-15 17:20:07.020,
EE0953A2-0192-434E-B82C-59D00CA48209,C34407,20260915,OT1_5,0,2,70FC22FC-0972-4261-99B3-226B15F00B33,2026-09-16 09:58:23.080,
E19DE25D-1B62-4AFA-BEDC-DCFB75BEE9EA,C34408,20260914,OT1_5,0,2,70FC22FC-0972-4261-99B3-226B15F00B33,2026-09-15 17:20:07.033,
607E98A2-3582-409D-A758-C8B705A0F981,C34408,20260915,OT1_5,0,2,70FC22FC-0972-4261-99B3-226B15F00B33,2026-09-16 09:58:23.097,
2A43F6D3-67B9-4828-891D-6D420A33E576,C34415,20260914,OT1_5,0,2,70FC22FC-0972-4261-99B3-226B15F00B33,2026-09-15 17:23:11.950,
4E558D75-954F-4DFC-929B-5D800551E525,C34419,20260914,OT1_5,0,2,70FC22FC-0972-4261-99B3-226B15F00B33,2026-09-15 17:21:02.637,
DD9C23ED-0AD8-4A1E-B16B-4AEE319018A7,C34419,20260915,OT1_5,0,2,70FC22FC-0972-4261-99B3-226B15F00B33,2026-09-16 09:59:39.983,
1DB5C3CE-E5A6-444B-B7D2-D2FA9C8799B1,C34420,20260914,OT1_5,0,2,70FC22FC-0972-4261-99B3-226B15F00B33,2026-09-15 17:23:09.587,
65C2F758-368C-493D-8CBD-DF6E1EC171D1,C34422,20260914,OT1_5,0,2,70FC22FC-0972-4261-99B3-226B15F00B33,2026-09-15 17:18:08.663,
F64B0FE8-5501-4F33-A8F5-1F023BE89682,C34422,20260915,OT1_5,0,2,70FC22FC-0972-4261-99B3-226B15F00B33,2026-09-16 09:56:57.907,
B6E40672-A57C-47AD-ADE2-1CB80B162ECA,C34423,20260914,OT1_5,0,2,70FC22FC-0972-4261-99B3-226B15F00B33,2026-09-15 17:18:00.170,
9B63DEDB-E973-49FC-B7C8-B204FE6924C9,C34429,20260914,OT1_5,0,2,70FC22FC-0972-4261-99B3-226B15F00B33,2026-09-15 17:18:10.533,
C049DE4D-BA61-4AFF-88E5-F0122D67DC6B,C34429,20260915,OT1_5,0,2,70FC22FC-0972-4261-99B3-226B15F00B33,2026-09-16 09:56:58.433,
6478CC06-5BA7-46F9-A99A-437E7CC70AA6,C34430,20260914,OT1_5,0,2,70FC22FC-0972-4261-99B3-226B15F00B33,2026-09-15 17:18:08.000,
2F1F31BF-B98A-4E08-BCF3-3F77845FA6A5,C34431,20260914,OT1_5,0,2,70FC22FC-0972-4261-99B3-226B15F00B33,2026-09-15 17:18:10.213,
276D5595-3DDB-4A98-9752-4A56D02FDF9B,C34431,20260915,OT1_5,0,2,70FC22FC-0972-4261-99B3-226B15F00B33,2026-09-16 09:56:58.240,
E58E4CE9-191E-4F2D-91E0-FE8A43B02D81,C34433,20260914,OT1_5,0,2,70FC22FC-0972-4261-99B3-226B15F00B33,2026-09-15 17:18:02.790,
A8393239-3F69-4C41-BBA4-1A7EBD7A2416,C34436,20260914,OT1_5,0,2,70FC22FC-0972-4261-99B3-226B15F00B33,2026-09-15 17:18:08.467,
255CDFB9-E805-4265-854F-F62CB0CB69F9,C34437,20260914,OT1_5,0,2,70FC22FC-0972-4261-99B3-226B15F00B33,2026-09-15 17:17:56.050,
C552015B-28B9-49B0-8BA2-BC781668B324,C34437,20260915,OT1_5,0,2,70FC22FC-0972-4261-99B3-226B15F00B33,2026-09-16 09:56:53.390,
95AA193C-7B97-4FBE-8305-D7C0B537CB9D,C34438,20260914,OT1_5,0,2,70FC22FC-0972-4261-99B3-226B15F00B33,2026-09-15 17:17:54.630,
AD4A05F3-BAD1-406E-BDE0-3AE63398241F,C34438,20260915,OT1_5,0,2,70FC22FC-0972-4261-99B3-226B15F00B33,2026-09-16 09:56:53.083,
447D7679-2E17-4F12-81CB-5694D4DA7E3E,C34439,20260914,OT1_5,0,2,70FC22FC-0972-4261-99B3-226B15F00B33,2026-09-15 17:18:11.500,
87A5DDC9-0242-4F03-AADE-A63E0FD691A8,C34439,20260915,OT1_5,0,2,70FC22FC-0972-4261-99B3-226B15F00B33,2026-09-16 09:56:58.810,
2B1224A2-79DC-4645-9C97-8DD8F0B0BCF8,C34440,20260914,OT1_5,0,2,70FC22FC-0972-4261-99B3-226B15F00B33,2026-09-15 17:18:03.743,
36D4F7CA-27D3-4A9D-BC65-F1D6BCB8FF5D,C34440,20260915,OT1_5,0,2,70FC22FC-0972-4261-99B3-226B15F00B33,2026-09-16 09:56:54.427,
BF36F2BA-6833-411B-92ED-575277C7F62B,C34441,20260914,OT1_5,0,2,70FC22FC-0972-4261-99B3-226B15F00B33,2026-09-15 17:17:58.377,
1C992B12-180E-49A0-B3C6-D6062E954FC8,C34441,20260915,OT1_5,0,2,70FC22FC-0972-4261-99B3-226B15F00B33,2026-09-16 09:56:54.560,
1B1E49E7-C443-449F-BE44-5427623B00E5,C34445,20260914,OT1_5,0,2,70FC22FC-0972-4261-99B3-226B15F00B33,2026-09-15 17:18:08.180,
0057FA56-9D59-4409-845B-B1F0C770F6F1,C34448,20260914,OT1_5,0,2,70FC22FC-0972-4261-99B3-226B15F00B33,2026-09-15 17:17:58.683,
D50DE8FA-282B-4A19-A329-E05BE52FA309,C34451,20260914,OT1_5,0,2,70FC22FC-0972-4261-99B3-226B15F00B33,2026-09-15 17:18:09.860,
A4840284-0445-4B10-80A2-B235CD98C279,C34453,20260914,OT1_5,0,2,70FC22FC-0972-4261-99B3-226B15F00B33,2026-09-15 17:18:04.370,
A5D0BAC0-2C06-4D8E-A13A-DB2903B96021,C34455,20260914,OT1_5,0,2,70FC22FC-0972-4261-99B3-226B15F00B33,2026-09-15 17:17:59.053,
AD02DD5D-210C-4A1A-905A-F3881EF4D5A9,C34455,20260915,OT1_5,0,2,70FC22FC-0972-4261-99B3-226B15F00B33,2026-09-16 09:56:52.973,
AA10AC34-06D6-4B1C-903E-89B60264AEAC,C34456,20260914,OT1_5,0,2,70FC22FC-0972-4261-99B3-226B15F00B33,2026-09-15 17:18:12.627,
F7FF41E1-00B1-4BC7-AB2B-469C205DF14A,C34459,20260914,OT1_5,0,2,70FC22FC-0972-4261-99B3-226B15F00B33,2026-09-15 17:18:08.697,
9C03BEB1-E0A3-4326-BF5B-C11E984B8C28,C34459,20260915,OT1_5,0,2,70FC22FC-0972-4261-99B3-226B15F00B33,2026-09-16 09:56:58.533,
96F4C31F-5BD5-46A5-9B5C-8DB926D6050D,C34460,20260914,OT1_5,0,2,70FC22FC-0972-4261-99B3-226B15F00B33,2026-09-15 17:18:05.377,
E8A086F0-CF30-47B9-BD7E-3A9D5A73C1B0,C34460,20260915,OT1_5,0,2,70FC22FC-0972-4261-99B3-226B15F00B33,2026-09-16 09:56:54.553,
7B15A10A-44A5-4B4F-B014-4E1C205BF137,C34461,20260914,OT1_5,0,2,70FC22FC-0972-4261-99B3-226B15F00B33,2026-09-15 17:17:59.653,
0A3D16F5-1BA1-449F-9B0A-08C222F60597,C34471,20260914,OT1_5,0,2,70FC22FC-0972-4261-99B3-226B15F00B33,2026-09-15 17:17:54.997,
94143349-3BB9-4725-92C6-CF2A3D4B6D1F,C34471,20260915,OT1_5,0,2,70FC22FC-0972-4261-99B3-226B15F00B33,2026-09-16 09:56:53.560,
829F999F-0C0B-432A-B802-BF8ABD32F1C7,C34476,20260914,OT1_5,0,2,70FC22FC-0972-4261-99B3-226B15F00B33,2026-09-15 17:17:59.213,
F7828BA0-86B9-4CB3-871C-71AAAFDC9729,C34476,20260915,OT1_5,0,2,70FC22FC-0972-4261-99B3-226B15F00B33,2026-09-16 09:56:53.670,
F1D5143F-2BD1-468A-91D4-38AF1A149F8E,C34477,20260914,OT1_5,0,2,70FC22FC-0972-4261-99B3-226B15F00B33,2026-09-15 17:18:11.113,
695E6E2A-4A9B-4D54-BA3C-20BB09AC28E9,C34479,20260914,OT1_5,0,2,70FC22FC-0972-4261-99B3-226B15F00B33,2026-09-15 17:17:58.787,
C498D45A-60CE-4D94-8155-890883421F40,C34479,20260915,OT1_5,0,2,70FC22FC-0972-4261-99B3-226B15F00B33,2026-09-16 09:56:53.303,
53D48640-F189-402B-9072-A6B1BE0E29FA,C34484,20260914,OT1_5,0,2,70FC22FC-0972-4261-99B3-226B15F00B33,2026-09-15 17:17:58.867,
E3CCCF97-E3C4-45D4-8084-06F69B1EB3C3,C34484,20260915,OT1_5,0,2,70FC22FC-0972-4261-99B3-226B15F00B33,2026-09-16 09:56:53.760,
B4A10757-F89D-47C1-8F5C-C3069AD4E078,C34486,20260914,OT1_5,0,2,70FC22FC-0972-4261-99B3-226B15F00B33,2026-09-15 17:17:59.823,
7F548257-F0B3-4709-B018-A668A67C3AE9,C34487,20260914,OT1_5,0,2,70FC22FC-0972-4261-99B3-226B15F00B33,2026-09-15 17:17:55.310,
5D1D7BC6-E2D1-4538-84BE-010B94C972EF,C34489,20260914,OT1_5,0,2,70FC22FC-0972-4261-99B3-226B15F00B33,2026-09-15 17:18:06.823,
F7CD24D5-F635-46C7-8887-6C4DD50E2A32,C34489,20260915,OT1_5,0,2,70FC22FC-0972-4261-99B3-226B15F00B33,2026-09-16 09:56:57.483,
897ED19C-2FD8-4008-8DBA-C88F10E5B622,C34494,20260914,OT1_5,0,2,70FC22FC-0972-4261-99B3-226B15F00B33,2026-09-15 17:18:06.207,
8EB37957-EA00-4B62-9F57-E1192A6C23A1,C34499,20260914,OT1_5,0,2,70FC22FC-0972-4261-99B3-226B15F00B33,2026-09-15 17:20:53.397,
2E360199-4466-4E1F-A75D-2923373A2300,C34499,20260915,OT1_5,0,2,70FC22FC-0972-4261-99B3-226B15F00B33,2026-09-16 09:59:37.270,
A0773F19-0F9B-4307-AF72-CCA7A7BACD5B,C34500,20260914,OT1_5,0,2,70FC22FC-0972-4261-99B3-226B15F00B33,2026-09-15 17:21:05.837,
58BF99D7-41B7-4D76-99A3-A6157F2CC13A,C34501,20260914,OT1_5,0,2,70FC22FC-0972-4261-99B3-226B15F00B33,2026-09-15 17:20:40.510,
76FE9136-7E2A-40FB-A9A8-74E4177D5239,C34501,20260915,OT1_5,0,2,70FC22FC-0972-4261-99B3-226B15F00B33,2026-09-16 09:59:28.717,
AA2FE874-6619-42C3-A612-920F7C8028AF,C34502,20260914,OT1_5,0,2,70FC22FC-0972-4261-99B3-226B15F00B33,2026-09-15 17:20:55.327,
56163F74-8598-4941-9517-75F998788EBF,C34502,20260915,OT1_5,0,2,70FC22FC-0972-4261-99B3-226B15F00B33,2026-09-16 09:59:37.290,
22A6E1F4-8E74-4498-AF3F-4E23E0B01287,C34503,20260914,OT1_5,0,2,70FC22FC-0972-4261-99B3-226B15F00B33,2026-09-15 17:20:47.270,
F3847B45-35D6-4E0C-B43D-8207C5313108,C34503,20260915,OT1_5,0,2,70FC22FC-0972-4261-99B3-226B15F00B33,2026-09-16 09:59:33.513,
5685EA45-6AC7-4805-9958-DC7EB5CA7455,C34504,20260914,OT1_5,0,2,70FC22FC-0972-4261-99B3-226B15F00B33,2026-09-15 17:20:45.450,
E0320A08-632F-4DF4-B837-13F413CE9F6F,C34504,20260915,OT1_5,0,2,70FC22FC-0972-4261-99B3-226B15F00B33,2026-09-16 09:59:31.590,
28D272F4-FA19-43EE-BBC9-0A96589DE05A,C34505,20260914,OT1_5,0,2,70FC22FC-0972-4261-99B3-226B15F00B33,2026-09-15 17:20:42.787,
3AA3786B-D350-4A89-A88A-7D2E803693F5,C34505,20260915,OT1_5,0,2,70FC22FC-0972-4261-99B3-226B15F00B33,2026-09-16 09:59:29.983,
58E83C6D-9049-4864-B126-362F244E9B19,C34506,20260914,OT1_5,0,2,70FC22FC-0972-4261-99B3-226B15F00B33,2026-09-15 17:20:42.587,
03991576-C1C4-430E-8C37-FB361DB3A7FA,C34506,20260915,OT1_5,0,2,70FC22FC-0972-4261-99B3-226B15F00B33,2026-09-16 09:59:29.633,
A76070B3-A205-49F4-8C06-5AA4FB39EA41,C34507,20260914,OT1_5,0,2,70FC22FC-0972-4261-99B3-226B15F00B33,2026-09-15 17:18:00.207,
4AD5D10A-D9E4-4D29-9871-87DFF5F73252,C34508,20260914,OT1_5,0,2,70FC22FC-0972-4261-99B3-226B15F00B33,2026-09-15 17:18:06.170,
29DF37F9-21AF-48AD-AC0A-93DAD460350C,C34509,20260914,OT1_5,0,2,70FC22FC-0972-4261-99B3-226B15F00B33,2026-09-15 17:18:05.927,
B7321CDD-7729-4F51-9803-A6359E11C726,C34509,20260915,OT1_5,0,2,70FC22FC-0972-4261-99B3-226B15F00B33,2026-09-16 09:56:54.720,
0459CE29-C7E8-4035-99A2-1F146C1190D4,C34510,20260914,OT1_5,0,2,70FC22FC-0972-4261-99B3-226B15F00B33,2026-09-15 17:18:09.390,
B7D6CB14-F49D-4C5E-9C09-90CF75B90BD4,C34511,20260914,OT1_5,0,2,70FC22FC-0972-4261-99B3-226B15F00B33,2026-09-15 17:17:59.170,
AF6248BB-76BD-44F7-8108-107185317242,C34512,20260914,OT1_5,0,2,70FC22FC-0972-4261-99B3-226B15F00B33,2026-09-15 17:23:12.863,
66E63676-B5E0-4F2F-89D1-93609822B7E5,C34512,20260915,OT1_5,0,2,70FC22FC-0972-4261-99B3-226B15F00B33,2026-09-16 10:01:52.090,
399E10C2-8DDF-43FC-8CA6-D97CBDEC12AE,C34518,20260914,OT1_5,0,2,70FC22FC-0972-4261-99B3-226B15F00B33,2026-09-15 17:17:58.073,
150370AD-1803-421F-94E7-86EA672CC58E,C34520,20260915,OT1_5,0,2,70FC22FC-0972-4261-99B3-226B15F00B33,2026-09-16 09:56:54.977,
BC936357-E512-4314-BE50-8B9545707FCE,C34526,20260914,OT1_5,0,2,70FC22FC-0972-4261-99B3-226B15F00B33,2026-09-15 17:17:56.007,
C753A3A1-F623-4056-B1F4-6B15D3F10B65,C34526,20260915,OT1_5,0,2,70FC22FC-0972-4261-99B3-226B15F00B33,2026-09-16 09:56:53.177,
6CB01F19-45D0-444D-BE0D-F03EBE65A17A,C34528,20260914,OT1_5,0,2,70FC22FC-0972-4261-99B3-226B15F00B33,2026-09-15 17:20:49.567,
07A9F487-1200-4FCE-9CC4-8D938937E93E,C34528,20260915,OT1_5,0,2,70FC22FC-0972-4261-99B3-226B15F00B33,2026-09-16 09:59:32.580,
098E6AFA-93CF-4641-B15F-43EBE5CDBC57,C34529,20260914,OT1_5,0,2,70FC22FC-0972-4261-99B3-226B15F00B33,2026-09-15 17:20:47.673,
D32F4859-0A05-4C41-B066-D2D80ED387F5,C34529,20260915,OT1_5,0,2,70FC22FC-0972-4261-99B3-226B15F00B33,2026-09-16 09:59:32.667,
474C4BE0-3B9E-40F1-A4F4-29965608E300,C34530,20260914,OT1_5,0,2,70FC22FC-0972-4261-99B3-226B15F00B33,2026-09-15 17:20:48.640,
23F3BBFA-BA2F-43F2-969D-56C72B32FBAB,C34530,20260915,OT1_5,0,2,70FC22FC-0972-4261-99B3-226B15F00B33,2026-09-16 09:59:31.767,
629D02BC-0C10-48BE-9EF7-1932383FDB89,C34531,20260914,OT1_5,0,2,70FC22FC-0972-4261-99B3-226B15F00B33,2026-09-15 17:21:35.280,
B3CFD0E3-A34D-446B-9A68-B37D339565EB,C34531,20260915,OT1_5,0,2,70FC22FC-0972-4261-99B3-226B15F00B33,2026-09-16 10:00:13.470,
84684B14-897B-457C-AD0F-FB482ACE636D,C34532,20260914,OT1_5,0,2,70FC22FC-0972-4261-99B3-226B15F00B33,2026-09-15 17:21:35.267,
F4CF6D44-DC7B-404B-BC29-72A4C179D673,C34532,20260915,OT1_5,0,2,70FC22FC-0972-4261-99B3-226B15F00B33,2026-09-16 10:00:13.503,
229E9515-1290-479F-B5AF-238EB6BE8480,C34534,20260914,OT1_5,0,2,70FC22FC-0972-4261-99B3-226B15F00B33,2026-09-15 17:20:44.897,
203CAA4B-BD0C-4C0A-A186-D32C71B67AB9,C34534,20260915,OT1_5,0,2,70FC22FC-0972-4261-99B3-226B15F00B33,2026-09-16 09:59:31.737,
D87F00EF-0263-4E7F-885A-1076876200CE,C34536,20260914,OT1_5,0,2,70FC22FC-0972-4261-99B3-226B15F00B33,2026-09-15 17:20:49.830,
CB18809D-92B6-42E8-A54C-2E69BD8EC74F,C34536,20260915,OT1_5,0,2,70FC22FC-0972-4261-99B3-226B15F00B33,2026-09-16 09:59:32.700,
EDB1724B-88F3-4D24-BF4D-EF472931D605,C34538,20260914,OT1_5,0,2,70FC22FC-0972-4261-99B3-226B15F00B33,2026-09-15 17:20:40.670,
998CC534-8E2D-42C2-B0A5-84A57FB4BF86,C34538,20260915,OT1_5,0,2,70FC22FC-0972-4261-99B3-226B15F00B33,2026-09-16 09:59:29.537,
7A3C856D-1AA0-40F2-9DAF-73005B0C737A,C34541,20260914,OT1_5,0,2,70FC22FC-0972-4261-99B3-226B15F00B33,2026-09-15 17:18:11.100,
4BABF00D-8215-4F0D-B867-8E0944E00B4C,C34542,20260914,OT1_5,0,2,70FC22FC-0972-4261-99B3-226B15F00B33,2026-09-15 17:23:58.480,
C17B0E05-2505-4DDA-A176-84A3A662D953,C34542,20260915,OT1_5,0,2,70FC22FC-0972-4261-99B3-226B15F00B33,2026-09-16 10:02:22.030,
F5DFB15A-7479-49B8-9490-145095C237E4,C34548,20260914,OT1_5,0,2,70FC22FC-0972-4261-99B3-226B15F00B33,2026-09-15 17:20:48.570,
BE4DC167-7771-4532-8180-68725CC269A3,C34548,20260915,OT1_5,0,2,70FC22FC-0972-4261-99B3-226B15F00B33,2026-09-16 09:59:31.533,
B9879B01-F2B2-4861-82BC-CD88D2BA92A3,C34549,20260914,OT1_5,0,2,70FC22FC-0972-4261-99B3-226B15F00B33,2026-09-15 17:20:55.347,
11A6D8D4-AB23-4913-99B6-44D28B0C25A8,C34549,20260915,OT1_5,0,2,70FC22FC-0972-4261-99B3-226B15F00B33,2026-09-16 09:59:37.303,
730D3CE0-42FC-49DD-A69A-BBECD9E316A3,C34550,20260914,OT1_5,0,2,70FC22FC-0972-4261-99B3-226B15F00B33,2026-09-15 17:20:49.303,
2611C21F-6211-41FD-B4F2-BEBA254D5002,C34550,20260915,OT1_5,0,2,70FC22FC-0972-4261-99B3-226B15F00B33,2026-09-16 09:59:36.603,
BA06FF1F-2297-40D4-A723-2911C880849F,C34552,20260914,OT1_5,0,2,70FC22FC-0972-4261-99B3-226B15F00B33,2026-09-15 17:21:02.760,
8BCFFA06-097D-4C88-B056-DA0F26E683A4,C34552,20260915,OT1_5,0,2,70FC22FC-0972-4261-99B3-226B15F00B33,2026-09-16 09:59:38.083,
CF4C5E95-CBE8-4D44-9296-91A35FB25999,C34554,20260914,OT1_5,0,2,70FC22FC-0972-4261-99B3-226B15F00B33,2026-09-15 17:20:50.160,
1EB91D75-71DD-4873-911D-FB492136F402,C34554,20260915,OT1_5,0,2,70FC22FC-0972-4261-99B3-226B15F00B33,2026-09-16 09:59:34.403,
599C06B6-8A8F-49BA-AAD6-0B356DB55564,C34556,20260914,OT1_5,0,2,70FC22FC-0972-4261-99B3-226B15F00B33,2026-09-15 17:20:59.187,
AE62224A-3437-417D-BE03-F3C96ADC3F73,C34562,20260914,OT1_5,0,2,70FC22FC-0972-4261-99B3-226B15F00B33,2026-09-15 17:18:06.937,
E1779E59-12C3-4C69-9F55-55014CD76E54,C34562,20260915,OT1_5,0,2,70FC22FC-0972-4261-99B3-226B15F00B33,2026-09-16 09:56:57.337,
A5C9F4DE-3030-4F39-8CC1-4EC6220B279A,C34564,20260914,OT1_5,0,2,70FC22FC-0972-4261-99B3-226B15F00B33,2026-09-15 17:17:57.750,
ECC6A7E6-79CE-4C2D-BE0D-FB40D8D74DDA,C34564,20260915,OT1_5,0,2,70FC22FC-0972-4261-99B3-226B15F00B33,2026-09-16 09:56:53.250,
7116A168-1C67-48F2-AB8D-23559D7A3D6B,C34568,20260914,OT1_5,0,2,70FC22FC-0972-4261-99B3-226B15F00B33,2026-09-15 17:23:17.223,
41B406CE-2A16-4DF3-972F-370C5A02F4F5,C34568,20260915,OT1_5,0,2,70FC22FC-0972-4261-99B3-226B15F00B33,2026-09-16 10:01:55.690,
39915179-7D3C-41A3-866C-D3197C6A3803,C34569,20260914,OT1_5,0,2,70FC22FC-0972-4261-99B3-226B15F00B33,2026-09-15 17:23:18.300,
A65CBBF6-671E-45BF-93B5-74F20CD19F94,C34569,20260915,OT1_5,0,2,70FC22FC-0972-4261-99B3-226B15F00B33,2026-09-16 10:01:56.890,
7E19A3E3-DA21-48C6-8D23-C69E171FD568,C34570,20260914,OT1_5,0,2,70FC22FC-0972-4261-99B3-226B15F00B33,2026-09-15 17:23:17.207,
916B5B2D-4478-41D2-81B5-96DA9B8E0674,C34570,20260915,OT1_5,0,2,70FC22FC-0972-4261-99B3-226B15F00B33,2026-09-16 10:01:56.210,
83BF7CD9-3BB4-49E6-9DE9-806099718D1E,C34572,20260914,OT1_5,0,2,70FC22FC-0972-4261-99B3-226B15F00B33,2026-09-15 17:23:17.190,
6E4FCA48-6DC5-40BC-932C-C7DD63CF1667,C34572,20260915,OT1_5,0,2,70FC22FC-0972-4261-99B3-226B15F00B33,2026-09-16 10:01:56.387,
2FAB6E95-9BD6-422A-A48D-3AA3CF602F92,C34581,20260915,OT1_5,0,2,70FC22FC-0972-4261-99B3-226B15F00B33,2026-09-16 10:01:53.070,
215341FB-3157-4124-9C15-0B81148FE4F3,C34582,20260915,OT1_5,0,2,70FC22FC-0972-4261-99B3-226B15F00B33,2026-09-16 10:01:56.250,
4B4458D2-EEB7-421D-9226-1ACD5CB7E44C,C34583,20260914,OT1_5,0,2,70FC22FC-0972-4261-99B3-226B15F00B33,2026-09-15 17:23:05.900,
F7CC09D8-69D7-42B1-BCEE-5777DA296908,C34583,20260915,OT1_5,0,2,70FC22FC-0972-4261-99B3-226B15F00B33,2026-09-16 10:01:50.970,
A286C39F-E346-4250-B6B1-282CC1FBE73C,C34584,20260914,OT1_5,0,2,70FC22FC-0972-4261-99B3-226B15F00B33,2026-09-15 17:23:04.440,
9C2516B0-5EBD-4B5C-8416-F43397EE6DF5,C34586,20260915,OT1_5,0,2,70FC22FC-0972-4261-99B3-226B15F00B33,2026-09-16 10:01:54.850,
159A3AD8-D06C-43C2-9925-D4E592EB493A,C34587,20260914,OT1_5,0,2,70FC22FC-0972-4261-99B3-226B15F00B33,2026-09-15 17:23:10.130,
6F862663-3DF2-4358-A039-97D4EE017848,C34587,20260915,OT1_5,0,2,70FC22FC-0972-4261-99B3-226B15F00B33,2026-09-16 10:01:52.957,
E3953C4A-84EC-4533-86FA-1B7673D7456F,C34588,20260914,OT1_5,0,2,70FC22FC-0972-4261-99B3-226B15F00B33,2026-09-15 17:23:15.173,
77DBCFAE-7FF1-4400-850B-55A34CC02122,C34588,20260915,OT1_5,0,2,70FC22FC-0972-4261-99B3-226B15F00B33,2026-09-16 10:01:52.823,
99FB9014-490C-4C31-A7A0-4B1F6810CCC3,C34590,20260914,OT1_5,0,2,70FC22FC-0972-4261-99B3-226B15F00B33,2026-09-15 17:23:08.193,
DC725028-7E20-484C-B6FC-95A14B67B931,C34593,20260914,OT1_5,0,1,70FC22FC-0972-4261-99B3-226B15F00B33,2026-09-15 17:17:55.343,
F3CF55D6-800C-466E-B3AA-5E05E07D795E,C34593,20260915,OT1_5,0,2,70FC22FC-0972-4261-99B3-226B15F00B33,2026-09-16 09:56:53.240,
467CB30F-1546-4B39-B2BB-E091242BE11C,C34594,20260914,OT1_5,0,2,70FC22FC-0972-4261-99B3-226B15F00B33,2026-09-15 17:18:02.937,
7F5091DE-1033-4AE0-B17C-D6F80F9F9C5F,C34596,20260914,OT1_5,0,2,70FC22FC-0972-4261-99B3-226B15F00B33,2026-09-15 17:17:53.863,
F2659DAD-238D-47B8-A80E-4EDCE8AEA655,C34596,20260915,OT1_5,0,1,70FC22FC-0972-4261-99B3-226B15F00B33,2026-09-16 09:56:52.570,
F56E61B2-BA59-4B35-A60B-4A32572AD578,C34598,20260914,OT1_5,0,2,70FC22FC-0972-4261-99B3-226B15F00B33,2026-09-15 17:18:07.693,
CC39B839-A5AC-4B68-901F-D9B07F9D380C,C34598,20260915,OT1_5,0,2,70FC22FC-0972-4261-99B3-226B15F00B33,2026-09-16 09:56:56.293,
E457AC2B-F6F2-454C-B6D1-201BF7C0B638,C34600,20260914,OT1_5,0,2,70FC22FC-0972-4261-99B3-226B15F00B33,2026-09-15 17:18:00.863,
9285DCF9-1F5B-442E-9CE1-5B20C395D6D5,C34600,20260915,OT1_5,0,2,70FC22FC-0972-4261-99B3-226B15F00B33,2026-09-16 09:56:54.077,
80FDEC27-0458-4A22-B67F-CCBF39A79517,C34605,20260914,OT1_5,0,2,70FC22FC-0972-4261-99B3-226B15F00B33,2026-09-15 17:18:01.920,
1B7F0054-FD3D-4FDC-844F-2440D9BE8909,C34606,20260915,OT1_5,0,2,70FC22FC-0972-4261-99B3-226B15F00B33,2026-09-16 09:56:54.160,
E8E33E99-F74A-4B90-90B1-DC7032FDAB8E,C34610,20260914,OT1_5,0,2,70FC22FC-0972-4261-99B3-226B15F00B33,2026-09-15 17:18:07.127,
D87A9C91-5E9D-452C-9F16-45A81A7CF433,C34610,20260915,OT1_5,0,2,70FC22FC-0972-4261-99B3-226B15F00B33,2026-09-16 09:56:56.830,
D23B605D-F3DE-4D5C-A283-89C0A5D7C1D0,C34613,20260914,OT1_5,0,2,70FC22FC-0972-4261-99B3-226B15F00B33,2026-09-15 17:18:10.050,
5BF42EF9-5670-447F-BFF1-BDFE7F29658B,C34613,20260915,OT1_5,0,2,70FC22FC-0972-4261-99B3-226B15F00B33,2026-09-16 09:56:54.657,
976E4BDA-6DA3-4086-B295-AA178AEC6CE6,C34614,20260914,OT1_5,0,2,70FC22FC-0972-4261-99B3-226B15F00B33,2026-09-15 17:17:55.997,
4DE38F67-E84A-4CE5-A3E3-AB7757F94BDE,C34615,20260914,OT1_5,0,2,70FC22FC-0972-4261-99B3-226B15F00B33,2026-09-15 17:18:07.550,
56FCBBC5-01A6-475B-BE99-9EB8DB37031C,C34615,20260915,OT1_5,0,2,70FC22FC-0972-4261-99B3-226B15F00B33,2026-09-16 09:56:56.650,
C2E8EFBF-7C81-4CEE-BBFA-982CE6C215B9,C34617,20260914,OT1_5,0,2,70FC22FC-0972-4261-99B3-226B15F00B33,2026-09-15 17:18:12.033,
85591323-D39F-40C1-B6C0-7B200DDBE7C1,C34618,20260914,OT1_5,0,2,70FC22FC-0972-4261-99B3-226B15F00B33,2026-09-15 17:18:10.347,
95901AD0-3ACC-442D-9DCC-06C8207A894F,C34618,20260915,OT1_5,0,2,70FC22FC-0972-4261-99B3-226B15F00B33,2026-09-16 09:56:58.090,
1171228A-5389-4898-B2AA-10D01A282007,C34619,20260914,OT1_5,0,2,70FC22FC-0972-4261-99B3-226B15F00B33,2026-09-15 17:17:56.613,
C847ECDF-C244-4B3E-A1D1-56A8F6A9ABF6,C34620,20260914,OT1_5,0,2,70FC22FC-0972-4261-99B3-226B15F00B33,2026-09-15 17:18:09.113,
2B978C01-4C56-4375-B988-7F65EDDD4215,C34621,20260914,OT1_5,0,2,70FC22FC-0972-4261-99B3-226B15F00B33,2026-09-15 17:18:04.190,
2C2E13E8-6583-4B84-A1CE-E1CE8D59EE85,C34621,20260915,OT1_5,0,2,70FC22FC-0972-4261-99B3-226B15F00B33,2026-09-16 09:56:57.930,
A78C2B0B-31A0-4B7E-95E5-F5DFAF3BF154,C34622,20260914,OT1_5,0,2,70FC22FC-0972-4261-99B3-226B15F00B33,2026-09-15 17:18:11.937,
6D0D9503-6622-457B-9A33-0922E090597F,C34623,20260914,OT1_5,0,2,70FC22FC-0972-4261-99B3-226B15F00B33,2026-09-15 17:18:08.057,
7C85F14B-BFF1-40CF-A80D-AF1A20F4E341,C34624,20260914,OT1_5,0,2,70FC22FC-0972-4261-99B3-226B15F00B33,2026-09-15 17:18:05.013,
721E3FFF-EF2F-42F7-B01D-297457331A9A,C34624,20260915,OT1_5,0,2,70FC22FC-0972-4261-99B3-226B15F00B33,2026-09-16 09:56:53.490,
18E094E0-B9B6-4EFF-9328-5D5E7624BB91,C34625,20260914,OT1_5,0,3.5,70FC22FC-0972-4261-99B3-226B15F00B33,2026-09-15 17:18:57.480,
B43D60BA-A04D-42B8-9387-954B24308D5D,C34625,20260915,OT1_5,0,3.5,70FC22FC-0972-4261-99B3-226B15F00B33,2026-09-16 09:57:39.680,
E09FD8A6-1DCE-483B-86E6-A0022273C641,C34626,20260914,OT1_5,0,2,70FC22FC-0972-4261-99B3-226B15F00B33,2026-09-15 17:23:04.737,
54D7BD9B-B034-45EB-A6E8-2C74F8B2F95B,C34626,20260915,OT1_5,0,2,70FC22FC-0972-4261-99B3-226B15F00B33,2026-09-16 10:01:50.497,
0FA936CF-F692-4566-B04B-920883A42887,C34627,20260914,OT1_5,0,2,70FC22FC-0972-4261-99B3-226B15F00B33,2026-09-15 17:23:07.150,
B633EF33-3826-4D0E-B6B2-F3E4E91C30FC,C34627,20260915,OT1_5,0,2,70FC22FC-0972-4261-99B3-226B15F00B33,2026-09-16 10:01:53.523,
3DFD1EF4-C479-4584-B14B-A75D0F49504C,C34629,20260914,OT1_5,0,2,70FC22FC-0972-4261-99B3-226B15F00B33,2026-09-15 17:23:12.633,
3436DA02-AD7C-4FD7-9EDA-2860CFC9F8E1,C34629,20260915,OT1_5,0,2,70FC22FC-0972-4261-99B3-226B15F00B33,2026-09-16 10:01:49.720,
AA50A723-E17A-454E-90E7-92D3738D805C,C34630,20260914,OT1_5,0,2,70FC22FC-0972-4261-99B3-226B15F00B33,2026-09-15 17:21:01.240,
966DDD91-C53D-4229-B4DE-09FDCFF6141B,C34642,20260914,OT1_5,0,2,70FC22FC-0972-4261-99B3-226B15F00B33,2026-09-15 17:23:09.947,
18A01786-0409-4FCC-9CAB-5E88F3647B90,C34642,20260915,OT1_5,0,2,70FC22FC-0972-4261-99B3-226B15F00B33,2026-09-16 10:01:49.733,
7AC5AA4B-F3CB-412E-8F76-8EC35173F35C,C34643,20260914,OT1_5,0,2,70FC22FC-0972-4261-99B3-226B15F00B33,2026-09-15 17:23:09.533,
73BCC6E5-3658-42CA-A056-8A5D042921FE,C34643,20260915,OT1_5,0,2,70FC22FC-0972-4261-99B3-226B15F00B33,2026-09-16 10:01:44.667,
EFAA2AC1-9FF7-4179-938B-9E66D773400D,C34644,20260914,OT1_5,0,2,70FC22FC-0972-4261-99B3-226B15F00B33,2026-09-15 17:23:02.167,
CDA026D2-44DE-4874-AE2F-2FAB634150A3,C34644,20260915,OT1_5,0,2,70FC22FC-0972-4261-99B3-226B15F00B33,2026-09-16 10:01:44.993,
B0EB2542-1061-43A7-823F-0C966B38E017,C34647,20260914,OT1_5,0,2,70FC22FC-0972-4261-99B3-226B15F00B33,2026-09-15 17:23:02.063,
73130591-B451-46F6-B1BA-BA0500FEE757,C34647,20260915,OT1_5,0,2,70FC22FC-0972-4261-99B3-226B15F00B33,2026-09-16 10:01:48.520,
D1D99C73-FE82-4246-8F7C-085AFD95BBA4,C34650,20260914,OT1_5,0,2,70FC22FC-0972-4261-99B3-226B15F00B33,2026-09-15 17:23:10.880,
272C70F0-28F2-4303-BD70-C4BF674AD819,C34650,20260915,OT1_5,0,2,70FC22FC-0972-4261-99B3-226B15F00B33,2026-09-16 10:01:51.380,
B2BED484-DAA6-455B-A8D7-C61CDD724988,C34651,20260914,OT1_5,0,2,70FC22FC-0972-4261-99B3-226B15F00B33,2026-09-15 17:23:16.157,
8C8D4ACB-7396-4FBA-B32E-8CF7B10C6EC4,C34651,20260915,OT1_5,0,2,70FC22FC-0972-4261-99B3-226B15F00B33,2026-09-16 10:01:55.477,
17045559-C83E-4CF2-BD1A-21541CFCD0B2,C34653,20260914,OT1_5,0,2,70FC22FC-0972-4261-99B3-226B15F00B33,2026-09-15 17:20:53.313,
BDF64FC6-C994-4717-80A7-B5CA0D718453,C34655,20260914,OT1_5,0,2,70FC22FC-0972-4261-99B3-226B15F00B33,2026-09-15 17:20:49.020,
5687C050-EDBE-41B3-8FC8-71A9B9780A0C,C34655,20260915,OT1_5,0,2,70FC22FC-0972-4261-99B3-226B15F00B33,2026-09-16 09:59:37.507,
7E5B5877-6249-4B92-8262-2FB4AF7C2830,C34660,20260914,OT1_5,0,2,70FC22FC-0972-4261-99B3-226B15F00B33,2026-09-15 17:23:15.200,
F72B205C-BCFC-4254-9B55-7189781F7E0F,C34660,20260915,OT1_5,0,2,70FC22FC-0972-4261-99B3-226B15F00B33,2026-09-16 10:01:54.463,
13DAE381-4172-4A17-8FCC-5132965AA622,C34667,20260914,OT1_5,0,2,70FC22FC-0972-4261-99B3-226B15F00B33,2026-09-15 17:20:46.697,
18DA482E-F751-4EC5-89B6-A6AE5A030C4F,C34667,20260915,OT1_5,0,2,70FC22FC-0972-4261-99B3-226B15F00B33,2026-09-16 09:59:38.857,
AD73A6F4-3566-43DC-91B2-87F32ADAEC48,C34668,20260914,OT1_5,0,2,70FC22FC-0972-4261-99B3-226B15F00B33,2026-09-15 17:17:56.580,
10E1954C-11FC-4E0E-B29E-3C1986CB1999,C34669,20260914,OT1_5,0,2,70FC22FC-0972-4261-99B3-226B15F00B33,2026-09-15 17:18:04.207,
42A947F7-630B-4E9C-83A2-A2B478336007,C34669,20260915,OT1_5,0,2,70FC22FC-0972-4261-99B3-226B15F00B33,2026-09-16 09:56:55.160,
884F9A96-5ECB-43B5-908E-490E9E0DEDBD,C34672,20260914,OT1_5,0,2,70FC22FC-0972-4261-99B3-226B15F00B33,2026-09-15 17:17:59.707,
65290A0D-F71F-43DD-A2AF-68396F6ACD32,C34683,20260914,OT1_5,0,2,70FC22FC-0972-4261-99B3-226B15F00B33,2026-09-15 17:20:55.630,
07D81D81-4C9E-4948-ADCC-7AC486549A39,C34683,20260915,OT1_5,0,2,70FC22FC-0972-4261-99B3-226B15F00B33,2026-09-16 09:59:36.587,
8B48F870-231C-4BB0-9081-B4B7A83E28DF,C34689,20260914,OT1_5,0,2,70FC22FC-0972-4261-99B3-226B15F00B33,2026-09-15 17:23:13.587,
714CCD5D-5427-44EC-9C24-694A9D9BA418,C34689,20260915,OT1_5,0,2,70FC22FC-0972-4261-99B3-226B15F00B33,2026-09-16 10:01:53.957,
1D1F9F8D-1786-423D-A4D1-5A48CDE95EC3,C34694,20260914,OT1_5,0,2,70FC22FC-0972-4261-99B3-226B15F00B33,2026-09-15 17:23:10.833,
16D507B5-0061-4023-9B74-8B5E8FB06BAE,C34694,20260915,OT1_5,0,2,70FC22FC-0972-4261-99B3-226B15F00B33,2026-09-16 10:01:49.840,
B1358734-1BFF-4962-9205-C5DE8B658613,C34697,20260914,OT1_5,0,2,70FC22FC-0972-4261-99B3-226B15F00B33,2026-09-15 17:20:46.920,
407A3A2F-9828-4C9C-881E-FE4CF3B568C2,C34697,20260915,OT1_5,0,2,70FC22FC-0972-4261-99B3-226B15F00B33,2026-09-16 09:59:31.333,
53A046D8-AAC9-470F-86FF-77B7E9B5940D,C34698,20260914,OT1_5,0,2,70FC22FC-0972-4261-99B3-226B15F00B33,2026-09-15 17:20:45.030,
0C2FCC19-08D3-4D87-A7E0-0A5798AEAC4B,C34698,20260915,OT1_5,0,2,70FC22FC-0972-4261-99B3-226B15F00B33,2026-09-16 09:59:30.850,
1B0EB28F-DCA7-43A5-81EF-8742441E61BF,C34699,20260914,OT1_5,0,2,70FC22FC-0972-4261-99B3-226B15F00B33,2026-09-15 17:20:51.533,
4C819972-E408-4D8D-A2BE-D583DC45461A,C34699,20260915,OT1_5,0,2,70FC22FC-0972-4261-99B3-226B15F00B33,2026-09-16 09:59:39.010,
A2D41E9D-5829-4353-96D9-1393963242A3,C34700,20260914,OT1_5,0,2,70FC22FC-0972-4261-99B3-226B15F00B33,2026-09-15 17:18:10.890,
9A5C7D71-EE15-43B0-A77E-022D8D1231E2,C34700,20260915,OT1_5,0,2,70FC22FC-0972-4261-99B3-226B15F00B33,2026-09-16 09:56:57.997,
8D287278-5249-483C-BA9A-82CE28136E00,C34701,20260914,OT1_5,0,2,70FC22FC-0972-4261-99B3-226B15F00B33,2026-09-15 17:18:03.327,
8D672C5E-006D-490C-8943-A6B1F9D2DA60,C34701,20260915,OT1_5,0,2,70FC22FC-0972-4261-99B3-226B15F00B33,2026-09-16 09:56:55.560,
9EC9AD12-3FA3-4CB4-B6F2-2E9582C291C9,C34702,20260914,OT1_5,0,2,70FC22FC-0972-4261-99B3-226B15F00B33,2026-09-15 17:18:03.290,
83D357B8-8B6E-453C-85A7-EECCDFF0091E,C34702,20260915,OT1_5,0,2,70FC22FC-0972-4261-99B3-226B15F00B33,2026-09-16 09:56:53.993,
8671F47A-A186-49D6-A39B-E8C3E4B76FBB,C34703,20260914,OT1_5,0,2,70FC22FC-0972-4261-99B3-226B15F00B33,2026-09-15 17:18:12.893,
59F119D1-9E34-418F-8452-C35BCE0E7EFD,C34703,20260915,OT1_5,0,2,70FC22FC-0972-4261-99B3-226B15F00B33,2026-09-16 09:56:58.513,
CAACB3F6-EA05-408A-BA73-11134B54DB77,C34706,20260914,OT1_5,0,2,70FC22FC-0972-4261-99B3-226B15F00B33,2026-09-15 17:23:03.820,
8C757108-AE78-4E17-81DB-C3BBD3EC5D34,C34709,20260914,OT1_5,0,2,70FC22FC-0972-4261-99B3-226B15F00B33,2026-09-15 17:23:10.810,
B9262B0D-1E62-4FDA-AC06-24E35E722D5A,C34709,20260915,OT1_5,0,2,70FC22FC-0972-4261-99B3-226B15F00B33,2026-09-16 10:01:51.837,
585D2DE0-4BAC-4A40-8021-A3A6FDCFE80D,C34711,20260914,OT1_5,0,2,70FC22FC-0972-4261-99B3-226B15F00B33,2026-09-15 17:23:16.037,
A6DE0FA2-0216-4E98-A8E2-14EBC5BF5556,C34711,20260915,OT1_5,0,2,70FC22FC-0972-4261-99B3-226B15F00B33,2026-09-16 10:01:55.830,
2D55CB30-07FA-4C13-9F62-F8DAC6352085,C34712,20260914,OT1_5,0,2,70FC22FC-0972-4261-99B3-226B15F00B33,2026-09-15 17:23:02.890,
07777167-C3B1-4C14-A88B-5A9C5860BDBC,C34717,20260914,OT1_5,0,2,70FC22FC-0972-4261-99B3-226B15F00B33,2026-09-15 17:18:05.093,
5996B679-457E-4796-B0F9-9ED5844D26DA,C34719,20260914,OT1_5,0,2,70FC22FC-0972-4261-99B3-226B15F00B33,2026-09-15 17:18:05.507,
B22A025C-B821-4EDF-8DB2-6EA98558ABF4,C34719,20260915,OT1_5,0,2,70FC22FC-0972-4261-99B3-226B15F00B33,2026-09-16 09:56:56.847,
62AAB87C-5EB7-42FF-A12C-7EF583E451FB,C34723,20260914,OT1_5,0,2,70FC22FC-0972-4261-99B3-226B15F00B33,2026-09-15 17:18:00.990,
0A422797-4C66-4A4A-9A44-F5B6D5ED411F,C34724,20260914,OT1_5,0,2,70FC22FC-0972-4261-99B3-226B15F00B33,2026-09-15 17:20:52.130,
7880127B-2A6A-484E-AB2B-27194BD7225F,C34725,20260914,OT1_5,0,2,70FC22FC-0972-4261-99B3-226B15F00B33,2026-09-15 17:20:50.710,
AAFF3312-6541-44C5-93D1-8C4D06AC8B7F,C34727,20260914,OT1_5,0,2,70FC22FC-0972-4261-99B3-226B15F00B33,2026-09-15 17:21:02.380,
AE13D969-E63F-421F-99E9-D866749B50FA,C34727,20260915,OT1_5,0,2,70FC22FC-0972-4261-99B3-226B15F00B33,2026-09-16 09:59:40.230,
7618666E-D196-4D3D-AF71-7D749F7D9446,C34733,20260914,OT1_5,0,2,70FC22FC-0972-4261-99B3-226B15F00B33,2026-09-15 17:18:58.350,
5C10DB5B-8A5D-48F5-AF74-5842D0CEE3A8,C34733,20260915,OT1_5,0,2,70FC22FC-0972-4261-99B3-226B15F00B33,2026-09-16 09:57:40.050,
AB3C3FE5-EB25-45D1-9C5A-2B59BCAE5739,C34735,20260914,OT1_5,0,2,70FC22FC-0972-4261-99B3-226B15F00B33,2026-09-15 17:20:59.080,
9DEBE1C3-79E4-40ED-8517-2FB28865B0C3,C34735,20260915,OT1_5,0,2,70FC22FC-0972-4261-99B3-226B15F00B33,2026-09-16 09:59:34.373,
AD7F9C85-E23E-43CB-9D9E-A322F96EDA31,C34736,20260915,OT1_5,0,2,70FC22FC-0972-4261-99B3-226B15F00B33,2026-09-16 09:59:39.530,
8B94BF0A-C9A6-4E77-95E7-9CA378BBEC30,C34739,20260914,OT1_5,0,2,70FC22FC-0972-4261-99B3-226B15F00B33,2026-09-15 17:20:45.307,
6B39D3FE-856A-4034-9747-6BEDE7B7A873,C34739,20260915,OT1_5,0,2,70FC22FC-0972-4261-99B3-226B15F00B33,2026-09-16 09:59:30.523,
0400FD07-BD9C-4E3A-BE0E-F80BE98CF969,C34740,20260914,OT1_5,0,2,70FC22FC-0972-4261-99B3-226B15F00B33,2026-09-15 17:21:04.873,
AD885405-6800-4EE7-9C06-30574FCCAA89,C34740,20260915,OT1_5,0,2,70FC22FC-0972-4261-99B3-226B15F00B33,2026-09-16 09:59:32.967,
B89F8BE6-4EFD-4BED-BAB4-E82BCC84ABBD,C34741,20260915,OT1_5,0,2,70FC22FC-0972-4261-99B3-226B15F00B33,2026-09-16 09:59:31.043,
0827C79C-C8E6-468F-9BD6-0A77C52528D3,C34743,20260914,OT1_5,0,2,70FC22FC-0972-4261-99B3-226B15F00B33,2026-09-15 17:20:41.547,
4DDDAA9F-85E8-4EC8-815E-D6380D0DCDF0,C34743,20260915,OT1_5,0,2,70FC22FC-0972-4261-99B3-226B15F00B33,2026-09-16 09:59:29.347,
34CEB65C-E242-4056-BA4E-BB558BBC07C2,C34744,20260914,OT1_5,0,2,70FC22FC-0972-4261-99B3-226B15F00B33,2026-09-15 17:21:03.167,
F0C76805-0CD2-4D3E-9DBA-88F7A7D82462,C34744,20260915,OT1_5,0,2,70FC22FC-0972-4261-99B3-226B15F00B33,2026-09-16 09:59:40.507,
CD17A9A7-549A-4596-B0D7-46B5A885834A,C34745,20260914,OT1_5,0,2,70FC22FC-0972-4261-99B3-226B15F00B33,2026-09-15 17:21:00.350,
77C8F89C-74DA-405A-83E9-D74CCF5F954E,C34746,20260914,OT1_5,0,2,70FC22FC-0972-4261-99B3-226B15F00B33,2026-09-15 17:21:00.153,
75795C48-0D13-45AC-A9AA-BBBA7E8EBF7F,C34746,20260915,OT1_5,0,2,70FC22FC-0972-4261-99B3-226B15F00B33,2026-09-16 09:59:36.507,
E673960A-9816-4706-8CD3-B9AB10215B7D,C34748,20260915,OT1_5,0,2,70FC22FC-0972-4261-99B3-226B15F00B33,2026-09-16 09:59:36.487,
3F687DFE-D4DF-420E-8476-5DA5FBF5950A,C34751,20260914,OT1_5,0,2,70FC22FC-0972-4261-99B3-226B15F00B33,2026-09-15 17:23:13.930,
9DE94EBF-EC63-4A85-B254-FA2F46647AF3,C34751,20260915,OT1_5,0,2,70FC22FC-0972-4261-99B3-226B15F00B33,2026-09-16 10:01:53.650,
1459A071-DDA6-405A-BA45-63D362D502D5,C34753,20260914,OT1_5,0,2,70FC22FC-0972-4261-99B3-226B15F00B33,2026-09-15 17:20:48.247,
F40831C8-15A1-4CBA-A4C0-46E87921C1C1,C34753,20260915,OT1_5,0,2,70FC22FC-0972-4261-99B3-226B15F00B33,2026-09-16 09:59:33.213,
50D2645D-9392-45E1-B3F8-7C90478F8B2A,C34755,20260914,OT1_5,0,2,70FC22FC-0972-4261-99B3-226B15F00B33,2026-09-15 17:20:44.020,
7C2324E6-BCB5-4DCA-922A-4FEC71001042,C34755,20260915,OT1_5,0,2,70FC22FC-0972-4261-99B3-226B15F00B33,2026-09-16 09:59:30.670,
F8123681-FA08-4430-B083-96837577958C,C34756,20260914,OT1_5,0,2,70FC22FC-0972-4261-99B3-226B15F00B33,2026-09-15 17:18:58.257,
92133E11-16AD-4A8B-80D1-597B81E34C7E,C34756,20260915,OT1_5,0,2,70FC22FC-0972-4261-99B3-226B15F00B33,2026-09-16 09:57:40.353,
658DF8DA-B84B-4D20-9EF8-EC0530D36088,C34762,20260914,OT1_5,0,2,70FC22FC-0972-4261-99B3-226B15F00B33,2026-09-15 17:21:02.223,
BC27A7D1-388D-45D7-A9BF-7AF506E91AF9,C34762,20260915,OT1_5,0,2,70FC22FC-0972-4261-99B3-226B15F00B33,2026-09-16 09:59:40.390,
AD2FA2EE-609C-48F2-96C9-50FF0F921ADF,C34763,20260914,OT1_5,0,2,70FC22FC-0972-4261-99B3-226B15F00B33,2026-09-15 17:21:05.257,
A994DB41-EEF9-453F-9B9E-ED4FB5DEE975,C34763,20260915,OT1_5,0,2,70FC22FC-0972-4261-99B3-226B15F00B33,2026-09-16 09:59:40.020,
8C4C0111-89A4-43E1-87B9-A9CA35B67249,C34765,20260914,OT1_5,0,2,70FC22FC-0972-4261-99B3-226B15F00B33,2026-09-15 17:20:50.257,
241669EF-6420-4EF6-B6C6-2FB363B40E37,C34765,20260915,OT1_5,0,2,70FC22FC-0972-4261-99B3-226B15F00B33,2026-09-16 09:59:31.927,
C72D93AF-D40B-4337-A488-7FFB77F5C2B3,C34767,20260914,OT1_5,0,1,70FC22FC-0972-4261-99B3-226B15F00B33,2026-09-15 17:21:06.773,
04A82F0B-33E8-4D65-A86D-79FC1A856753,C34767,20260915,OT1_5,0,1,70FC22FC-0972-4261-99B3-226B15F00B33,2026-09-16 09:59:28.157,
16EA7100-2840-4621-B55F-F8A57FC373EF,C34770,20260914,OT1_5,0,2,70FC22FC-0972-4261-99B3-226B15F00B33,2026-09-15 17:17:54.960,
099B7116-DDBD-4792-B754-3775A85EE9CB,C34773,20260914,OT1_5,0,2,70FC22FC-0972-4261-99B3-226B15F00B33,2026-09-15 17:18:11.443,
C265AC91-46D6-4BEF-B807-8FC50AC2987F,C34774,20260914,OT1_5,0,2,70FC22FC-0972-4261-99B3-226B15F00B33,2026-09-15 17:18:09.927,
51A239E8-E1B2-4ED1-ADE1-01F6382D822F,C34775,20260914,OT1_5,0,2,70FC22FC-0972-4261-99B3-226B15F00B33,2026-09-15 17:17:54.940,
0E3C804B-48F1-48E7-B8A3-679990C89168,C34775,20260915,OT1_5,0,2,70FC22FC-0972-4261-99B3-226B15F00B33,2026-09-16 09:56:58.120,
1641DED8-C3CE-4FC3-9640-814E3D9B69C2,C34778,20260914,OT1_5,0,2,70FC22FC-0972-4261-99B3-226B15F00B33,2026-09-15 17:18:00.617,
298340C3-D83C-4AD6-9BBC-8E6DF063BC5B,C34780,20260914,OT1_5,0,2,70FC22FC-0972-4261-99B3-226B15F00B33,2026-09-15 17:18:11.380,
5E87DA7C-6799-436E-95A2-3FE66CC78FA6,C34782,20260914,OT1_5,0,2,70FC22FC-0972-4261-99B3-226B15F00B33,2026-09-15 17:18:06.943,
F5472D8A-2031-4E26-8013-E43A81EA8319,C34782,20260915,OT1_5,0,2,70FC22FC-0972-4261-99B3-226B15F00B33,2026-09-16 09:56:54.190,
AF39A707-7070-4111-A9B8-984E72BA10F6,C34785,20260914,OT1_5,0,2,70FC22FC-0972-4261-99B3-226B15F00B33,2026-09-15 17:18:05.660,
9FB99163-AF09-4031-9F85-5A7D2EC74D71,C34786,20260914,OT1_5,0,2,70FC22FC-0972-4261-99B3-226B15F00B33,2026-09-15 17:18:09.627,
A8E74AEE-65E9-4A60-8E79-2AD2B81932EB,C34786,20260915,OT1_5,0,2,70FC22FC-0972-4261-99B3-226B15F00B33,2026-09-16 09:56:57.560,
A0FB6864-2EF8-4AA7-81F7-A0BB5C713D87,C34789,20260914,OT1_5,0,2,70FC22FC-0972-4261-99B3-226B15F00B33,2026-09-15 17:18:02.490,
EE20C250-D4E6-4B60-A21F-530B6837EB29,C34789,20260915,OT1_5,0,2,70FC22FC-0972-4261-99B3-226B15F00B33,2026-09-16 09:56:57.207,
762F2AD1-4F21-4BF6-B092-CB1604D3323A,C34796,20260914,OT1_5,0,2,70FC22FC-0972-4261-99B3-226B15F00B33,2026-09-15 17:18:04.573,
656FA0E2-7664-49F6-B41F-8ED72A7CC034,C34797,20260914,OT1_5,0,2,70FC22FC-0972-4261-99B3-226B15F00B33,2026-09-15 17:18:05.907,
2A5E8058-B23B-4690-9D55-C2CAD1018407,C34798,20260914,OT1_5,0,2,70FC22FC-0972-4261-99B3-226B15F00B33,2026-09-15 17:18:04.703,
7464D796-DA54-4823-B4C7-6B5418B3D01C,C34803,20260914,OT1_5,0,2,70FC22FC-0972-4261-99B3-226B15F00B33,2026-09-15 17:23:01.467,
C95BE5DB-1A27-4063-BB8A-ACA1DA7CEE47,C34803,20260915,OT1_5,0,2,70FC22FC-0972-4261-99B3-226B15F00B33,2026-09-16 10:01:42.927,
90661426-44F8-4E73-9CE0-F4178696BD70,C34806,20260914,OT1_5,0,2,70FC22FC-0972-4261-99B3-226B15F00B33,2026-09-15 17:23:04.280,
1763B78F-A6C6-4EBA-B867-C8632060C33C,C34806,20260915,OT1_5,0,2,70FC22FC-0972-4261-99B3-226B15F00B33,2026-09-16 10:01:43.383,
C508C5F2-8F9B-4864-9EB0-59C8F98FBD85,C34808,20260914,OT1_5,0,2,70FC22FC-0972-4261-99B3-226B15F00B33,2026-09-15 17:23:07.820,
19806468-8CBF-43F1-AFC7-80EF1931766D,C34808,20260915,OT1_5,0,2,70FC22FC-0972-4261-99B3-226B15F00B33,2026-09-16 10:01:50.647,
C3159F4C-421C-4EC6-81B4-8A6B12C43054,C34809,20260914,OT1_5,0,2,70FC22FC-0972-4261-99B3-226B15F00B33,2026-09-15 17:23:08.180,
F0705BB2-84BD-4FFA-B479-168A3BD01CE7,C34809,20260915,OT1_5,0,2,70FC22FC-0972-4261-99B3-226B15F00B33,2026-09-16 10:01:52.303,
816AD4D2-12B2-40EC-9385-D7F52A964D9C,C34811,20260914,OT1_5,0,2,70FC22FC-0972-4261-99B3-226B15F00B33,2026-09-15 17:23:14.290,
99A59127-FB5F-4E80-8864-473F75B44F72,C34811,20260915,OT1_5,0,2,70FC22FC-0972-4261-99B3-226B15F00B33,2026-09-16 10:01:52.663,
3475FB66-B72A-40FD-8782-9E8BB4E6D65B,C34812,20260914,OT1_5,0,2,70FC22FC-0972-4261-99B3-226B15F00B33,2026-09-15 17:23:14.280,
EA8F212B-8D52-4AA1-9EF4-FE7B1A39F5B4,C34812,20260915,OT1_5,0,2,70FC22FC-0972-4261-99B3-226B15F00B33,2026-09-16 10:01:52.520,
851024AB-CFE0-4219-8936-4EBFE98BDA1A,C34813,20260914,OT1_5,0,2,70FC22FC-0972-4261-99B3-226B15F00B33,2026-09-15 17:23:17.813,
A3FDA73D-A76E-405C-9AC6-C414BF23B06C,C34813,20260915,OT1_5,0,2,70FC22FC-0972-4261-99B3-226B15F00B33,2026-09-16 10:01:56.460,
7FF5B2F8-98CA-480B-BE06-40C8F1C7340C,C34814,20260914,OT1_5,0,2,70FC22FC-0972-4261-99B3-226B15F00B33,2026-09-15 17:23:03.880,
141628D5-5698-4690-B13C-3679E676EB27,C34814,20260915,OT1_5,0,2,70FC22FC-0972-4261-99B3-226B15F00B33,2026-09-16 10:01:42.980,
8D89FF98-5F12-4B48-BFAE-2E93ED8FD9D7,C34815,20260914,OT1_5,0,2,70FC22FC-0972-4261-99B3-226B15F00B33,2026-09-15 17:23:01.753,
B25358C0-0D3B-4858-84F6-779A11CFEEE2,C34815,20260915,OT1_5,0,2,70FC22FC-0972-4261-99B3-226B15F00B33,2026-09-16 10:01:43.780,
5C8167CF-2CF8-4C1A-A140-D20D80F63E67,C34816,20260914,OT1_5,0,2,70FC22FC-0972-4261-99B3-226B15F00B33,2026-09-15 17:23:15.870,
691E8B5D-B752-4AFF-8ED3-C61E4BE575FA,C34816,20260915,OT1_5,0,2,70FC22FC-0972-4261-99B3-226B15F00B33,2026-09-16 10:01:54.330,
1869164B-FE00-45C2-9E1E-8049F8814C64,C34817,20260914,OT1_5,0,2,70FC22FC-0972-4261-99B3-226B15F00B33,2026-09-15 17:23:08.987,
4C9D1D4E-A36B-4DC0-92F6-671CED725094,C34817,20260915,OT1_5,0,2,70FC22FC-0972-4261-99B3-226B15F00B33,2026-09-16 10:01:45.927,
EB5D24A4-3F84-4D1F-87F6-41B42C1F0DFE,C34820,20260914,OT1_5,0,2,70FC22FC-0972-4261-99B3-226B15F00B33,2026-09-15 17:20:42.213,
E7EA6522-2A77-4D5D-8BA1-CDBC4CE56EC2,C34820,20260915,OT1_5,0,2,70FC22FC-0972-4261-99B3-226B15F00B33,2026-09-16 09:59:32.547,
11114C31-D9B9-49AF-A54E-F4EF2CF853BE,C34823,20260914,OT1_5,0,2,70FC22FC-0972-4261-99B3-226B15F00B33,2026-09-15 17:20:54.157,
914C41FE-A0E1-4437-9850-CE78ACE44F5A,C34824,20260914,OT1_5,0,2,70FC22FC-0972-4261-99B3-226B15F00B33,2026-09-15 17:23:11.963,
ED865420-29B1-44D9-AC92-D3FC4E873898,C34824,20260915,OT1_5,0,2,70FC22FC-0972-4261-99B3-226B15F00B33,2026-09-16 10:01:55.200,
4C849F5E-CB79-492F-8C39-969783EFBDD9,C34828,20260914,OT1_5,0,2,70FC22FC-0972-4261-99B3-226B15F00B33,2026-09-15 17:23:05.923,
05E2B39B-50A8-4D8F-A5F8-11CCF7D243D6,C34831,20260914,OT1_5,0,2,70FC22FC-0972-4261-99B3-226B15F00B33,2026-09-15 17:23:14.500,
F4D0571E-882E-4066-B4B2-864F3247CDEB,C34831,20260915,OT1_5,0,2,70FC22FC-0972-4261-99B3-226B15F00B33,2026-09-16 10:01:54.280,
778724FF-6289-4527-8A64-737908C389D8,C34833,20260914,OT1_5,0,2,70FC22FC-0972-4261-99B3-226B15F00B33,2026-09-15 17:20:45.200,
3427E2E5-6568-45E9-842E-57721DA6F61F,C34834,20260914,OT1_5,0,2,70FC22FC-0972-4261-99B3-226B15F00B33,2026-09-15 17:20:52.907,
8A3E98F7-E8F8-4E24-82FE-DD0360E3AF14,C34834,20260915,OT1_5,0,2,70FC22FC-0972-4261-99B3-226B15F00B33,2026-09-16 09:59:36.467,
CF40A7E9-852E-4534-BE27-84156559F55A,C34835,20260914,OT1_5,0,2,70FC22FC-0972-4261-99B3-226B15F00B33,2026-09-15 17:20:51.877,
C90971B6-683D-43D9-9498-EDA80595097D,C34837,20260914,OT1_5,0,2,70FC22FC-0972-4261-99B3-226B15F00B33,2026-09-15 17:20:53.467,
7FC98D59-FE34-426F-80A4-B1B803B51E0C,C34839,20260914,OT1_5,0,2,70FC22FC-0972-4261-99B3-226B15F00B33,2026-09-15 17:20:55.163,
37E5878B-5F01-42FF-8BEC-899F6D5E6F4C,C34839,20260915,OT1_5,0,2,70FC22FC-0972-4261-99B3-226B15F00B33,2026-09-16 09:59:34.560,
A811B658-903C-4C47-87BC-FA415913DB3A,C34840,20260914,OT1_5,0,2,70FC22FC-0972-4261-99B3-226B15F00B33,2026-09-15 17:20:59.750,
FFB4449A-1F50-41AB-BA48-47E2CC302F12,C34840,20260915,OT1_5,0,2,70FC22FC-0972-4261-99B3-226B15F00B33,2026-09-16 09:59:33.130,
D787E2F7-46F5-468D-806D-6899C77A9BDF,C34842,20260914,OT1_5,0,2,70FC22FC-0972-4261-99B3-226B15F00B33,2026-09-15 17:20:51.963,
957C2C0E-0998-49D0-81BE-9C5E598ED138,C34842,20260915,OT1_5,0,2,70FC22FC-0972-4261-99B3-226B15F00B33,2026-09-16 09:59:36.100,
9E93CAC8-05E9-4478-AA07-07B220CFFA7A,C34843,20260914,OT1_5,0,2,70FC22FC-0972-4261-99B3-226B15F00B33,2026-09-15 17:20:46.587,
B9F8A33D-E38A-4E04-B317-DA90886C269C,C34843,20260915,OT1_5,0,2,70FC22FC-0972-4261-99B3-226B15F00B33,2026-09-16 09:59:32.537,
6A49124A-3266-4659-8D2F-3C44AA4C7136,C34844,20260914,OT1_5,0,2,70FC22FC-0972-4261-99B3-226B15F00B33,2026-09-15 17:23:01.227,
F7C74985-2008-4C82-92E6-863032720EEA,C34844,20260915,OT1_5,0,1.5,70FC22FC-0972-4261-99B3-226B15F00B33,2026-09-16 10:01:57.057,
F67AEEF7-BB50-4F17-BC33-5F0C881744DE,C34846,20260914,OT1_5,0,2,70FC22FC-0972-4261-99B3-226B15F00B33,2026-09-15 17:23:11.180,
8FD539D4-33A5-4691-9693-D164FF01B7AD,C34846,20260915,OT1_5,0,2,70FC22FC-0972-4261-99B3-226B15F00B33,2026-09-16 10:01:53.320,
A01AF28B-1AD3-42F0-89C9-BCFD159784B8,C34847,20260914,OT1_5,0,2,70FC22FC-0972-4261-99B3-226B15F00B33,2026-09-15 17:23:03.737,
BD080714-17B9-401A-AFAD-216217C88DFC,C34847,20260915,OT1_5,0,2,70FC22FC-0972-4261-99B3-226B15F00B33,2026-09-16 10:01:44.093,
0E046AD9-314D-4149-AA02-E39842EE32B6,C34848,20260914,OT1_5,0,2,70FC22FC-0972-4261-99B3-226B15F00B33,2026-09-15 17:23:09.417,
6C5D21D7-0744-4150-9C8F-5B5FD2502532,C34848,20260915,OT1_5,0,2,70FC22FC-0972-4261-99B3-226B15F00B33,2026-09-16 10:01:44.570,
58BCFBA5-E542-4170-BB15-8AA7CEF2ADDF,C34849,20260914,OT1_5,0,2,70FC22FC-0972-4261-99B3-226B15F00B33,2026-09-15 17:23:03.707,
E8E4DE89-EDA6-4DB0-9865-AFD53771A229,C34849,20260915,OT1_5,0,2,70FC22FC-0972-4261-99B3-226B15F00B33,2026-09-16 10:01:44.123,
D28E35CF-46B6-4735-BCCA-A1EA84B91A37,C34852,20260914,OT1_5,0,2,70FC22FC-0972-4261-99B3-226B15F00B33,2026-09-15 17:20:52.790,
95C6DFF9-B280-4F5D-9B72-DDE0CAFA31CA,C34852,20260915,OT1_5,0,2,70FC22FC-0972-4261-99B3-226B15F00B33,2026-09-16 09:59:34.603,
164BD247-74AB-4F56-84B6-3650F200F158,C34854,20260914,OT1_5,0,2,70FC22FC-0972-4261-99B3-226B15F00B33,2026-09-15 17:20:56.100,
73FC836A-4118-4F5A-A94F-42582DBF7EF5,C34854,20260915,OT1_5,0,2,70FC22FC-0972-4261-99B3-226B15F00B33,2026-09-16 09:59:39.000,
5AB6173A-63D6-447A-BFFD-0BD039E59C14,C34856,20260914,OT1_5,0,2,70FC22FC-0972-4261-99B3-226B15F00B33,2026-09-15 17:23:11.927,
95A0BB76-6718-44FD-B898-359735404EA7,C34856,20260915,OT1_5,0,2,70FC22FC-0972-4261-99B3-226B15F00B33,2026-09-16 10:01:50.570,
92517BEF-4984-47A6-9C0C-308165ABC186,C34859,20260914,OT1_5,0,2,70FC22FC-0972-4261-99B3-226B15F00B33,2026-09-15 17:20:51.703,
9DB56575-06A6-4FF3-913A-7BEC48AE21F8,C34859,20260915,OT1_5,0,2,70FC22FC-0972-4261-99B3-226B15F00B33,2026-09-16 09:59:34.813,
69735CD9-424D-4619-B50B-371282CA9BE8,C34863,20260914,OT1_5,0,2,70FC22FC-0972-4261-99B3-226B15F00B33,2026-09-15 17:20:44.387,
E8E70277-F44F-47D2-A319-0246F43C7A50,C34863,20260915,OT1_5,0,2,70FC22FC-0972-4261-99B3-226B15F00B33,2026-09-16 09:59:30.777,
120AC728-D685-4CAD-978B-C9F10AF0DC53,C34864,20260914,OT1_5,0,2,70FC22FC-0972-4261-99B3-226B15F00B33,2026-09-15 17:20:56.147,
7189197B-6CB4-4756-A1CD-40288CAF9093,C34864,20260915,OT1_5,0,2,70FC22FC-0972-4261-99B3-226B15F00B33,2026-09-16 09:59:38.537,
EF85B12B-E48A-4991-8E4B-AB17C8ED7C65,C34865,20260914,OT1_5,0,2,70FC22FC-0972-4261-99B3-226B15F00B33,2026-09-15 17:20:59.737,
138DCE21-A0B4-414A-A789-4895C057291D,C34865,20260915,OT1_5,0,2,70FC22FC-0972-4261-99B3-226B15F00B33,2026-09-16 09:59:40.790,
72A53CD6-EB88-4750-A736-D2236DF310E5,C34866,20260915,OT1_5,0,2,70FC22FC-0972-4261-99B3-226B15F00B33,2026-09-16 09:59:39.087,
7333475D-6455-4A4D-9EBE-9C458D39FE76,C34870,20260914,OT1_5,0,2,70FC22FC-0972-4261-99B3-226B15F00B33,2026-09-15 17:20:43.547,
24C6B949-0981-4E7B-9820-7F241B463636,C34871,20260914,OT1_5,0,2,70FC22FC-0972-4261-99B3-226B15F00B33,2026-09-15 17:20:59.677,
B01DE903-561B-4D1F-B673-FA883A3882B5,C34871,20260915,OT1_5,0,2,70FC22FC-0972-4261-99B3-226B15F00B33,2026-09-16 09:59:37.383,
FB28613A-65EC-4A42-BEEF-89692E9E4467,C34873,20260914,OT1_5,0,2,70FC22FC-0972-4261-99B3-226B15F00B33,2026-09-15 17:20:45.650,
FD859120-F6C9-4B37-AC63-074C43E0E83B,C34874,20260914,OT1_5,0,2,70FC22FC-0972-4261-99B3-226B15F00B33,2026-09-15 17:20:57.603,
299C0078-9BA9-49C9-8614-4E1A63376989,C34881,20260914,OT1_5,0,2,70FC22FC-0972-4261-99B3-226B15F00B33,2026-09-15 17:21:03.207,
DA1032C2-227C-431B-A946-7A394B63D06D,C34881,20260915,OT1_5,0,2,70FC22FC-0972-4261-99B3-226B15F00B33,2026-09-16 09:59:34.677,
CA32ECCA-122A-4C48-A399-BAC6A8359FB2,C34883,20260914,OT1_5,0,2,70FC22FC-0972-4261-99B3-226B15F00B33,2026-09-15 17:23:12.253,
6CADFFDA-3234-4C5B-8AD0-CCDD3A684BC3,C34883,20260915,OT1_5,0,2,70FC22FC-0972-4261-99B3-226B15F00B33,2026-09-16 10:01:52.747,
B5E297A9-831B-4447-9AEC-69C8C0CF25CC,C34884,20260914,OT1_5,0,2,70FC22FC-0972-4261-99B3-226B15F00B33,2026-09-15 17:23:07.547,
2D5C2ECB-7D26-45AE-BE38-C395B3F25A87,C34884,20260915,OT1_5,0,2,70FC22FC-0972-4261-99B3-226B15F00B33,2026-09-16 10:01:51.580,
8F1562E7-2D51-435D-8D7D-D71FF20D3100,C34885,20260914,OT1_5,0,2,70FC22FC-0972-4261-99B3-226B15F00B33,2026-09-15 17:23:13.133,
BE619BAB-0E82-4145-AE9C-360F51D3106A,C34885,20260915,OT1_5,0,2,70FC22FC-0972-4261-99B3-226B15F00B33,2026-09-16 10:01:54.183,
B2A9965B-8E7A-4F74-9827-BA2AC80A057C,C34893,20260914,OT1_5,0,2,70FC22FC-0972-4261-99B3-226B15F00B33,2026-09-15 17:20:54.293,
19F4AF9C-C354-4552-AB04-6010CA6EE51C,C34894,20260914,OT1_5,0,2,70FC22FC-0972-4261-99B3-226B15F00B33,2026-09-15 17:20:56.213,
BCCD9C5C-3C0C-4881-8960-4D52C9EB6E79,C34895,20260914,OT1_5,0,2,70FC22FC-0972-4261-99B3-226B15F00B33,2026-09-15 17:20:51.213,
C7C2DC16-B71F-4968-B302-4EDC5B348259,C34896,20260914,OT1_5,0,2,70FC22FC-0972-4261-99B3-226B15F00B33,2026-09-15 17:23:05.743,
497798BB-661A-427B-B094-3D8A54B9378F,C34896,20260915,OT1_5,0,2,70FC22FC-0972-4261-99B3-226B15F00B33,2026-09-16 10:01:43.453,
CAF294FE-74B7-40BE-9307-89BFD65BA244,C34897,20260914,OT1_5,0,2,70FC22FC-0972-4261-99B3-226B15F00B33,2026-09-15 17:23:01.940,
F6BE966A-C91B-4FA6-B220-AF343E51ACB9,C34898,20260914,OT1_5,0,2,70FC22FC-0972-4261-99B3-226B15F00B33,2026-09-15 17:23:06.727,
36233CAC-7FEE-41EB-A816-5699E10CD01A,C34898,20260915,OT1_5,0,2,70FC22FC-0972-4261-99B3-226B15F00B33,2026-09-16 10:01:49.940,
ED938A51-78BB-42E8-96CB-6B782E7509CB,C34899,20260914,OT1_5,0,2,70FC22FC-0972-4261-99B3-226B15F00B33,2026-09-15 17:23:01.317,
D9CBF6F8-361A-4BC5-B977-75D61F0D7409,C34899,20260915,OT1_5,0,2,70FC22FC-0972-4261-99B3-226B15F00B33,2026-09-16 10:01:42.830,
2A0B37F6-1961-469F-9936-91D860C32D08,C34900,20260914,OT1_5,0,2,70FC22FC-0972-4261-99B3-226B15F00B33,2026-09-15 17:23:01.287,
80C629D9-9515-45FE-9359-746CF69C921E,C34900,20260915,OT1_5,0,2,70FC22FC-0972-4261-99B3-226B15F00B33,2026-09-16 10:01:43.210,
859297F1-BD4A-4A98-B0E6-3B4FF69B0A79,C34901,20260914,OT1_5,0,2,70FC22FC-0972-4261-99B3-226B15F00B33,2026-09-15 17:23:05.623,
E2A147BB-D287-4BAD-B2AB-7FF514493D59,C34901,20260915,OT1_5,0,2,70FC22FC-0972-4261-99B3-226B15F00B33,2026-09-16 10:01:42.940,
5ACD366A-90C7-42C7-A0F8-376180AA51B4,C34902,20260914,OT1_5,0,2,70FC22FC-0972-4261-99B3-226B15F00B33,2026-09-15 17:23:05.937,
796B6439-5D53-4A19-854F-1F46BAF25F88,C34902,20260915,OT1_5,0,2,70FC22FC-0972-4261-99B3-226B15F00B33,2026-09-16 10:01:52.880,
821100E2-FE2A-460A-9EBA-5617137E1933,C34903,20260914,OT1_5,0,2,70FC22FC-0972-4261-99B3-226B15F00B33,2026-09-15 17:23:01.150,
44FA891B-497D-48C8-99FC-C58764150C13,C34903,20260915,OT1_5,0,2,70FC22FC-0972-4261-99B3-226B15F00B33,2026-09-16 10:01:44.267,
29A95BAD-B056-449D-883C-94749EFE0ACB,C34904,20260914,OT1_5,0,2,70FC22FC-0972-4261-99B3-226B15F00B33,2026-09-15 17:23:16.173,
77A970E2-816B-4B45-A8EF-3F6CA0D53BA2,C34904,20260915,OT1_5,0,2,70FC22FC-0972-4261-99B3-226B15F00B33,2026-09-16 10:01:54.880,
51FD57BC-CB3D-4542-9461-565D4E972A2A,C34905,20260914,OT1_5,0,2,70FC22FC-0972-4261-99B3-226B15F00B33,2026-09-15 17:23:11.377,
7D625B91-4C77-41A7-A03A-F6D5CE5F9C39,C34905,20260915,OT1_5,0,2,70FC22FC-0972-4261-99B3-226B15F00B33,2026-09-16 10:01:51.590,
4941931E-5973-46A7-A9EA-5E88A1A101A1,C34906,20260914,OT1_5,0,2,70FC22FC-0972-4261-99B3-226B15F00B33,2026-09-15 17:18:05.143,
60FDC578-8046-45AF-9FA4-CAED230B513C,C34907,20260914,OT1_5,0,2,70FC22FC-0972-4261-99B3-226B15F00B33,2026-09-15 17:18:04.330,
DA5FE3EB-4D46-4725-8005-55176A846A7C,C34907,20260915,OT1_5,0,2,70FC22FC-0972-4261-99B3-226B15F00B33,2026-09-16 09:56:55.413,
B70C4574-10BB-4586-833C-FC439CEED6B9,C34908,20260914,OT1_5,0,2,70FC22FC-0972-4261-99B3-226B15F00B33,2026-09-15 17:17:54.333,
F34DECCE-D23F-4FA7-AFA3-1376034E0147,C34909,20260914,OT1_5,0,2,70FC22FC-0972-4261-99B3-226B15F00B33,2026-09-15 17:18:07.877,
04E0AF59-E050-4FF4-A438-7077FE736EDB,C34909,20260915,OT1_5,0,2,70FC22FC-0972-4261-99B3-226B15F00B33,2026-09-16 09:56:57.383,
1889528C-C1D4-4BC3-96B4-AD9268E1E713,C34910,20260914,OT1_5,0,2,70FC22FC-0972-4261-99B3-226B15F00B33,2026-09-15 17:23:09.723,
D86309E8-7DAE-4600-942F-DC9C61CF49DB,C34910,20260915,OT1_5,0,2,70FC22FC-0972-4261-99B3-226B15F00B33,2026-09-16 10:01:50.330,
56932198-82BA-4D78-B33C-70E9236F65AD,C34913,20260914,OT1_5,0,2,70FC22FC-0972-4261-99B3-226B15F00B33,2026-09-15 17:23:12.920,
3F114568-D3AA-42DC-A697-74C8A02A1DD4,C34913,20260915,OT1_5,0,2,70FC22FC-0972-4261-99B3-226B15F00B33,2026-09-16 10:01:50.370,
F48C2006-F30E-4B0E-A236-60B5479F7AD8,C34914,20260914,OT1_5,0,2,70FC22FC-0972-4261-99B3-226B15F00B33,2026-09-15 17:17:56.133,
03DE6EF3-4B43-4758-A178-6278C8088B74,C34914,20260915,OT1_5,0,2,70FC22FC-0972-4261-99B3-226B15F00B33,2026-09-16 09:56:54.950,
F03F12CC-AE8C-4371-B34B-7C16B56941F0,C34917,20260914,OT1_5,0,2,70FC22FC-0972-4261-99B3-226B15F00B33,2026-09-15 17:17:59.040,
D00B5F2C-D7A0-4050-8916-7CBA4965C4AD,C34917,20260915,OT1_5,0,2,70FC22FC-0972-4261-99B3-226B15F00B33,2026-09-16 09:56:55.820,
B78913A0-0376-4423-8E57-F5C2476D6885,C34919,20260914,OT1_5,0,2,70FC22FC-0972-4261-99B3-226B15F00B33,2026-09-15 17:23:15.440,
28B29598-9D20-47D5-BECC-716C1BB0976A,C34919,20260915,OT1_5,0,2,70FC22FC-0972-4261-99B3-226B15F00B33,2026-09-16 10:01:52.757,
02E5FCE7-4332-4D8C-BAF0-6E60F58FB038,C34921,20260915,OT1_5,0,2,70FC22FC-0972-4261-99B3-226B15F00B33,2026-09-16 10:01:46.050,
C9A1C00C-8571-4407-A467-1BBCA96C9250,C34923,20260914,OT1_5,0,2,70FC22FC-0972-4261-99B3-226B15F00B33,2026-09-15 17:18:00.553,
77A7A7E5-9AAF-4CCA-9550-918D17974922,C34923,20260915,OT1_5,0,2,70FC22FC-0972-4261-99B3-226B15F00B33,2026-09-16 09:56:54.443,
9AA6D798-148B-47BA-B38D-5E86A0B76967,C34926,20260914,OT1_5,0,2,70FC22FC-0972-4261-99B3-226B15F00B33,2026-09-15 17:20:45.250,
97C1BBDE-BB38-46FB-9C98-A8A3F5751EDE,C34926,20260915,OT1_5,0,2,70FC22FC-0972-4261-99B3-226B15F00B33,2026-09-16 09:59:30.580,
E3E4155F-269D-48D2-A89B-A892DE09F244,C34927,20260914,OT1_5,0,2,70FC22FC-0972-4261-99B3-226B15F00B33,2026-09-15 17:23:05.143,
BB663F39-D702-4507-89B7-7A1A8799F3F8,C34927,20260915,OT1_5,0,2,70FC22FC-0972-4261-99B3-226B15F00B33,2026-09-16 10:01:45.087,
40D5BAD8-668C-4BE0-9707-1B25BF02F501,C34929,20260914,OT1_5,0,2,70FC22FC-0972-4261-99B3-226B15F00B33,2026-09-15 17:23:01.823,
84C3B000-80D5-4F32-92E6-1B69DB1007F0,C34929,20260915,OT1_5,0,2,70FC22FC-0972-4261-99B3-226B15F00B33,2026-09-16 10:01:42.780,
7246FDEC-B360-4070-9B81-124B190D2510,C34932,20260914,OT1_5,0,2,70FC22FC-0972-4261-99B3-226B15F00B33,2026-09-15 17:23:08.313,
D20378D5-E648-47D3-A803-BA948B78D1BC,C34932,20260915,OT1_5,0,2,70FC22FC-0972-4261-99B3-226B15F00B33,2026-09-16 10:01:48.343,
1441424E-0B1F-454F-B105-D1ABA310C96E,C34933,20260914,OT1_5,0,2,70FC22FC-0972-4261-99B3-226B15F00B33,2026-09-15 17:18:04.743,
B5BD6D4D-77E7-4FB4-B011-9E829F89E9A3,C34933,20260915,OT1_5,0,2,70FC22FC-0972-4261-99B3-226B15F00B33,2026-09-16 09:56:55.683,
786358C7-AD33-4B09-B323-B51CBBA0BDBF,C34935,20260914,OT1_5,0,2,70FC22FC-0972-4261-99B3-226B15F00B33,2026-09-15 17:17:55.727,
18DE994A-1D05-49C3-9D2E-3ABEE3F016AF,C34936,20260914,OT1_5,0,2,70FC22FC-0972-4261-99B3-226B15F00B33,2026-09-15 17:21:03.080,
3C5A40B1-2B2C-41E0-8537-8B50989113F6,C34936,20260915,OT1_5,0,2,70FC22FC-0972-4261-99B3-226B15F00B33,2026-09-16 09:59:37.720,
501EEF53-3B70-4C1F-9B1B-A32960944611,C34937,20260914,OT1_5,0,2,70FC22FC-0972-4261-99B3-226B15F00B33,2026-09-15 17:20:50.497,
75E3C282-2318-4861-B226-A27F8F9067E1,C34937,20260915,OT1_5,0,2,70FC22FC-0972-4261-99B3-226B15F00B33,2026-09-16 09:59:33.107,
FAD10C22-6B03-4DCB-BA82-A94015FBD40D,C34938,20260914,OT1_5,0,2,70FC22FC-0972-4261-99B3-226B15F00B33,2026-09-15 17:21:01.470,
B947C08F-2AD0-4432-AC84-4D9A3E76F1A7,C34939,20260914,OT1_5,0,2,70FC22FC-0972-4261-99B3-226B15F00B33,2026-09-15 17:20:49.427,
8B3A4AD0-8A69-4ED2-ABEC-5148ED13650A,C34939,20260915,OT1_5,0,2,70FC22FC-0972-4261-99B3-226B15F00B33,2026-09-16 09:59:32.227,
5FC7FD2E-965D-4637-AA21-E96C7E6D4A41,C34942,20260914,OT1_5,0,2,70FC22FC-0972-4261-99B3-226B15F00B33,2026-09-15 17:20:52.530,
130603C6-EBC3-4860-9AF7-54DA855307C7,C34942,20260915,OT1_5,0,2,70FC22FC-0972-4261-99B3-226B15F00B33,2026-09-16 09:59:31.717,
F92A9C19-2951-4C62-A827-1D5743F7E43C,C34948,20260914,OT1_5,0,2,70FC22FC-0972-4261-99B3-226B15F00B33,2026-09-15 17:23:08.583,
12A4FE30-8F92-48C7-B89D-2B0C5C9A6A49,C34949,20260915,OT1_5,0,2,70FC22FC-0972-4261-99B3-226B15F00B33,2026-09-16 10:01:54.067,
874D4AC0-A5BC-4511-AE6E-3883317D1C0A,C34952,20260914,OT1_5,0,2,70FC22FC-0972-4261-99B3-226B15F00B33,2026-09-15 17:21:01.537,
75A470EF-7EAC-47A5-9C45-378AA1FDF17B,C34952,20260915,OT1_5,0,2,70FC22FC-0972-4261-99B3-226B15F00B33,2026-09-16 09:59:39.457,
B8D99C60-44F1-4775-B677-352DF90A4EB8,C34953,20260914,OT1_5,0,2,70FC22FC-0972-4261-99B3-226B15F00B33,2026-09-15 17:21:01.797,
A3392A10-48CF-47F7-998B-0B5D980F5E8B,C34957,20260914,OT1_5,0,2,70FC22FC-0972-4261-99B3-226B15F00B33,2026-09-15 17:20:50.190,
5A69CDEC-2C46-435B-9A39-6DC47C2F1EB6,C34957,20260915,OT1_5,0,2,70FC22FC-0972-4261-99B3-226B15F00B33,2026-09-16 09:59:33.150,
DB5B8317-BEAB-4C1F-86C2-3A4B9D131D3E,C34958,20260914,OT1_5,0,2,70FC22FC-0972-4261-99B3-226B15F00B33,2026-09-15 17:21:01.107,
73687BC6-7769-4BC0-95DE-C09909F0BE72,C34958,20260915,OT1_5,0,2,70FC22FC-0972-4261-99B3-226B15F00B33,2026-09-16 09:59:40.710,
847D71B1-5667-4902-8E23-886A8BBDAE26,C34968,20260914,OT1_5,0,2,70FC22FC-0972-4261-99B3-226B15F00B33,2026-09-15 17:20:58.207,
79F67C6A-C7BF-4A0C-B369-F9178F7CB741,C34968,20260915,OT1_5,0,2,70FC22FC-0972-4261-99B3-226B15F00B33,2026-09-16 09:59:31.947,
71CBB872-196F-4B8F-B4A7-9B407ACE4E7E,C34971,20260914,OT1_5,0,2,70FC22FC-0972-4261-99B3-226B15F00B33,2026-09-15 17:20:58.133,
20AB51D2-43B7-4A1E-BB56-E872E2118EE5,C34971,20260915,OT1_5,0,2,70FC22FC-0972-4261-99B3-226B15F00B33,2026-09-16 09:59:31.957,
C5D1048F-D8C0-4E23-9413-EDB77740FB18,C34972,20260914,OT1_5,0,2,70FC22FC-0972-4261-99B3-226B15F00B33,2026-09-15 17:23:08.290,
7AD964B2-96A2-44BF-8B1E-1A105273B149,C34974,20260914,OT1_5,0,2,70FC22FC-0972-4261-99B3-226B15F00B33,2026-09-15 17:23:13.160,
76DD42A3-9EC5-4B32-88C3-48F4CEA0E162,C34975,20260914,OT1_5,0,2,70FC22FC-0972-4261-99B3-226B15F00B33,2026-09-15 17:20:58.093,
212430AF-658D-4975-8637-55A90B8DFCEC,C34977,20260914,OT1_5,0,2,70FC22FC-0972-4261-99B3-226B15F00B33,2026-09-15 17:20:50.870,
2358A92E-50B5-409F-BF91-4494DA5EA293,C34977,20260915,OT1_5,0,2,70FC22FC-0972-4261-99B3-226B15F00B33,2026-09-16 09:59:33.163,
902F4506-9D6B-4605-883A-824FFB88A51D,C34979,20260914,OT1_5,0,2,70FC22FC-0972-4261-99B3-226B15F00B33,2026-09-15 17:23:08.073,
518354F8-00BB-4EA1-8A3B-200CD79D8850,C34979,20260915,OT1_5,0,2,70FC22FC-0972-4261-99B3-226B15F00B33,2026-09-16 10:01:43.053,
E004860F-908A-4650-AFAE-02E7CFA86FB6,C34980,20260914,OT1_5,0,2,70FC22FC-0972-4261-99B3-226B15F00B33,2026-09-15 17:21:04.640,
D530C318-8BDE-4414-99DF-AFB49D87BFA1,C34980,20260915,OT1_5,0,2,70FC22FC-0972-4261-99B3-226B15F00B33,2026-09-16 09:59:40.447,
69A9CCCA-E6F6-40CC-B1E1-60F268DCCB2B,C34981,20260914,OT1_5,0,2,70FC22FC-0972-4261-99B3-226B15F00B33,2026-09-15 17:20:56.633,
1C169B51-9101-43FF-9601-26950724DBCE,C34981,20260915,OT1_5,0,2,70FC22FC-0972-4261-99B3-226B15F00B33,2026-09-16 09:59:40.210,
2EAF2061-F4D3-4A4B-ADF2-2782C909AB5B,C34985,20260914,OT1_5,0,2,70FC22FC-0972-4261-99B3-226B15F00B33,2026-09-15 17:20:51.847,
0661F02B-D3F4-416C-B60C-E7C156821515,C34987,20260914,OT1_5,0,2,70FC22FC-0972-4261-99B3-226B15F00B33,2026-09-15 17:21:04.083,
1B57ABD0-6814-456F-BDE5-1ACFBA802B31,C34987,20260915,OT1_5,0,2,70FC22FC-0972-4261-99B3-226B15F00B33,2026-09-16 09:59:39.193,
152524AD-7720-43C1-910E-5FA0697140BC,C34988,20260914,OT1_5,0,2,70FC22FC-0972-4261-99B3-226B15F00B33,2026-09-15 17:20:59.450,
DBA2F1D8-6C8E-4FEC-9B51-E3E89B64DFE9,C34988,20260915,OT1_5,0,2,70FC22FC-0972-4261-99B3-226B15F00B33,2026-09-16 09:59:39.320,
B5E563E2-25F6-4083-A200-65D3C4D9469A,C34992,20260914,OT1_5,0,2,70FC22FC-0972-4261-99B3-226B15F00B33,2026-09-15 17:20:59.687,
7D3C6F42-2339-41A1-BEFE-26F75140BC8E,C34992,20260915,OT1_5,0,1,70FC22FC-0972-4261-99B3-226B15F00B33,2026-09-16 09:59:27.880,
34E1C6E7-7105-43CA-8AF9-4E201247934A,C34993,20260914,OT1_5,0,2,70FC22FC-0972-4261-99B3-226B15F00B33,2026-09-15 17:20:49.030,
644E4635-5708-487E-B87B-EA8C0AE2B00E,C34993,20260915,OT1_5,0,2,70FC22FC-0972-4261-99B3-226B15F00B33,2026-09-16 09:59:38.250,
D15D6AB4-9F0B-4117-BE4D-7CF892807118,C34994,20260914,OT1_5,0,2,70FC22FC-0972-4261-99B3-226B15F00B33,2026-09-15 17:20:51.440,
1EB8D9DA-A7B8-4AEC-8BEB-35B212499175,C34994,20260915,OT1_5,0,2,70FC22FC-0972-4261-99B3-226B15F00B33,2026-09-16 09:59:33.173,
C99E5497-900B-409B-A36B-95092D90C6E1,C34999,20260914,OT1_5,0,1.5,70FC22FC-0972-4261-99B3-226B15F00B33,2026-09-15 17:18:10.610,
08631517-7194-46E5-9BEE-203D8820B53B,C34999,20260915,OT1_5,0,2.5,70FC22FC-0972-4261-99B3-226B15F00B33,2026-09-16 09:56:59.120,
D07D2A75-275F-41CF-9F24-23065F442BFD,C35000,20260914,OT1_5,0,2,70FC22FC-0972-4261-99B3-226B15F00B33,2026-09-15 17:23:18.467,
87DDBC1E-A511-426B-BBA2-9B215140A701,C35000,20260915,OT1_5,0,2,70FC22FC-0972-4261-99B3-226B15F00B33,2026-09-16 10:01:56.870,
A18F8158-CD85-4134-9519-DA64B06EE117,C35001,20260914,OT1_5,0,2,70FC22FC-0972-4261-99B3-226B15F00B33,2026-09-15 17:23:03.503,
A5099FD5-2768-4CB0-84D0-3499CC3E572B,C35001,20260915,OT1_5,0,2,70FC22FC-0972-4261-99B3-226B15F00B33,2026-09-16 10:01:50.453,
3FE5FDE3-ECB1-4642-BE0B-AE129AC5780C,C35002,20260914,OT1_5,0,2,70FC22FC-0972-4261-99B3-226B15F00B33,2026-09-15 17:23:04.227,
0B6F53BA-7FE3-41FE-9312-1EE55A46EF13,C35003,20260914,OT1_5,0,2,70FC22FC-0972-4261-99B3-226B15F00B33,2026-09-15 17:21:35.183,
2F58FFD9-43E2-4D15-A6E4-DA409F8E7D2E,C35003,20260915,OT1_5,0,2,70FC22FC-0972-4261-99B3-226B15F00B33,2026-09-16 10:00:13.670,
8C26297F-12B6-473F-90EE-B68CDA3CC609,C35004,20260914,OT1_5,0,2,70FC22FC-0972-4261-99B3-226B15F00B33,2026-09-15 17:23:18.853,
8DBD5E31-5CCE-4BEC-8DE6-750A6175589B,C35004,20260915,OT1_5,0,2,70FC22FC-0972-4261-99B3-226B15F00B33,2026-09-16 10:01:56.930,
E28A352C-7DFD-45F0-8E33-01D7836C5160,C35005,20260915,OT1_5,0,2,70FC22FC-0972-4261-99B3-226B15F00B33,2026-09-16 10:01:46.850,
3163E66F-03A3-4EC0-9574-E025404CEE23,C35006,20260914,OT1_5,0,2,70FC22FC-0972-4261-99B3-226B15F00B33,2026-09-15 17:23:04.990,
550DCE97-9819-4FA5-A46D-3A5737942DC0,C35007,20260914,OT1_5,0,2,70FC22FC-0972-4261-99B3-226B15F00B33,2026-09-15 17:23:03.553,
6520E745-D4C6-4058-AB73-20E1DB1AB1B7,C35007,20260915,OT1_5,0,2,70FC22FC-0972-4261-99B3-226B15F00B33,2026-09-16 10:01:43.657,
18052B12-1BA1-456D-B7D7-B134696F8EA0,C35008,20260914,OT1_5,0,2,70FC22FC-0972-4261-99B3-226B15F00B33,2026-09-15 17:23:05.063,
BC40DC82-BB41-48F4-A8CE-2773BC729084,C35008,20260915,OT1_5,0,2,70FC22FC-0972-4261-99B3-226B15F00B33,2026-09-16 10:01:44.217,
E922CAED-259E-4115-9328-B447BD0F74D3,C35009,20260914,OT1_5,0,2,70FC22FC-0972-4261-99B3-226B15F00B33,2026-09-15 17:23:05.127,
94CAD702-F3AB-4FDD-8FF8-02FDAC5929D0,C35010,20260914,OT1_5,0,2,70FC22FC-0972-4261-99B3-226B15F00B33,2026-09-15 17:23:07.287,
82C95ECB-5378-4743-BC17-CEF5E7182412,C35010,20260915,OT1_5,0,2,70FC22FC-0972-4261-99B3-226B15F00B33,2026-09-16 10:01:46.673,
C8862CBE-C32B-47ED-92C9-664C808F40DD,C35011,20260914,OT1_5,0,2,70FC22FC-0972-4261-99B3-226B15F00B33,2026-09-15 17:23:12.900,
7EF0AEF4-D458-44E6-A1A1-7D583DBD3A34,C35011,20260915,OT1_5,0,2,70FC22FC-0972-4261-99B3-226B15F00B33,2026-09-16 10:01:47.093,
703B9231-6549-421D-8CDE-298F17088E2E,C35013,20260914,OT1_5,0,2,70FC22FC-0972-4261-99B3-226B15F00B33,2026-09-15 17:20:42.510,
713486DE-4B15-4D2A-AA00-188837B482F5,C35013,20260915,OT1_5,0,2,70FC22FC-0972-4261-99B3-226B15F00B33,2026-09-16 09:59:30.073,
A51A3955-B341-40CD-A141-6B060A0B47F7,C35017,20260914,OT1_5,0,2,70FC22FC-0972-4261-99B3-226B15F00B33,2026-09-15 17:23:09.380,
AE98B8C5-E48F-4D63-96F7-E5390484186E,C35017,20260915,OT1_5,0,2,70FC22FC-0972-4261-99B3-226B15F00B33,2026-09-16 10:01:53.167,
37D11C1E-368F-4748-8143-05FBB02E4362,C35019,20260914,OT1_5,0,2,70FC22FC-0972-4261-99B3-226B15F00B33,2026-09-15 17:23:13.563,
D24709B1-B37B-4553-A7F7-87FE5E850479,C35019,20260915,OT1_5,0,2,70FC22FC-0972-4261-99B3-226B15F00B33,2026-09-16 10:01:53.377,
6C37B872-9E76-41F8-9F85-5499B846A359,C35020,20260914,OT1_5,0,2,70FC22FC-0972-4261-99B3-226B15F00B33,2026-09-15 17:23:10.293,
FDDEF497-4822-47E8-8941-E0E4AFEDB0B3,C35020,20260915,OT1_5,0,2,70FC22FC-0972-4261-99B3-226B15F00B33,2026-09-16 10:01:48.813,
2C8F4A71-73A1-44B6-B20D-AED284FE5C30,C35021,20260914,OT1_5,0,2,70FC22FC-0972-4261-99B3-226B15F00B33,2026-09-15 17:23:17.053,
AA7C8C7E-A09A-4DC8-8848-C64F921845EF,C35021,20260915,OT1_5,0,2,70FC22FC-0972-4261-99B3-226B15F00B33,2026-09-16 10:01:56.330,
D9BE9C21-4C1E-4AA5-829E-AE7E1F0D95CD,C35022,20260914,OT1_5,0,2,70FC22FC-0972-4261-99B3-226B15F00B33,2026-09-15 17:23:13.737,
7789EA1A-44FA-4581-91C3-E320067A0E6B,C35022,20260915,OT1_5,0,2,70FC22FC-0972-4261-99B3-226B15F00B33,2026-09-16 10:01:55.820,
F4BD447A-AB9D-4165-89EC-A01163A1C245,C35024,20260914,OT1_5,0,2,70FC22FC-0972-4261-99B3-226B15F00B33,2026-09-15 17:23:14.083,
9D3DE09D-2E18-45EB-934D-C8EE112F0931,C35024,20260915,OT1_5,0,2,70FC22FC-0972-4261-99B3-226B15F00B33,2026-09-16 10:01:55.607,
E54018CA-3968-48BE-9591-374CC8AE1AD3,C35026,20260914,OT1_5,0,2,70FC22FC-0972-4261-99B3-226B15F00B33,2026-09-15 17:23:14.477,
4D1D9191-C9F8-493C-9878-A3209F38FDF4,C35026,20260915,OT1_5,0,2,70FC22FC-0972-4261-99B3-226B15F00B33,2026-09-16 10:01:56.107,
C9E05053-4181-4DE2-846F-99596339B17F,C35038,20260914,OT1_5,0,2,70FC22FC-0972-4261-99B3-226B15F00B33,2026-09-15 17:23:08.997,
55A43141-AA34-4518-BC30-BD9DF4E36F87,C35038,20260915,OT1_5,0,2,70FC22FC-0972-4261-99B3-226B15F00B33,2026-09-16 10:01:49.853,
DC2E421B-3087-488E-8A9B-E4EAAA0CEA02,C35039,20260914,OT1_5,0,2,70FC22FC-0972-4261-99B3-226B15F00B33,2026-09-15 17:23:13.183,
1A136D03-F101-40FC-9891-A5FE4A59B862,C35039,20260915,OT1_5,0,2,70FC22FC-0972-4261-99B3-226B15F00B33,2026-09-16 10:01:52.200,
006FC97D-6077-44DA-A8F4-19F134BD4FFB,C35040,20260914,OT1_5,0,2,70FC22FC-0972-4261-99B3-226B15F00B33,2026-09-15 17:20:54.490,
82408BA3-3E8B-4B82-A8C2-9601F6E87524,C35040,20260915,OT1_5,0,2,70FC22FC-0972-4261-99B3-226B15F00B33,2026-09-16 09:59:39.963,
655A77E7-7E5E-4A1F-9CDC-F40EDC798169,C35042,20260914,OT1_5,0,2,70FC22FC-0972-4261-99B3-226B15F00B33,2026-09-15 17:23:10.847,
89A13150-A11A-491C-8426-1AE91BD9AECC,C35043,20260914,OT1_5,0,2,70FC22FC-0972-4261-99B3-226B15F00B33,2026-09-15 17:20:56.530,
A532D3AC-11D1-4FB2-ADF2-7A0E106F2DB0,C35043,20260915,OT1_5,0,2,70FC22FC-0972-4261-99B3-226B15F00B33,2026-09-16 09:59:37.453,
408E8710-A809-48D9-A001-C89A4CFCF929,C35044,20260914,OT1_5,0,2,70FC22FC-0972-4261-99B3-226B15F00B33,2026-09-15 17:21:02.320,
47023C01-CD23-4244-9BF2-5CAB4253738B,C35044,20260915,OT1_5,0,2,70FC22FC-0972-4261-99B3-226B15F00B33,2026-09-16 09:59:38.017,
FEC73728-FDDD-42F1-98BC-F07510236641,C35049,20260914,OT1_5,0,2,70FC22FC-0972-4261-99B3-226B15F00B33,2026-09-15 17:20:43.717,
CD8A9C92-DA09-4BBE-88A6-C43C402B5AF4,C35049,20260915,OT1_5,0,2,70FC22FC-0972-4261-99B3-226B15F00B33,2026-09-16 09:59:30.200,
61D84F64-1B81-4CCA-96E6-E2CCB9F908F5,C35050,20260914,OT1_5,0,2,70FC22FC-0972-4261-99B3-226B15F00B33,2026-09-15 17:23:10.800,
7F0EB1E4-CF69-4434-BEAA-618D62020D92,C35050,20260915,OT1_5,0,2,70FC22FC-0972-4261-99B3-226B15F00B33,2026-09-16 10:01:52.790,
DC342EE7-B335-4C58-9108-CA2670F544A8,C35055,20260914,OT1_5,0,2,70FC22FC-0972-4261-99B3-226B15F00B33,2026-09-15 17:20:49.863,
BD774ECA-C75B-4FC8-8AC0-0A785633B318,C35055,20260915,OT1_5,0,2,70FC22FC-0972-4261-99B3-226B15F00B33,2026-09-16 09:59:32.657,
51EBFEB7-EBCE-437F-96A8-8FA88BB048B0,C35057,20260914,OT1_5,0,2,70FC22FC-0972-4261-99B3-226B15F00B33,2026-09-15 17:20:56.383,
92B26BB3-C143-46D9-9826-288289854047,C35059,20260914,OT1_5,0,2,70FC22FC-0972-4261-99B3-226B15F00B33,2026-09-15 17:21:00.440,
8EA20C0F-44E1-4B9F-84F7-9671B41E1635,C35062,20260914,OT1_5,0,2,70FC22FC-0972-4261-99B3-226B15F00B33,2026-09-15 17:18:57.877,
4066E55E-64BA-4DBB-ACEF-0ECB0F17A477,C35062,20260915,OT1_5,0,2,70FC22FC-0972-4261-99B3-226B15F00B33,2026-09-16 09:57:39.987,
53232D72-4BB1-4B4D-82A2-EFD4B301A9BC,C35063,20260914,OT1_5,0,2,70FC22FC-0972-4261-99B3-226B15F00B33,2026-09-15 17:20:43.577,
E8D72522-259F-4677-8B41-67645D22CC5E,C35063,20260915,OT1_5,0,2,70FC22FC-0972-4261-99B3-226B15F00B33,2026-09-16 09:59:30.740,
808320F9-5DDF-45DA-A933-4ECA7739EB4D,C35064,20260914,OT1_5,0,2,70FC22FC-0972-4261-99B3-226B15F00B33,2026-09-15 17:20:48.860,
7A36DDDC-7F98-48A7-B993-E821E68C66D2,C35064,20260915,OT1_5,0,2,70FC22FC-0972-4261-99B3-226B15F00B33,2026-09-16 09:59:31.710,
8DF50E5E-F510-4349-B4F6-B601FA1DB324,C35065,20260914,OT1_5,0,2,70FC22FC-0972-4261-99B3-226B15F00B33,2026-09-15 17:21:05.870,
727F64AF-5D13-4B69-B3FD-2087E238169D,C35065,20260915,OT1_5,0,2,70FC22FC-0972-4261-99B3-226B15F00B33,2026-09-16 09:59:40.980,
57866B90-F66F-4C7F-AF5B-D7A377FB7F88,C35066,20260914,OT1_5,0,2,70FC22FC-0972-4261-99B3-226B15F00B33,2026-09-15 17:20:54.833,
A47D52FC-A3C7-4841-B7AD-CB32D7494CBC,C35069,20260914,OT1_5,0,2,70FC22FC-0972-4261-99B3-226B15F00B33,2026-09-15 17:21:04.323,
20557387-14A7-44F0-939F-1F39A0BC2CC8,C35069,20260915,OT1_5,0,2,70FC22FC-0972-4261-99B3-226B15F00B33,2026-09-16 09:59:40.630,
1C1C291B-C5AC-47EE-B4B8-BC39FF8934B3,C35073,20260914,OT1_5,0,2,70FC22FC-0972-4261-99B3-226B15F00B33,2026-09-15 17:21:04.707,
0E8E659B-32B7-45BA-8A2F-9510A63FC718,C35076,20260914,OT1_5,0,2,70FC22FC-0972-4261-99B3-226B15F00B33,2026-09-15 17:20:43.447,
2E0DAE99-7ABE-40EF-AC9A-78872C99EF97,C35076,20260915,OT1_5,0,2,70FC22FC-0972-4261-99B3-226B15F00B33,2026-09-16 09:59:30.590,
96C07281-2BAF-41E9-A027-A663A599C834,C35078,20260914,OT1_5,0,2,70FC22FC-0972-4261-99B3-226B15F00B33,2026-09-15 17:20:46.900,
7A42A153-64F1-4780-9BE3-71DACD1CEC68,C35078,20260915,OT1_5,0,2,70FC22FC-0972-4261-99B3-226B15F00B33,2026-09-16 09:59:33.733,
027D3EAB-BBB7-417B-A550-9600D1315218,C35082,20260914,OT1_5,0,2,70FC22FC-0972-4261-99B3-226B15F00B33,2026-09-15 17:20:56.050,
B2016923-A8A7-447B-B5F8-A0C14AAB9B4F,C35086,20260914,OT1_5,0,2,70FC22FC-0972-4261-99B3-226B15F00B33,2026-09-15 17:20:57.823,
7FC3AED2-9617-4A83-95FC-0C3AB52D5800,C35091,20260914,OT1_5,0,2,70FC22FC-0972-4261-99B3-226B15F00B33,2026-09-15 17:23:02.543,
88053BE7-68A4-4F90-974B-F3C2B1E42ABC,C35091,20260915,OT1_5,0,2,70FC22FC-0972-4261-99B3-226B15F00B33,2026-09-16 10:01:42.770,
44435317-207D-4358-B1F5-E612B12509D9,C35093,20260914,OT1_5,0,2,70FC22FC-0972-4261-99B3-226B15F00B33,2026-09-15 17:23:06.550,
5AD8439C-7F5C-45D1-9182-528E758AEA72,C35093,20260915,OT1_5,0,2,70FC22FC-0972-4261-99B3-226B15F00B33,2026-09-16 10:01:50.690,
2FD30385-6222-4A9D-B32D-A7D5F618263C,C35095,20260914,OT1_5,0,2,70FC22FC-0972-4261-99B3-226B15F00B33,2026-09-15 17:23:14.720,
9B30C0E1-7557-47A7-BFE8-C66E48043C10,C35095,20260915,OT1_5,0,2,70FC22FC-0972-4261-99B3-226B15F00B33,2026-09-16 10:01:54.910,
00B0A7EA-F280-47EB-9FE9-BD4A65DD74B5,C35096,20260914,OT1_5,0,2,70FC22FC-0972-4261-99B3-226B15F00B33,2026-09-15 17:23:07.643,
7E1A486F-EEDD-4115-8C17-0F3CEB05A078,C35096,20260915,OT1_5,0,2,70FC22FC-0972-4261-99B3-226B15F00B33,2026-09-16 10:01:48.130,
47196464-7884-4784-9FEC-A42CD9B1CEF3,C35097,20260914,OT1_5,0,2,70FC22FC-0972-4261-99B3-226B15F00B33,2026-09-15 17:23:03.663,
53E90626-4919-4059-BB89-5FD9729300F5,C35106,20260914,OT1_5,0,2,70FC22FC-0972-4261-99B3-226B15F00B33,2026-09-15 17:23:09.097,
6D15D54D-D97E-4086-A011-1DB623439E07,C35106,20260915,OT1_5,0,2,70FC22FC-0972-4261-99B3-226B15F00B33,2026-09-16 10:01:52.510,
0CE08B4C-D413-42CA-9070-DFF581F53416,C35107,20260914,OT1_5,0,2,70FC22FC-0972-4261-99B3-226B15F00B33,2026-09-15 17:21:04.223,
D270485B-31ED-4E2D-AE6D-801A06FC3EB4,C35107,20260915,OT1_5,0,2,70FC22FC-0972-4261-99B3-226B15F00B33,2026-09-16 09:59:39.217,
7D8C7A6E-CB6F-427F-81C6-AE499DB728B4,C35108,20260914,OT1_5,0,2,70FC22FC-0972-4261-99B3-226B15F00B33,2026-09-15 17:21:04.157,
CDD8A438-597B-440A-B595-956231B51C68,C35108,20260915,OT1_5,0,2,70FC22FC-0972-4261-99B3-226B15F00B33,2026-09-16 09:59:38.477,
0DCDF8F3-6A47-456E-BC0C-20438D3C8DDA,C35109,20260914,OT1_5,0,2,70FC22FC-0972-4261-99B3-226B15F00B33,2026-09-15 17:20:58.450,
C31E6965-C977-4167-9059-6B635C3B6D48,C35109,20260915,OT1_5,0,2,70FC22FC-0972-4261-99B3-226B15F00B33,2026-09-16 09:59:35.930,
ABF6680F-6776-4B5C-8970-5C645FCC4950,C35110,20260914,OT1_5,0,2,70FC22FC-0972-4261-99B3-226B15F00B33,2026-09-15 17:21:04.523,
41CD5914-66CA-4E05-A0B6-BF84B5C71435,C35110,20260915,OT1_5,0,2,70FC22FC-0972-4261-99B3-226B15F00B33,2026-09-16 09:59:37.260,
E8DE8211-C020-48B7-BBA8-7D5072D49D15,C35112,20260914,OT1_5,0,2,70FC22FC-0972-4261-99B3-226B15F00B33,2026-09-15 17:20:49.490,
C3A6D6FE-D3EB-4F23-A706-8EF720355F39,C35112,20260915,OT1_5,0,2,70FC22FC-0972-4261-99B3-226B15F00B33,2026-09-16 09:59:32.120,
A614BEA7-E688-4988-B2CC-2D5F45CEB89F,C35116,20260914,OT1_5,0,2,70FC22FC-0972-4261-99B3-226B15F00B33,2026-09-15 17:21:04.753,
648E08DE-8CE5-4E72-BCBA-C8CFFF3062D1,C35116,20260915,OT1_5,0,2,70FC22FC-0972-4261-99B3-226B15F00B33,2026-09-16 09:59:40.833,
7263DDCC-D6C9-4BCD-96B8-218CA8305D2E,C35120,20260914,OT1_5,0,2,70FC22FC-0972-4261-99B3-226B15F00B33,2026-09-15 17:23:06.660,
DD123844-2066-42FA-8027-FEDA7E47B38B,C35120,20260915,OT1_5,0,2,70FC22FC-0972-4261-99B3-226B15F00B33,2026-09-16 10:01:51.390,
0F46FB8D-2673-4DC0-BC3F-058BEFD1E958,C35123,20260914,OT1_5,0,2,70FC22FC-0972-4261-99B3-226B15F00B33,2026-09-15 17:20:46.257,
7C331700-CB25-4662-A589-686013B0BB57,C35123,20260915,OT1_5,0,2,70FC22FC-0972-4261-99B3-226B15F00B33,2026-09-16 09:59:35.083,
905B4D44-B117-437E-9D7C-33AAFFC7831F,C35125,20260914,OT1_5,0,2,70FC22FC-0972-4261-99B3-226B15F00B33,2026-09-15 17:20:44.880,
9497E642-437E-47DA-88B3-84D5BE5B933B,C35125,20260915,OT1_5,0,2,70FC22FC-0972-4261-99B3-226B15F00B33,2026-09-16 09:59:32.810,
A0C229C0-3E78-4B68-AD9A-868F826A0E8E,C35126,20260914,OT1_5,0,2,70FC22FC-0972-4261-99B3-226B15F00B33,2026-09-15 17:20:45.613,
FDA013D6-471F-47AD-BF21-99677C3FF0F5,C35126,20260915,OT1_5,0,2,70FC22FC-0972-4261-99B3-226B15F00B33,2026-09-16 09:59:32.830,
661E6D59-D03C-4F40-9D32-260DC1AF161B,C35127,20260914,OT1_5,0,2,70FC22FC-0972-4261-99B3-226B15F00B33,2026-09-15 17:20:46.267,
87313622-A6AF-42AA-84B3-6316AFB15B76,C35127,20260915,OT1_5,0,2,70FC22FC-0972-4261-99B3-226B15F00B33,2026-09-16 09:59:34.310,
E52F4897-6837-46EC-AD2A-6D55B9D4352D,C35128,20260914,OT1_5,0,2,70FC22FC-0972-4261-99B3-226B15F00B33,2026-09-15 17:21:03.440,
F1B4B5D8-E0AB-4EA1-832D-C27EB613C2B5,C35128,20260915,OT1_5,0,2,70FC22FC-0972-4261-99B3-226B15F00B33,2026-09-16 09:59:40.400,
C5119264-2930-40FF-BBC6-22C5950F17C5,C35130,20260914,OT1_5,0,1,70FC22FC-0972-4261-99B3-226B15F00B33,2026-09-15 17:21:06.660,
45134F28-91F7-47DD-9200-70FA30CA62CA,C35130,20260915,OT1_5,0,2,70FC22FC-0972-4261-99B3-226B15F00B33,2026-09-16 09:59:37.193,
C9CB5BDC-EA2E-4A4B-8C1E-AE30A4723FFB,C35131,20260914,OT1_5,0,4,70FC22FC-0972-4261-99B3-226B15F00B33,2026-09-15 17:20:39.563,
F4B0FC15-A30C-4A59-B50E-5F9CDC3EF88E,C35134,20260914,OT1_5,0,2,70FC22FC-0972-4261-99B3-226B15F00B33,2026-09-15 17:20:51.033,
ABA7FDBA-C5B6-4912-A847-F4ED2F2C5904,C35134,20260915,OT1_5,0,2,70FC22FC-0972-4261-99B3-226B15F00B33,2026-09-16 09:59:31.327,
3B319C75-818F-4895-A2A2-315A5753CC29,C35135,20260914,OT1_5,0,2,70FC22FC-0972-4261-99B3-226B15F00B33,2026-09-15 17:20:59.727,
F23F2DF2-948F-472B-A770-48D53B06D7E6,C35135,20260915,OT1_5,0,2,70FC22FC-0972-4261-99B3-226B15F00B33,2026-09-16 09:59:40.350,
2E7F80AF-6306-4F0A-8F02-CC31F423E7C1,C35143,20260914,OT1_5,0,2,70FC22FC-0972-4261-99B3-226B15F00B33,2026-09-15 17:20:44.533,
DF0F762F-619A-4EC6-8827-C406E5CCD484,C35143,20260915,OT1_5,0,2,70FC22FC-0972-4261-99B3-226B15F00B33,2026-09-16 09:59:30.543,
32A4B663-A129-4B81-A507-002D05716C46,C35146,20260914,OT1_5,0,2,70FC22FC-0972-4261-99B3-226B15F00B33,2026-09-15 17:20:47.590,
0CF78DDE-90E9-48E1-A1A0-A6D0B3A8F2D0,C35146,20260915,OT1_5,0,2,70FC22FC-0972-4261-99B3-226B15F00B33,2026-09-16 09:59:34.010,
CED62374-CE03-4E2A-93CA-31BEDD60CFFD,C35147,20260914,OT1_5,0,2,70FC22FC-0972-4261-99B3-226B15F00B33,2026-09-15 17:20:48.773,
4A63789A-D3A4-4C7C-8352-A31D170EED61,C35147,20260915,OT1_5,0,2,70FC22FC-0972-4261-99B3-226B15F00B33,2026-09-16 09:59:32.247,
AF7FD073-CE22-44D2-A882-B54E830B13F6,C35150,20260914,OT1_5,0,2,70FC22FC-0972-4261-99B3-226B15F00B33,2026-09-15 17:23:03.597,
47E1AB7D-111C-41CB-AB15-AB7229394F09,C35150,20260915,OT1_5,0,2,70FC22FC-0972-4261-99B3-226B15F00B33,2026-09-16 10:01:47.550,
90DB419C-0E2B-499B-B01A-41C554F348B1,C35151,20260914,OT1_5,0,2,70FC22FC-0972-4261-99B3-226B15F00B33,2026-09-15 17:23:12.517,
73AA5CE4-95B7-4397-86F9-00BC089326F4,C35151,20260915,OT1_5,0,2,70FC22FC-0972-4261-99B3-226B15F00B33,2026-09-16 10:01:55.590,
4084566E-4E72-4DE7-B5D2-EB17EB0FD442,C35157,20260914,OT1_5,0,2,70FC22FC-0972-4261-99B3-226B15F00B33,2026-09-15 17:23:08.720,
D1247705-A41E-47CE-B06C-59BAF05E84A5,C35157,20260915,OT1_5,0,2,70FC22FC-0972-4261-99B3-226B15F00B33,2026-09-16 10:01:49.227,
FA4B1FAC-CBDB-473A-B769-D05FE5418D11,C35158,20260914,OT1_5,0,2,70FC22FC-0972-4261-99B3-226B15F00B33,2026-09-15 17:23:16.467,
136072B8-B046-4263-9A7A-2F86D065BE35,C35158,20260915,OT1_5,0,2,70FC22FC-0972-4261-99B3-226B15F00B33,2026-09-16 10:01:55.917,
96136EE4-BEFC-463B-BDF7-57269B4668B9,C35159,20260914,OT1_5,0,2,70FC22FC-0972-4261-99B3-226B15F00B33,2026-09-15 17:23:14.000,
C4428B7E-A51E-4A98-ACE6-7115B4A72ABF,C35159,20260915,OT1_5,0,2,70FC22FC-0972-4261-99B3-226B15F00B33,2026-09-16 10:01:53.937,
550D6B27-8785-48A5-A746-363467490A49,C35160,20260914,OT1_5,0,2,70FC22FC-0972-4261-99B3-226B15F00B33,2026-09-15 17:23:08.870,
FD6739D7-BC0B-42DB-9559-72020171CE9C,C35160,20260915,OT1_5,0,2,70FC22FC-0972-4261-99B3-226B15F00B33,2026-09-16 10:01:46.733,
9E706A85-E931-42C6-AEEC-960C1917DA3E,C35164,20260914,OT1_5,0,2,70FC22FC-0972-4261-99B3-226B15F00B33,2026-09-15 17:23:14.683,
A0B16C32-EFC1-4DF4-867B-3D3CAFEA92AC,C35164,20260915,OT1_5,0,2,70FC22FC-0972-4261-99B3-226B15F00B33,2026-09-16 10:01:53.927,
DED434D3-D468-47CA-B842-75919726BD5D,C35165,20260914,OT1_5,0,2,70FC22FC-0972-4261-99B3-226B15F00B33,2026-09-15 17:23:18.420,
AC5CB899-5DEF-43A6-8637-4E7EDA435D9D,C35165,20260915,OT1_5,0,2,70FC22FC-0972-4261-99B3-226B15F00B33,2026-09-16 10:01:56.860,
6C4151CA-88D6-4A59-97F3-879736953269,C35166,20260914,OT1_5,0,2,70FC22FC-0972-4261-99B3-226B15F00B33,2026-09-15 17:23:16.857,
058311F4-C5DC-490C-8344-022C1FF725C6,C35166,20260915,OT1_5,0,2,70FC22FC-0972-4261-99B3-226B15F00B33,2026-09-16 10:01:55.367,
D2D3121A-CF80-44A4-887C-749D6F75D396,C35167,20260914,OT1_5,0,2,70FC22FC-0972-4261-99B3-226B15F00B33,2026-09-15 17:23:12.553,
659BB288-F027-4B16-8166-41F6E9E5FB06,C35167,20260915,OT1_5,0,2,70FC22FC-0972-4261-99B3-226B15F00B33,2026-09-16 10:01:47.030,
0614A52E-AD2B-4295-8C62-07D9C06A6598,C35168,20260914,OT1_5,0,2,70FC22FC-0972-4261-99B3-226B15F00B33,2026-09-15 17:23:07.030,
F39E20C6-DA6C-46F1-89A1-FC422A46E865,C35168,20260915,OT1_5,0,2,70FC22FC-0972-4261-99B3-226B15F00B33,2026-09-16 10:01:46.823,
5B7F4897-F19B-4876-9053-EF07027760C4,C35170,20260914,OT1_5,0,2,70FC22FC-0972-4261-99B3-226B15F00B33,2026-09-15 17:23:13.977,
66155FC8-4507-439D-B432-5025E567BCF8,C35170,20260915,OT1_5,0,2,70FC22FC-0972-4261-99B3-226B15F00B33,2026-09-16 10:01:53.913,
5B008B1A-3269-4A84-A560-1E5BFA87D9D8,C35174,20260914,OT1_5,0,2,70FC22FC-0972-4261-99B3-226B15F00B33,2026-09-15 17:23:09.023,
29919EDA-CF84-4916-B14C-ECCB24E94371,C35174,20260915,OT1_5,0,2,70FC22FC-0972-4261-99B3-226B15F00B33,2026-09-16 10:01:46.260,
198BF5C5-9415-463B-9E08-846913F01048,C35175,20260914,OT1_5,0,2,70FC22FC-0972-4261-99B3-226B15F00B33,2026-09-15 17:20:48.760,
9FBD10ED-E678-4EAB-A650-3E8859BE9810,C35175,20260915,OT1_5,0,2,70FC22FC-0972-4261-99B3-226B15F00B33,2026-09-16 09:59:34.113,
40296F06-3E65-4ED1-A73F-5ACE84552CC3,C35176,20260914,OT1_5,0,2,70FC22FC-0972-4261-99B3-226B15F00B33,2026-09-15 17:20:44.190,
9D47ABE2-655E-48C1-B7BA-6C295617B983,C35176,20260915,OT1_5,0,2,70FC22FC-0972-4261-99B3-226B15F00B33,2026-09-16 09:59:31.677,
6BF38188-0A83-499D-BF0A-8DB3AE9CDC6E,C35179,20260914,OT1_5,0,2,70FC22FC-0972-4261-99B3-226B15F00B33,2026-09-15 17:20:59.600,
4AC08954-D36C-469E-8153-AB832372969A,C35179,20260915,OT1_5,0,2,70FC22FC-0972-4261-99B3-226B15F00B33,2026-09-16 09:59:32.080,
C127F494-A2DB-4817-9407-52C6D6626245,C35180,20260914,OT1_5,0,2,70FC22FC-0972-4261-99B3-226B15F00B33,2026-09-15 17:20:56.517,
0CC02ED3-BEFD-4C31-A3C6-01D317345448,C35180,20260915,OT1_5,0,2,70FC22FC-0972-4261-99B3-226B15F00B33,2026-09-16 09:59:33.897,
C974FBF5-82FF-4FF3-86FA-E649136AB0A2,C35182,20260914,OT1_5,0,2,70FC22FC-0972-4261-99B3-226B15F00B33,2026-09-15 17:21:01.340,
79C48F5D-3AF3-4950-8744-80CA2F0CADA8,C35183,20260914,OT1_5,0,2.5,70FC22FC-0972-4261-99B3-226B15F00B33,2026-09-15 17:18:09.707,
573AADC9-F2E5-4B51-9579-551815C6967C,C35183,20260915,OT1_5,0,2.5,70FC22FC-0972-4261-99B3-226B15F00B33,2026-09-16 09:56:59.110,
47EDE58E-70F6-4F77-A208-D501D6F77088,C35189,20260914,OT1_5,0,2,70FC22FC-0972-4261-99B3-226B15F00B33,2026-09-15 17:21:02.440,
E8DF4C26-2409-4E7D-A3D1-279EC525C53E,C35189,20260915,OT1_5,0,2,70FC22FC-0972-4261-99B3-226B15F00B33,2026-09-16 09:59:39.597,
E7458890-3173-42DF-8EBD-5AA040B0C558,C35190,20260914,OT1_5,0,2,70FC22FC-0972-4261-99B3-226B15F00B33,2026-09-15 17:20:53.547,
849C4A21-810E-4EB7-83E4-0E92DA60E7AD,C35191,20260914,OT1_5,0,2,70FC22FC-0972-4261-99B3-226B15F00B33,2026-09-15 17:21:01.520,
E942E1D6-CC5A-4E53-BB97-CF7EBE7E40A8,C35191,20260915,OT1_5,0,2,70FC22FC-0972-4261-99B3-226B15F00B33,2026-09-16 09:59:38.617,
87BCA5CE-32F9-46D1-9D11-F573087975B1,C35192,20260914,OT1_5,0,2,70FC22FC-0972-4261-99B3-226B15F00B33,2026-09-15 17:20:56.960,
BBD092F2-3FC7-4F33-ABB1-07D437F1AD4B,C35192,20260915,OT1_5,0,2,70FC22FC-0972-4261-99B3-226B15F00B33,2026-09-16 09:59:35.683,
3C9498DE-3982-4E67-9264-16010D0842B1,C35193,20260914,OT1_5,0,2,70FC22FC-0972-4261-99B3-226B15F00B33,2026-09-15 17:20:58.827,
ABE38C53-45CA-4AA6-977B-C948CD226A14,C35196,20260914,OT1_5,0,2,70FC22FC-0972-4261-99B3-226B15F00B33,2026-09-15 17:20:47.320,
BE95C78C-954D-4D0B-B4C6-EC6534ED1988,C35196,20260915,OT1_5,0,2,70FC22FC-0972-4261-99B3-226B15F00B33,2026-09-16 09:59:32.647,
C5F71604-B2A0-4EC7-A9CF-A9B4E603BD66,C35197,20260914,OT1_5,0,2,70FC22FC-0972-4261-99B3-226B15F00B33,2026-09-15 17:21:02.647,
42770E5D-06D3-42C3-BE91-327085F9F4AB,C35197,20260915,OT1_5,0,2,70FC22FC-0972-4261-99B3-226B15F00B33,2026-09-16 09:59:39.760,
2F4A28A9-1B09-432C-AE1E-7C7BA6AD88EF,C35203,20260914,OT1_5,0,2,70FC22FC-0972-4261-99B3-226B15F00B33,2026-09-15 17:20:42.687,
9B3A0A60-B29D-44ED-89C4-035487E443F4,C35203,20260915,OT1_5,0,2,70FC22FC-0972-4261-99B3-226B15F00B33,2026-09-16 09:59:30.303,
18178BB2-59CB-43A8-840F-B5AC07485686,C35207,20260914,OT1_5,0,2,70FC22FC-0972-4261-99B3-226B15F00B33,2026-09-15 17:23:10.857,
2DD4C5E8-DA04-4753-A32A-5EEEC3D12CD3,C35207,20260915,OT1_5,0,2,70FC22FC-0972-4261-99B3-226B15F00B33,2026-09-16 10:01:51.273,
02124E99-120B-45EF-B92B-DB658CA0FB4C,C35208,20260914,OT1_5,0,2,70FC22FC-0972-4261-99B3-226B15F00B33,2026-09-15 17:20:53.377,
CC7D004D-3D93-4366-A88B-E1F86226B3D2,C35215,20260914,OT1_5,0,2,70FC22FC-0972-4261-99B3-226B15F00B33,2026-09-15 17:20:48.413,
99E141F1-5E25-4CFA-916C-87EEA12AB00F,C35217,20260914,OT1_5,0,2,70FC22FC-0972-4261-99B3-226B15F00B33,2026-09-15 17:21:02.870,
95AF32F3-6A84-4086-BC40-C5D717799AA5,C35218,20260914,OT1_5,0,1,70FC22FC-0972-4261-99B3-226B15F00B33,2026-09-15 17:21:06.743,
FEA89F12-526C-4D0D-A87C-061B9A1F88E6,C35223,20260914,OT1_5,0,2,70FC22FC-0972-4261-99B3-226B15F00B33,2026-09-15 17:20:40.780,
9EC17F73-954E-4965-9D1C-05E7C6FF7774,C35223,20260915,OT1_5,0,2,70FC22FC-0972-4261-99B3-226B15F00B33,2026-09-16 09:59:29.237,
6814EF1B-B03D-48A9-BC51-646D1B11FC9B,C35224,20260914,OT1_5,0,2,70FC22FC-0972-4261-99B3-226B15F00B33,2026-09-15 17:21:01.283,
19FCC98F-5188-48B7-96D0-4CBC386814F4,C35225,20260914,OT1_5,0,2,70FC22FC-0972-4261-99B3-226B15F00B33,2026-09-15 17:20:40.747,
AE2365B9-51B6-478E-8781-39A7CA9E7EBC,C35225,20260915,OT1_5,0,2,70FC22FC-0972-4261-99B3-226B15F00B33,2026-09-16 09:59:29.140,
F3169046-A2E7-4113-84FE-2A98E8B35183,C35226,20260914,OT1_5,0,2,70FC22FC-0972-4261-99B3-226B15F00B33,2026-09-15 17:20:44.547,
A89C6506-1C55-4E6F-A59C-7746D759B913,C35227,20260914,OT1_5,0,2,70FC22FC-0972-4261-99B3-226B15F00B33,2026-09-15 17:21:01.097,
B446D143-1FAF-43FF-A352-2910A372E375,C35228,20260914,OT1_5,0,2,70FC22FC-0972-4261-99B3-226B15F00B33,2026-09-15 17:21:00.870,
FD87D204-0B6A-4857-9C5A-E01449BE5975,C35229,20260914,OT1_5,0,2,70FC22FC-0972-4261-99B3-226B15F00B33,2026-09-15 17:21:03.373,
EBBF9494-2221-49A5-8FBA-9F060EC94FF5,C35229,20260915,OT1_5,0,2,70FC22FC-0972-4261-99B3-226B15F00B33,2026-09-16 09:59:34.880,
0B6EC0A6-9625-44A6-856F-9F4ED21A42D1,C35230,20260914,OT1_5,0,2,70FC22FC-0972-4261-99B3-226B15F00B33,2026-09-15 17:20:40.730,
60C78A7E-5141-42D7-AD7F-6B269FFE1371,C35230,20260915,OT1_5,0,2,70FC22FC-0972-4261-99B3-226B15F00B33,2026-09-16 09:59:29.163,
2FD32750-E421-4F9F-A6A9-4A0A5BACC74C,C35231,20260914,OT1_5,0,2,70FC22FC-0972-4261-99B3-226B15F00B33,2026-09-15 17:20:46.230,
03F74484-EA68-4B96-BDCE-1CD9712484F7,C35231,20260915,OT1_5,0,2,70FC22FC-0972-4261-99B3-226B15F00B33,2026-09-16 09:59:33.683,
3568EDF2-D625-46F5-8F5A-79615D7F2065,C35232,20260914,OT1_5,0,2,70FC22FC-0972-4261-99B3-226B15F00B33,2026-09-15 17:20:44.103,
D3CAEFF1-4098-4584-B24C-3C13BF32A07C,C35232,20260915,OT1_5,0,2,70FC22FC-0972-4261-99B3-226B15F00B33,2026-09-16 09:59:30.937,
0AAD932E-DC61-4EEB-AA96-1787D5F94014,C35233,20260914,OT1_5,0,2,70FC22FC-0972-4261-99B3-226B15F00B33,2026-09-15 17:20:53.820,
FC5E3EF1-7967-4C08-BBDB-FE97668783C9,C35233,20260915,OT1_5,0,2,70FC22FC-0972-4261-99B3-226B15F00B33,2026-09-16 09:59:34.320,
A9BBBFEB-8F8E-47F9-9343-BC4B22FCFC98,C35234,20260914,OT1_5,0,2,70FC22FC-0972-4261-99B3-226B15F00B33,2026-09-15 17:21:05.750,
05E3EA10-6066-4820-93C0-45D4D0B5AE74,C35234,20260915,OT1_5,0,2,70FC22FC-0972-4261-99B3-226B15F00B33,2026-09-16 09:59:33.273,
C642640A-7EFF-4EDC-8B25-10D64A0B2CE2,C35243,20260914,OT1_5,0,2,70FC22FC-0972-4261-99B3-226B15F00B33,2026-09-15 17:21:03.860,
33241B9D-2E26-4597-B081-2B7B85CC4668,C35247,20260914,OT1_5,0,2,70FC22FC-0972-4261-99B3-226B15F00B33,2026-09-15 17:21:00.147,
1FF39639-4B34-4B71-99BD-8D53C38BC0BE,C35247,20260915,OT1_5,0,2,70FC22FC-0972-4261-99B3-226B15F00B33,2026-09-16 09:59:36.763,
8CCC8FFE-902D-413B-9047-DF2632840AB6,C35250,20260914,OT1_5,0,2,70FC22FC-0972-4261-99B3-226B15F00B33,2026-09-15 17:20:57.393,
340C90EC-0BCF-48B3-BC92-BE8C29973BA9,C35250,20260915,OT1_5,0,2,70FC22FC-0972-4261-99B3-226B15F00B33,2026-09-16 09:59:35.337,
C2351139-B11F-42E0-BBD0-934BC88D4B2B,C35251,20260914,OT1_5,0,2,70FC22FC-0972-4261-99B3-226B15F00B33,2026-09-15 17:20:46.810,
9AFB14B1-F13F-4717-8BFF-8ABAE82D3D27,C35251,20260915,OT1_5,0,2,70FC22FC-0972-4261-99B3-226B15F00B33,2026-09-16 09:59:38.593,
7D1F9EEF-8942-4DA4-B4A0-3200C568C9A2,C35252,20260914,OT1_5,0,2,70FC22FC-0972-4261-99B3-226B15F00B33,2026-09-15 17:21:06.237,
4C44BFB3-3F4A-4403-A07B-AB563C054C19,C35256,20260914,OT1_5,0,2,70FC22FC-0972-4261-99B3-226B15F00B33,2026-09-15 17:21:00.810,
79CB6631-DB7E-4EAF-BAFB-7E671809BAB5,C35258,20260914,OT1_5,0,2,70FC22FC-0972-4261-99B3-226B15F00B33,2026-09-15 17:20:49.820,
D0AB271A-6E69-49B6-A7C0-264241FC13D3,C35258,20260915,OT1_5,0,2,70FC22FC-0972-4261-99B3-226B15F00B33,2026-09-16 09:59:29.613,
03961DAB-2852-4DEA-A1F2-3C76B07B1F1E,C35259,20260915,OT1_5,0,2,70FC22FC-0972-4261-99B3-226B15F00B33,2026-09-16 09:59:34.687,
87C9AF71-0478-479F-97F7-62F03737DED3,C35260,20260914,OT1_5,0,2,70FC22FC-0972-4261-99B3-226B15F00B33,2026-09-15 17:20:49.437,
9A75B5AB-0755-4A3F-B5DD-BB954A239009,C35260,20260915,OT1_5,0,2,70FC22FC-0972-4261-99B3-226B15F00B33,2026-09-16 09:59:37.043,
7DC00213-7CC3-4EF3-9264-D0B434995700,C35261,20260914,OT1_5,0,2,70FC22FC-0972-4261-99B3-226B15F00B33,2026-09-15 17:20:51.950,
D9F2D1BF-D08B-4448-A8FF-5E6C74A19599,C35264,20260915,OT1_5,0,2.5,70FC22FC-0972-4261-99B3-226B15F00B33,2026-09-16 09:56:59.260,
136BA4A1-9B1B-41CE-ABE4-8AB64F8D57E6,C35265,20260914,OT1_5,0,2,70FC22FC-0972-4261-99B3-226B15F00B33,2026-09-15 17:21:01.357,
73F233F6-5669-498C-A98B-754354A125F6,C35265,20260915,OT1_5,0,2,70FC22FC-0972-4261-99B3-226B15F00B33,2026-09-16 09:59:38.827,
39AE26DA-ADFD-485C-ABE7-7F19672B5BEE,C35268,20260914,OT1_5,0,2,70FC22FC-0972-4261-99B3-226B15F00B33,2026-09-15 17:23:14.467,
7911D737-457F-477A-B7DF-BDE3A6E3B27A,C35268,20260915,OT1_5,0,2,70FC22FC-0972-4261-99B3-226B15F00B33,2026-09-16 10:01:54.047,
A71F61BF-CE33-4274-B962-1641B33EFF4C,C35270,20260914,OT1_5,0,2,70FC22FC-0972-4261-99B3-226B15F00B33,2026-09-15 17:23:08.643,
F4C5800F-0987-485A-9EC6-525E4BC9FD3A,C35270,20260915,OT1_5,0,2,70FC22FC-0972-4261-99B3-226B15F00B33,2026-09-16 10:01:42.630,
9AF04C72-3654-47F8-9252-E163C13625B9,C35271,20260914,OT1_5,0,2,70FC22FC-0972-4261-99B3-226B15F00B33,2026-09-15 17:23:04.120,
DA3C9A1F-8710-403B-B7DC-D5EAF2B3A8B1,C35271,20260915,OT1_5,0,2,70FC22FC-0972-4261-99B3-226B15F00B33,2026-09-16 10:01:43.680,
0C71AC9D-27CA-4661-A65B-5D0917399377,C35272,20260914,OT1_5,0,2,70FC22FC-0972-4261-99B3-226B15F00B33,2026-09-15 17:23:12.733,
820026B1-FF40-488C-AFE5-1AD75C4424FC,C35272,20260915,OT1_5,0,2,70FC22FC-0972-4261-99B3-226B15F00B33,2026-09-16 10:01:51.230,
93C7D438-AF92-45A6-B8D6-6ED6537ED7C4,C35273,20260914,OT1_5,0,2,70FC22FC-0972-4261-99B3-226B15F00B33,2026-09-15 17:23:08.563,
BB97A941-3421-441B-8C1C-78547D776903,C35273,20260915,OT1_5,0,2,70FC22FC-0972-4261-99B3-226B15F00B33,2026-09-16 10:01:52.110,
90FA537F-B8EE-4CB3-81D3-0B017C1B6181,C35274,20260914,OT1_5,0,2,70FC22FC-0972-4261-99B3-226B15F00B33,2026-09-15 17:23:07.690,
E238A9AB-BEE7-44DE-A53D-C6E79507B9BF,C35274,20260915,OT1_5,0,2,70FC22FC-0972-4261-99B3-226B15F00B33,2026-09-16 10:01:46.020,
1B6F1ECE-82F3-47D7-A4FC-765158AE5543,C35275,20260914,OT1_5,0,2,70FC22FC-0972-4261-99B3-226B15F00B33,2026-09-15 17:23:05.283,
97F42D67-77B2-487B-8EAB-285675655F11,C35275,20260915,OT1_5,0,2,70FC22FC-0972-4261-99B3-226B15F00B33,2026-09-16 10:01:43.690,
2234D181-3A3A-4B57-AC03-1D7709D77C1E,C35276,20260914,OT1_5,0,2,70FC22FC-0972-4261-99B3-226B15F00B33,2026-09-15 17:23:12.840,
CF020C75-1614-46FE-84C5-AB80EE37490B,C35276,20260915,OT1_5,0,2,70FC22FC-0972-4261-99B3-226B15F00B33,2026-09-16 10:01:53.263,
A49F6E12-1C93-45C0-8F13-DA42847E264C,C35277,20260914,OT1_5,0,2,70FC22FC-0972-4261-99B3-226B15F00B33,2026-09-15 17:23:12.980,
9C18C938-D5C7-4AD0-A2F8-FFDD70AF3F57,C35277,20260915,OT1_5,0,2,70FC22FC-0972-4261-99B3-226B15F00B33,2026-09-16 10:01:53.307,
E3636448-7156-408C-B804-5DDC0B8A8F05,C35278,20260914,OT1_5,0,2,70FC22FC-0972-4261-99B3-226B15F00B33,2026-09-15 17:23:10.373,
16E6C1D7-A2F6-47BE-A12C-CC59F37B663B,C35278,20260915,OT1_5,0,2,70FC22FC-0972-4261-99B3-226B15F00B33,2026-09-16 10:01:52.057,
16661773-97C6-483E-A916-E3D279210EF2,C35280,20260914,OT1_5,0,2,70FC22FC-0972-4261-99B3-226B15F00B33,2026-09-15 17:23:06.227,
1C6913DE-0BE5-4336-8A31-56971186B4DA,C35280,20260915,OT1_5,0,2,70FC22FC-0972-4261-99B3-226B15F00B33,2026-09-16 10:01:44.330,
EEF2272F-C027-4781-BA77-BE7773B19C98,C35281,20260914,OT1_5,0,2,70FC22FC-0972-4261-99B3-226B15F00B33,2026-09-15 17:23:08.427,
569DC3F0-B52C-47DA-A54F-6C16AEDC2E2A,C35281,20260915,OT1_5,0,2,70FC22FC-0972-4261-99B3-226B15F00B33,2026-09-16 10:01:44.913,
B294AF98-8EEF-4E58-B852-5267B597F592,C35282,20260914,OT1_5,0,2,70FC22FC-0972-4261-99B3-226B15F00B33,2026-09-15 17:23:03.637,
3DB133B2-A908-4E3F-83F5-77FA1FEBBD88,C35282,20260915,OT1_5,0,2,70FC22FC-0972-4261-99B3-226B15F00B33,2026-09-16 10:01:44.053,
A88667FD-FB7E-4364-8F34-A3B1A8EFFF2A,C35286,20260915,OT1_5,0,2,70FC22FC-0972-4261-99B3-226B15F00B33,2026-09-16 10:01:43.537,
AB1F508E-FEAE-4771-8CFC-0ED72794A067,C35287,20260914,OT1_5,0,2,70FC22FC-0972-4261-99B3-226B15F00B33,2026-09-15 17:23:03.650,
48C19D80-C65B-4524-9CCC-BA3F5FC9EF96,C35287,20260915,OT1_5,0,2,70FC22FC-0972-4261-99B3-226B15F00B33,2026-09-16 10:01:43.507,
1DEA8106-563E-4A35-B3E8-71551A5AD2BE,C35288,20260914,OT1_5,0,2,70FC22FC-0972-4261-99B3-226B15F00B33,2026-09-15 17:18:00.497,
E11A0E17-83A4-4C70-83DC-8EE866CAD7B1,C35288,20260915,OT1_5,0,2,70FC22FC-0972-4261-99B3-226B15F00B33,2026-09-16 09:56:56.190,
C7F91C0A-0484-4209-8F78-3E597DC7683D,C35291,20260914,OT1_5,0,2,70FC22FC-0972-4261-99B3-226B15F00B33,2026-09-15 17:23:10.093,
0ED1B96F-E773-4C63-BD82-6277A0CD3264,C35291,20260915,OT1_5,0,2,70FC22FC-0972-4261-99B3-226B15F00B33,2026-09-16 10:01:51.283,
218156DE-F40E-47B6-864D-72422EFB9C48,C35292,20260914,OT1_5,0,2,70FC22FC-0972-4261-99B3-226B15F00B33,2026-09-15 17:23:13.943,
F1E6E9E8-CCED-46E1-809D-A988B126D3C7,C35292,20260915,OT1_5,0,2,70FC22FC-0972-4261-99B3-226B15F00B33,2026-09-16 10:01:54.090,
967AB5B9-2F29-46D6-93A7-06F0C4E3521A,C35294,20260914,OT1_5,0,2,70FC22FC-0972-4261-99B3-226B15F00B33,2026-09-15 17:23:16.053,
E9683D79-2F9B-48DD-AAA5-1D02E0E0F6A8,C35294,20260915,OT1_5,0,2,70FC22FC-0972-4261-99B3-226B15F00B33,2026-09-16 10:01:51.240,
887DC552-D476-4914-8421-3B1463B292A0,C35295,20260914,OT1_5,0,2,70FC22FC-0972-4261-99B3-226B15F00B33,2026-09-15 17:21:03.140,
D03A7451-00C0-4BCA-AF88-9BCA8BDAEB2F,C35296,20260914,OT1_5,0,2,70FC22FC-0972-4261-99B3-226B15F00B33,2026-09-15 17:21:05.727,
11563422-D1A0-4F9C-A9CC-1655400B609D,C35297,20260914,OT1_5,0,2,70FC22FC-0972-4261-99B3-226B15F00B33,2026-09-15 17:20:58.237,
AC6336F2-713A-4A23-B57C-80D8B3F33025,C35297,20260915,OT1_5,0,2,70FC22FC-0972-4261-99B3-226B15F00B33,2026-09-16 09:59:40.913,
74E29693-1742-47D0-9D40-6CA3A34A41FC,C35300,20260914,OT1_5,0,2,70FC22FC-0972-4261-99B3-226B15F00B33,2026-09-15 17:20:55.313,
E64FA5DC-78F6-4923-A54A-C90C4B92FFB7,C35300,20260915,OT1_5,0,2,70FC22FC-0972-4261-99B3-226B15F00B33,2026-09-16 09:59:39.897,
A8DD3D5C-F3C1-4EAC-950F-3B1D5F04FD08,C35301,20260914,OT1_5,0,2,70FC22FC-0972-4261-99B3-226B15F00B33,2026-09-15 17:20:55.273,
CF621579-7331-4654-A9D5-1E9CD7D8640D,C35301,20260915,OT1_5,0,2,70FC22FC-0972-4261-99B3-226B15F00B33,2026-09-16 09:59:36.823,
F8AD3E5A-110D-4BBF-AF93-DA8EF745DBBD,C35305,20260914,OT1_5,0,2,70FC22FC-0972-4261-99B3-226B15F00B33,2026-09-15 17:21:05.403,
0BE99996-7BCE-4DB2-AD9E-3A2B9001E98C,C35305,20260915,OT1_5,0,2,70FC22FC-0972-4261-99B3-226B15F00B33,2026-09-16 09:59:40.063,
51972D58-102C-474A-8341-D80A6085A1E8,C35306,20260914,OT1_5,0,4,70FC22FC-0972-4261-99B3-226B15F00B33,2026-09-15 17:20:39.450,
1D623959-EDDD-42A4-AD93-A99D25D32219,C35306,20260915,OT1_5,0,4,70FC22FC-0972-4261-99B3-226B15F00B33,2026-09-16 09:59:41.100,
0C4ABC23-CE50-491D-8022-3DAD973752D6,C35307,20260914,OT1_5,0,4,70FC22FC-0972-4261-99B3-226B15F00B33,2026-09-15 17:20:39.577,
AA44E4D8-2D79-4D9D-8A44-642FD9757E40,C35307,20260915,OT1_5,0,2,70FC22FC-0972-4261-99B3-226B15F00B33,2026-09-16 09:59:31.907,
67576292-B9DE-44CC-849C-FC6A5A8AD2EE,C35308,20260914,OT1_5,0,2,70FC22FC-0972-4261-99B3-226B15F00B33,2026-09-15 17:20:59.323,
C981C1AA-AD63-4A44-8300-5846864913B9,C35309,20260914,OT1_5,0,2,70FC22FC-0972-4261-99B3-226B15F00B33,2026-09-15 17:20:54.217,
8A219FE8-F3BD-4589-BF4C-7BD669B0AB05,C35310,20260914,OT1_5,0,2,70FC22FC-0972-4261-99B3-226B15F00B33,2026-09-15 17:20:55.093,
F78AF5CC-BC85-43A2-BA0C-7B6EEC7360E7,C35311,20260914,OT1_5,0,2,70FC22FC-0972-4261-99B3-226B15F00B33,2026-09-15 17:20:48.403,
872DE8B1-5A8B-42A0-8C5F-1FC55ED5485C,C35311,20260915,OT1_5,0,3,70FC22FC-0972-4261-99B3-226B15F00B33,2026-09-16 09:59:41.057,
061839E5-AC5B-4241-9BC7-3DEEF322132A,C35318,20260914,OT1_5,0,2,70FC22FC-0972-4261-99B3-226B15F00B33,2026-09-15 17:20:07.047,
9C43EE70-2CDE-4A0D-BD12-94627B41A26B,C35318,20260915,OT1_5,0,2,70FC22FC-0972-4261-99B3-226B15F00B33,2026-09-16 09:59:33.760,
7BD49821-D8C5-4793-84FF-58944EE6D6E9,C35321,20260914,OT1_5,0,2,70FC22FC-0972-4261-99B3-226B15F00B33,2026-09-15 17:20:55.040,
8FB83F66-2021-4898-BD44-FA06D77BFE1E,C35324,20260914,OT1_5,0,2,70FC22FC-0972-4261-99B3-226B15F00B33,2026-09-15 17:20:41.817,
5582A289-8880-4861-8061-FDCED6C87078,C35325,20260914,OT1_5,0,2,70FC22FC-0972-4261-99B3-226B15F00B33,2026-09-15 17:20:57.847,
3F24B8CE-F634-4FBA-8F32-7DA202101D6D,C35325,20260915,OT1_5,0,2,70FC22FC-0972-4261-99B3-226B15F00B33,2026-09-16 09:59:32.467,
F7A02CF0-617A-4A42-B100-2262CD2DDE6E,C35327,20260915,OT1_5,0,2,70FC22FC-0972-4261-99B3-226B15F00B33,2026-09-16 09:59:39.243,
9E94868C-3A09-4DFD-BC5A-282BC1033B9C,C35328,20260914,OT1_5,0,2,70FC22FC-0972-4261-99B3-226B15F00B33,2026-09-15 17:20:48.973,
D71C15F6-D2B8-4FC7-A5C6-96A4A070CE4B,C35328,20260915,OT1_5,0,2,70FC22FC-0972-4261-99B3-226B15F00B33,2026-09-16 09:59:32.957,
4E6E86C4-62C7-4490-BDC7-A73872CD44CB,C35329,20260914,OT1_5,0,2,70FC22FC-0972-4261-99B3-226B15F00B33,2026-09-15 17:20:40.173,
E4910EEC-94A3-479A-8F69-90E72A544C98,C35329,20260915,OT1_5,0,2,70FC22FC-0972-4261-99B3-226B15F00B33,2026-09-16 09:59:28.940,
5F0B47EC-4C4B-4B09-AEEE-7C392E2367F0,C35333,20260914,OT1_5,0,2,70FC22FC-0972-4261-99B3-226B15F00B33,2026-09-15 17:23:01.667,
03CAD721-DAD5-4CC8-BE15-DAF670F9FD9B,C35333,20260915,OT1_5,0,2,70FC22FC-0972-4261-99B3-226B15F00B33,2026-09-16 10:01:53.627,
AD49DA1D-8256-4138-8D97-40E2F40AB72F,C35336,20260914,OT1_5,0,2,70FC22FC-0972-4261-99B3-226B15F00B33,2026-09-15 17:23:14.843,
0EF26468-FED4-4205-B5BF-8566ECD3DB7A,C35336,20260915,OT1_5,0,2,70FC22FC-0972-4261-99B3-226B15F00B33,2026-09-16 10:01:55.293,
F683F7FC-12F4-44F2-BD87-5D814CCA0B4F,C35338,20260914,OT1_5,0,2,70FC22FC-0972-4261-99B3-226B15F00B33,2026-09-15 17:23:10.227,
365563DC-FF8B-4063-9565-AB762A4489EA,C35343,20260914,OT1_5,0,2,70FC22FC-0972-4261-99B3-226B15F00B33,2026-09-15 17:20:52.753,
8CFDD3BF-902A-46F6-B89A-504A656E84EE,C35343,20260915,OT1_5,0,2,70FC22FC-0972-4261-99B3-226B15F00B33,2026-09-16 09:59:36.900,
A3CF5202-7296-4BB0-9D1E-D8428B29C963,C35347,20260914,OT1_5,0,2,70FC22FC-0972-4261-99B3-226B15F00B33,2026-09-15 17:23:14.357,
1235E912-5650-47A2-8D11-8F7FD440A5A2,C35347,20260915,OT1_5,0,2,70FC22FC-0972-4261-99B3-226B15F00B33,2026-09-16 10:01:55.303,
7DEB295B-3E64-4BCC-A611-9EA9221CFD35,C35349,20260914,OT1_5,0,2,70FC22FC-0972-4261-99B3-226B15F00B33,2026-09-15 17:21:36.383,
A0DCD7F7-475F-49F9-B142-4BC7A77BC680,C35349,20260915,OT1_5,0,2,70FC22FC-0972-4261-99B3-226B15F00B33,2026-09-16 10:00:12.740,
57E1C449-C296-4CE4-8109-574FCB0A7995,C35350,20260914,OT1_5,0,2,70FC22FC-0972-4261-99B3-226B15F00B33,2026-09-15 17:20:47.430,
062671D4-B99B-4A60-B07E-07096C56EBF6,C35352,20260914,OT1_5,0,2,70FC22FC-0972-4261-99B3-226B15F00B33,2026-09-15 17:21:05.023,
4F903E18-9330-46D8-8418-3F497EE6DA14,C35354,20260914,OT1_5,0,2,70FC22FC-0972-4261-99B3-226B15F00B33,2026-09-15 17:20:54.427,
C06E4155-D41D-4B68-9569-CB7EF02BC0BD,C35355,20260914,OT1_5,0,2,70FC22FC-0972-4261-99B3-226B15F00B33,2026-09-15 17:20:47.420,
194E438F-E98E-4050-A532-05433CC7B6F2,C35356,20260914,OT1_5,0,2,70FC22FC-0972-4261-99B3-226B15F00B33,2026-09-15 17:20:48.923,
12DB17D1-FEAB-43C5-A479-13B8B5D661FA,C35358,20260914,OT1_5,0,2,70FC22FC-0972-4261-99B3-226B15F00B33,2026-09-15 17:21:05.393,
9C3A9AC3-E351-4FBA-8697-CDE87F648AA8,C35358,20260915,OT1_5,0,2,70FC22FC-0972-4261-99B3-226B15F00B33,2026-09-16 09:59:35.593,
CE6A3FDC-1C91-4711-914C-7F3FF9B8E74F,C35359,20260914,OT1_5,0,2,70FC22FC-0972-4261-99B3-226B15F00B33,2026-09-15 17:20:52.563,
F0F166FC-4C1A-4A21-98E7-588D9D0A70EF,C35359,20260915,OT1_5,0,2,70FC22FC-0972-4261-99B3-226B15F00B33,2026-09-16 09:59:36.323,
42E4EB87-9716-44DA-B035-F413D37AA8C9,C35361,20260914,OT1_5,0,2,70FC22FC-0972-4261-99B3-226B15F00B33,2026-09-15 17:20:45.183,
98B8A4B5-D0FA-4E15-840E-08348D92E676,C35363,20260914,OT1_5,0,2,70FC22FC-0972-4261-99B3-226B15F00B33,2026-09-15 17:20:59.303,
47FE4FB5-BEC9-4502-9855-1B274ADFC705,C35364,20260914,OT1_5,0,1,70FC22FC-0972-4261-99B3-226B15F00B33,2026-09-15 17:21:06.650,
7706E6FC-308D-43F2-884D-B980F7C9FB69,C35364,20260915,OT1_5,0,2,70FC22FC-0972-4261-99B3-226B15F00B33,2026-09-16 09:59:37.597,
204CD1AB-18D8-40EC-A570-853335A08361,C35365,20260914,OT1_5,0,2,70FC22FC-0972-4261-99B3-226B15F00B33,2026-09-15 17:20:48.123,
5BE52E52-A8CC-4512-B7CD-A173A3AACAAC,C35365,20260915,OT1_5,0,2,70FC22FC-0972-4261-99B3-226B15F00B33,2026-09-16 09:59:32.883,
3C5F8BAC-86D7-4B50-84F8-C280370B8D96,C35366,20260914,OT1_5,0,2,70FC22FC-0972-4261-99B3-226B15F00B33,2026-09-15 17:20:56.617,
39A0BCA6-08B3-4479-937E-6E5B76566954,C35366,20260915,OT1_5,0,2,70FC22FC-0972-4261-99B3-226B15F00B33,2026-09-16 09:59:36.883,
6703348A-28A3-4471-9FBE-E559BCD44050,C35367,20260914,OT1_5,0,2,70FC22FC-0972-4261-99B3-226B15F00B33,2026-09-15 17:20:39.850,
57C61DDC-7E6C-4246-8043-9438B9F627A6,C35368,20260914,OT1_5,0,2,70FC22FC-0972-4261-99B3-226B15F00B33,2026-09-15 17:20:51.247,
B406CDD7-7640-4E07-A709-1CAFAFA3CDE1,C35368,20260915,OT1_5,0,2,70FC22FC-0972-4261-99B3-226B15F00B33,2026-09-16 09:59:36.983,
F07CDF34-CA84-4A58-8F25-C0A4A68D6316,C35370,20260914,OT1_5,0,2,70FC22FC-0972-4261-99B3-226B15F00B33,2026-09-15 17:21:03.670,
92D49CB6-06FE-4729-8392-309D68C4D4A3,C35370,20260915,OT1_5,0,2,70FC22FC-0972-4261-99B3-226B15F00B33,2026-09-16 09:59:40.427,
18C3C09F-7FFD-42E4-86CC-6D645F66E419,C35373,20260914,OT1_5,0,2,70FC22FC-0972-4261-99B3-226B15F00B33,2026-09-15 17:20:52.403,
E0B259A3-76C7-4E5A-A6DD-1C8168475DD9,C35373,20260915,OT1_5,0,2,70FC22FC-0972-4261-99B3-226B15F00B33,2026-09-16 09:59:32.757,
7436FD7F-7089-4AB4-881E-6082EA7260E1,C35380,20260914,OT1_5,0,2,70FC22FC-0972-4261-99B3-226B15F00B33,2026-09-15 17:20:54.710,
807FCFA6-62F6-422A-99B7-FF69B5123610,C35380,20260915,OT1_5,0,2,70FC22FC-0972-4261-99B3-226B15F00B33,2026-09-16 09:59:35.610,
D44143E0-9058-4988-A323-47676BC1FF44,C35381,20260914,OT1_5,0,2,70FC22FC-0972-4261-99B3-226B15F00B33,2026-09-15 17:23:01.883,
87142E94-E2DD-48F7-A01A-89F20EC4AF2C,C35381,20260915,OT1_5,0,2,70FC22FC-0972-4261-99B3-226B15F00B33,2026-09-16 10:01:42.860,
9BE1EB7D-2528-4D0E-A9A5-E9FF9C444F7F,C35397,20260914,OT1_5,0,2,70FC22FC-0972-4261-99B3-226B15F00B33,2026-09-15 17:23:07.360,
5F46D719-C805-4710-8CC5-48EB149DD920,C35397,20260915,OT1_5,0,2,70FC22FC-0972-4261-99B3-226B15F00B33,2026-09-16 10:01:44.903,
49B0E2A2-5901-4395-B30B-4C47BCC0B3C7,C35398,20260914,OT1_5,0,2,70FC22FC-0972-4261-99B3-226B15F00B33,2026-09-15 17:23:10.270,
EF47A3DE-EEF3-457B-B8AC-9F39A6DD33C3,C35401,20260914,OT1_5,0,2,70FC22FC-0972-4261-99B3-226B15F00B33,2026-09-15 17:21:35.240,
560890FA-4813-487C-BB04-AD172191B262,C35401,20260915,OT1_5,0,2,70FC22FC-0972-4261-99B3-226B15F00B33,2026-09-16 10:00:13.320,
DDC72BC8-2A30-485D-B7CB-7B9FD676BE8F,C35403,20260915,OT1_5,0,2,70FC22FC-0972-4261-99B3-226B15F00B33,2026-09-16 09:59:35.407,
35891B17-4A7F-4B10-A85E-566D4962F654,C35405,20260915,OT1_5,0,2,70FC22FC-0972-4261-99B3-226B15F00B33,2026-09-16 10:01:51.870,
F3F26022-53BC-4597-8253-595D72C0B913,C35408,20260915,OT1_5,0,2,70FC22FC-0972-4261-99B3-226B15F00B33,2026-09-16 10:01:51.153,
0EEC638A-EE9C-47FC-8C02-ED5DD4D8399B,C35411,20260914,OT1_5,0,2,70FC22FC-0972-4261-99B3-226B15F00B33,2026-09-15 17:23:06.640,
DEDE1FAA-B6A6-4A7B-AFF2-A0F99F50B8E7,C35412,20260914,OT1_5,0,2,70FC22FC-0972-4261-99B3-226B15F00B33,2026-09-15 17:23:08.093,
B3FBB73A-6C08-4028-AA23-D770986EAC1D,C35412,20260915,OT1_5,0,2,70FC22FC-0972-4261-99B3-226B15F00B33,2026-09-16 10:01:45.860,
64E4E54A-2D81-44F7-923D-FB9457409FA9,C35414,20260914,OT1_5,0,2,70FC22FC-0972-4261-99B3-226B15F00B33,2026-09-15 17:23:12.437,
D9529797-24BE-41C0-858D-31D4A02D2D81,C35418,20260914,OT1_5,0,2,70FC22FC-0972-4261-99B3-226B15F00B33,2026-09-15 17:20:56.410,
D9F96E6C-5BE5-45B0-B4A7-5A077E2F0241,C35418,20260915,OT1_5,0,2,70FC22FC-0972-4261-99B3-226B15F00B33,2026-09-16 09:59:34.140,
7CDCF27C-FA5D-4B4A-93BA-4F0145F036BA,C35419,20260914,OT1_5,0,2,70FC22FC-0972-4261-99B3-226B15F00B33,2026-09-15 17:20:52.543,
80119AA8-DBC1-41FC-9EF5-47D205EAFB75,C35419,20260915,OT1_5,0,2,70FC22FC-0972-4261-99B3-226B15F00B33,2026-09-16 09:59:36.787,
3A7ED1FC-C79A-42E2-851A-880D7AC4E16B,C35421,20260914,OT1_5,0,2,70FC22FC-0972-4261-99B3-226B15F00B33,2026-09-15 17:20:52.353,
45EBB3AD-312C-4619-B3E8-69C0F5E833BB,C35421,20260915,OT1_5,0,2,70FC22FC-0972-4261-99B3-226B15F00B33,2026-09-16 09:59:31.660,
D101833A-3F60-4CE5-8107-0ED0F7AC326D,C35422,20260914,OT1_5,0,2,70FC22FC-0972-4261-99B3-226B15F00B33,2026-09-15 17:20:52.343,
56E183AD-D376-42C7-9F31-4593D593039D,C35422,20260915,OT1_5,0,2,70FC22FC-0972-4261-99B3-226B15F00B33,2026-09-16 09:59:31.437,
F18F35B9-8BBD-4EAE-86C2-91362ABFC466,C35423,20260914,OT1_5,0,2,70FC22FC-0972-4261-99B3-226B15F00B33,2026-09-15 17:23:17.723,
C5ACBDC6-3700-46AB-AE77-C2DEA7E0E298,C35423,20260915,OT1_5,0,2,70FC22FC-0972-4261-99B3-226B15F00B33,2026-09-16 10:01:56.200,
014B846D-809F-4D26-A69A-2F529B052567,C35425,20260914,OT1_5,0,2,70FC22FC-0972-4261-99B3-226B15F00B33,2026-09-15 17:21:35.660,
D3911158-7458-4DF0-AA65-297EA3FBFFAF,C35425,20260915,OT1_5,0,2,70FC22FC-0972-4261-99B3-226B15F00B33,2026-09-16 10:00:13.103,
7D312AC2-8E8E-4457-ABFE-708EB82AA862,C35427,20260914,OT1_5,0,2,70FC22FC-0972-4261-99B3-226B15F00B33,2026-09-15 17:23:04.657,
47E12B7C-203B-4161-B5A5-6DFDDBAFC31F,C35427,20260915,OT1_5,0,2,70FC22FC-0972-4261-99B3-226B15F00B33,2026-09-16 10:01:43.410,
52FF269B-9C00-4F9A-AD80-3D5441EB3AA6,C35429,20260914,OT1_5,0,4,70FC22FC-0972-4261-99B3-226B15F00B33,2026-09-15 17:23:19.047,
CCFF8052-A32C-4311-8EEE-8D73E482C245,C35429,20260915,OT1_5,0,2,70FC22FC-0972-4261-99B3-226B15F00B33,2026-09-16 10:01:55.573,
79C06CB0-A914-4750-8559-BF93ECA69FDC,C35433,20260914,OT1_5,0,2,70FC22FC-0972-4261-99B3-226B15F00B33,2026-09-15 17:20:42.910,
FD254583-22A4-45B3-A486-495F84EEDD41,C35434,20260914,OT1_5,0,2,70FC22FC-0972-4261-99B3-226B15F00B33,2026-09-15 17:21:03.557,
BE354E0F-9FA5-4519-AC09-AA72139C3B5C,C35437,20260914,OT1_5,0,2,70FC22FC-0972-4261-99B3-226B15F00B33,2026-09-15 17:20:50.913,
75588A7B-CE65-4E86-B7E4-958B003AABD6,C35438,20260914,OT1_5,0,2,70FC22FC-0972-4261-99B3-226B15F00B33,2026-09-15 17:21:03.457,
B9A865E8-42D9-47DF-BFCA-D5CAFCD31136,C35438,20260915,OT1_5,0,2,70FC22FC-0972-4261-99B3-226B15F00B33,2026-09-16 09:59:40.123,
AC489CD5-F600-4CA5-8C93-6C56520F40AD,C35439,20260914,OT1_5,0,2,70FC22FC-0972-4261-99B3-226B15F00B33,2026-09-15 17:20:49.797,
45E9F38F-4685-4808-8926-E936C4A1D1E0,C35439,20260915,OT1_5,0,2,70FC22FC-0972-4261-99B3-226B15F00B33,2026-09-16 09:59:35.697,
D6620032-BD88-446A-AB05-FD29382C2B28,C35441,20260914,OT1_5,0,2,70FC22FC-0972-4261-99B3-226B15F00B33,2026-09-15 17:18:01.590,
D2421F44-FD6C-44AC-9675-0A462D3F17F2,C35442,20260914,OT1_5,0,2,70FC22FC-0972-4261-99B3-226B15F00B33,2026-09-15 17:18:00.473,
AF842FBA-4244-487C-8955-932ECF6F30B4,C35442,20260915,OT1_5,0,2,70FC22FC-0972-4261-99B3-226B15F00B33,2026-09-16 09:56:54.770,
697B1942-585E-4782-93AC-0CAA9AD19FAD,C35443,20260914,OT1_5,0,2,70FC22FC-0972-4261-99B3-226B15F00B33,2026-09-15 17:23:12.313,
746A5011-9AB1-4E78-ACF4-8A3045B62BBA,C35444,20260914,OT1_5,0,2,70FC22FC-0972-4261-99B3-226B15F00B33,2026-09-15 17:23:09.353,
FB056C27-85D3-4D19-97AF-2B6B3D9EFF65,C35444,20260915,OT1_5,0,2,70FC22FC-0972-4261-99B3-226B15F00B33,2026-09-16 10:01:50.297,
7BA7BFC4-B2C6-4673-AFBA-9E16D79D8CD4,C35446,20260914,OT1_5,0,2,70FC22FC-0972-4261-99B3-226B15F00B33,2026-09-15 17:23:11.117,
B8406309-050E-4C3D-A4B9-03984D1A9BB3,C35448,20260915,OT1_5,0,2,70FC22FC-0972-4261-99B3-226B15F00B33,2026-09-16 10:01:50.307,
EB50B3E4-6633-426A-8DDD-93D1B1DEE838,C35449,20260914,OT1_5,0,2,70FC22FC-0972-4261-99B3-226B15F00B33,2026-09-15 17:23:03.487,
24ABC60B-D738-4C1D-96CB-61E56A760104,C35449,20260915,OT1_5,0,2,70FC22FC-0972-4261-99B3-226B15F00B33,2026-09-16 10:01:44.973,
C3F6C7D2-8214-4030-97EC-DE7517517951,C35450,20260914,OT1_5,0,2,70FC22FC-0972-4261-99B3-226B15F00B33,2026-09-15 17:23:15.250,
070C34C6-3AF9-498B-8741-16A7A79E28C3,C35450,20260915,OT1_5,0,2,70FC22FC-0972-4261-99B3-226B15F00B33,2026-09-16 10:01:55.030,
D463ED07-CCBE-4B03-AF6E-666DE10A543A,C35451,20260914,OT1_5,0,2,70FC22FC-0972-4261-99B3-226B15F00B33,2026-09-15 17:23:11.143,
798494A5-276D-43C9-955B-DE07AB644893,C35451,20260915,OT1_5,0,2,70FC22FC-0972-4261-99B3-226B15F00B33,2026-09-16 10:01:51.100,
96A14DD4-726B-4CDD-B48E-74B43E4ED403,C35453,20260914,OT1_5,0,2,70FC22FC-0972-4261-99B3-226B15F00B33,2026-09-15 17:23:01.773,
41314526-BE1E-45DC-8CD1-520F79D68460,C35453,20260915,OT1_5,0,2,70FC22FC-0972-4261-99B3-226B15F00B33,2026-09-16 10:01:44.657,
767CC2E4-8698-456C-AF6B-39349B58C6BE,C35455,20260914,OT1_5,0,2,70FC22FC-0972-4261-99B3-226B15F00B33,2026-09-15 17:20:51.460,
DA7AA1E8-2E86-427E-B4E9-EB71582694FE,C35458,20260914,OT1_5,0,2,70FC22FC-0972-4261-99B3-226B15F00B33,2026-09-15 17:18:57.590,
EFE2D14B-F1DB-43E9-BA22-B459ECB6B88A,C35458,20260915,OT1_5,0,2,70FC22FC-0972-4261-99B3-226B15F00B33,2026-09-16 09:57:40.430,
CB4C8A17-45AE-4B5E-A0E9-680C183B4CA4,C35461,20260914,OT1_5,0,2,70FC22FC-0972-4261-99B3-226B15F00B33,2026-09-15 17:20:42.033,
3771BDC2-D6B4-4F3B-BD0C-47298EA306A3,C35461,20260915,OT1_5,0,2,70FC22FC-0972-4261-99B3-226B15F00B33,2026-09-16 09:59:29.917,
7263658B-9530-440C-887C-C5FA4CD9F1A2,C35463,20260914,OT1_5,0,2,70FC22FC-0972-4261-99B3-226B15F00B33,2026-09-15 17:20:43.620,
4EAAC6D7-452B-43CF-98B0-66D92FB2A29C,C35463,20260915,OT1_5,0,2,70FC22FC-0972-4261-99B3-226B15F00B33,2026-09-16 09:59:30.457,
7C3D31F4-91AF-478B-B54C-28B0C4FFA5A4,C35464,20260914,OT1_5,0,2,70FC22FC-0972-4261-99B3-226B15F00B33,2026-09-15 17:21:01.787,
BA0B00DF-C590-4809-9E6E-355EC96E238E,C35464,20260915,OT1_5,0,2,70FC22FC-0972-4261-99B3-226B15F00B33,2026-09-16 09:59:40.013,
60D5117B-3D5A-447D-96D5-91CCCE720E92,C35465,20260914,OT1_5,0,2,70FC22FC-0972-4261-99B3-226B15F00B33,2026-09-15 17:20:51.547,
5306D59A-9BA4-45BE-8195-3EF985BD3796,C35465,20260915,OT1_5,0,2,70FC22FC-0972-4261-99B3-226B15F00B33,2026-09-16 09:59:33.380,
6900AEDD-C001-4509-BB64-0041B04A41A1,C35466,20260914,OT1_5,0,2,70FC22FC-0972-4261-99B3-226B15F00B33,2026-09-15 17:20:46.123,
824C58ED-204F-462A-8D5E-7BAB928D71F4,C35466,20260915,OT1_5,0,2,70FC22FC-0972-4261-99B3-226B15F00B33,2026-09-16 09:59:31.553,
F8E86B32-548A-4204-8162-4B411167AAE4,C35468,20260914,OT1_5,0,2,70FC22FC-0972-4261-99B3-226B15F00B33,2026-09-15 17:20:42.310,
9BD11C1F-438F-4451-B408-5BB88B9FD8E9,C35468,20260915,OT1_5,0,2,70FC22FC-0972-4261-99B3-226B15F00B33,2026-09-16 09:59:29.953,
B500BF53-05F7-42EC-A16D-3047F812A3F7,C35471,20260914,OT1_5,0,2,70FC22FC-0972-4261-99B3-226B15F00B33,2026-09-15 17:23:01.053,
629EDCA0-0526-49FF-B32B-48A8B82A0C54,C35471,20260915,OT1_5,0,2,70FC22FC-0972-4261-99B3-226B15F00B33,2026-09-16 10:01:49.830,
A3086290-DAA0-4E4B-ABFB-CBBFFA2BB2D6,C35473,20260914,OT1_5,0,2,70FC22FC-0972-4261-99B3-226B15F00B33,2026-09-15 17:23:11.303,
F2AEAE95-6153-43B7-BCDC-19613BCFA98D,C35473,20260915,OT1_5,0,2,70FC22FC-0972-4261-99B3-226B15F00B33,2026-09-16 10:01:52.390,
60093F88-DA00-4B0E-9C57-06F105618ABE,C35484,20260915,OT1_5,0,2,70FC22FC-0972-4261-99B3-226B15F00B33,2026-09-16 10:01:46.290,
E78DC591-A820-4A1E-AD6D-F58006405802,C35487,20260914,OT1_5,0,2,70FC22FC-0972-4261-99B3-226B15F00B33,2026-09-15 17:20:57.580,
478F3EDC-DC7C-4E1C-9A0F-5F80A258CD74,C35488,20260914,OT1_5,0,2,70FC22FC-0972-4261-99B3-226B15F00B33,2026-09-15 17:23:11.417,
363EDBF7-DF41-422B-A088-6CF16AD82E31,C35488,20260915,OT1_5,0,2,70FC22FC-0972-4261-99B3-226B15F00B33,2026-09-16 10:01:48.757,
677E777A-F717-47AB-B22F-20EB484BC91B,C35489,20260914,OT1_5,0,2,70FC22FC-0972-4261-99B3-226B15F00B33,2026-09-15 17:23:14.427,
029A512B-8DE3-42C6-84E1-A4B5830BD3EC,C35489,20260915,OT1_5,0,2,70FC22FC-0972-4261-99B3-226B15F00B33,2026-09-16 10:01:53.760,
DE6997E6-2E8F-4954-8A4D-3A337A3A883F,C35490,20260914,OT1_5,0,2,70FC22FC-0972-4261-99B3-226B15F00B33,2026-09-15 17:20:45.900,
E7F3B2D8-8D71-41A9-B2A5-EA11EC06B464,C35490,20260915,OT1_5,0,2,70FC22FC-0972-4261-99B3-226B15F00B33,2026-09-16 09:59:30.880,
AC4B4225-886B-4348-A5D8-A78C8D60A631,C35493,20260915,OT1_5,0,2,70FC22FC-0972-4261-99B3-226B15F00B33,2026-09-16 09:59:37.130,
D872213C-0E59-4FA5-BE10-D4318A1015DD,C35497,20260914,OT1_5,0,2,70FC22FC-0972-4261-99B3-226B15F00B33,2026-09-15 17:23:18.230,
285798FA-2213-4563-8EAE-FE18BB9A4183,C35499,20260914,OT1_5,0,2,70FC22FC-0972-4261-99B3-226B15F00B33,2026-09-15 17:20:47.260,
06036340-8FAE-41F3-8B89-C2AAFC4BD309,C35499,20260915,OT1_5,0,2,70FC22FC-0972-4261-99B3-226B15F00B33,2026-09-16 09:59:34.993,
556602AD-4CD6-47C7-BC67-F216B7B2180C,C35501,20260914,OT1_5,0,2,70FC22FC-0972-4261-99B3-226B15F00B33,2026-09-15 17:20:52.707,
D557E877-BA63-4265-98CD-8A35E2151A84,C35501,20260915,OT1_5,0,2,70FC22FC-0972-4261-99B3-226B15F00B33,2026-09-16 09:59:35.960,
7384CC13-458E-4539-9873-8E841BDB8C8D,C35502,20260914,OT1_5,0,2,70FC22FC-0972-4261-99B3-226B15F00B33,2026-09-15 17:20:54.230,
718B62D6-1AD7-48F4-9822-BACBED09C40E,C35502,20260915,OT1_5,0,2,70FC22FC-0972-4261-99B3-226B15F00B33,2026-09-16 09:59:39.107,
180AE3BB-3EE9-464D-B1AE-45463336F4C1,C35503,20260914,OT1_5,0,2,70FC22FC-0972-4261-99B3-226B15F00B33,2026-09-15 17:20:50.083,
B8A5F762-537B-4928-B511-B2983CF900AE,C35503,20260915,OT1_5,0,2,70FC22FC-0972-4261-99B3-226B15F00B33,2026-09-16 09:59:38.817,
368006E4-5EB9-4D1D-BBD9-699A4C64F2DE,C35504,20260914,OT1_5,0,2,70FC22FC-0972-4261-99B3-226B15F00B33,2026-09-15 17:21:01.030,
904AE61F-816F-4D4E-86EE-058C7DAAF1AA,C35504,20260915,OT1_5,0,2,70FC22FC-0972-4261-99B3-226B15F00B33,2026-09-16 09:59:37.217,
84B6AE56-64E7-45E5-A793-3D4AA5D4AABE,C35505,20260914,OT1_5,0,2,70FC22FC-0972-4261-99B3-226B15F00B33,2026-09-15 17:20:43.967,
51D2A17D-774D-44C8-A00C-3F48BB7AF8C0,C35505,20260915,OT1_5,0,2,70FC22FC-0972-4261-99B3-226B15F00B33,2026-09-16 09:59:32.040,
3A270E49-EB7E-455D-B8BB-06105C1FF589,C35506,20260914,OT1_5,0,2,70FC22FC-0972-4261-99B3-226B15F00B33,2026-09-15 17:20:46.830,
4C319A44-E42C-4A02-95E5-809D22D4191A,C35506,20260915,OT1_5,0,2,70FC22FC-0972-4261-99B3-226B15F00B33,2026-09-16 09:59:32.603,
9B568A12-00D9-4A94-B0B3-9621AE68838B,C35507,20260914,OT1_5,0,2,70FC22FC-0972-4261-99B3-226B15F00B33,2026-09-15 17:21:03.330,
4D81AC67-AC48-40E2-AE99-D5CC00318F6C,C35507,20260915,OT1_5,0,2,70FC22FC-0972-4261-99B3-226B15F00B33,2026-09-16 09:59:37.323,
1DDFA67E-FFE7-4EFE-AD32-3A1E6D8B492E,C35509,20260915,OT1_5,0,2,70FC22FC-0972-4261-99B3-226B15F00B33,2026-09-16 09:59:30.443,
2BBF3DC7-5AF4-4F06-9385-85C870299765,C35510,20260914,OT1_5,0,2,70FC22FC-0972-4261-99B3-226B15F00B33,2026-09-15 17:23:09.573,
CBCFAE56-DC5A-43E4-8991-A3C4980E9EA8,C35510,20260915,OT1_5,0,2,70FC22FC-0972-4261-99B3-226B15F00B33,2026-09-16 10:01:48.493,
952CD7A7-5F33-44D6-ADA4-61C0C56764D4,C35511,20260914,OT1_5,0,2,70FC22FC-0972-4261-99B3-226B15F00B33,2026-09-15 17:23:08.793,
F0C271C9-A49D-4765-99A5-E39BF260CFE3,C35519,20260914,OT1_5,0,2,70FC22FC-0972-4261-99B3-226B15F00B33,2026-09-15 17:20:40.280,
9AB103B2-67C3-49CF-8110-59CBF539A09C,C35519,20260915,OT1_5,0,2,70FC22FC-0972-4261-99B3-226B15F00B33,2026-09-16 09:59:28.890,
070B1BBC-6FF9-4C79-98FD-1C95037B8FF0,C35523,20260914,OT1_5,0,2,70FC22FC-0972-4261-99B3-226B15F00B33,2026-09-15 17:23:14.203,
FD0DBE2D-39AF-448B-B958-D513AECC04E0,C35523,20260915,OT1_5,0,2,70FC22FC-0972-4261-99B3-226B15F00B33,2026-09-16 10:01:54.293,
7E29B970-A04F-4C88-AFBB-652C4E36202B,C35526,20260914,OT1_5,0,2,70FC22FC-0972-4261-99B3-226B15F00B33,2026-09-15 17:18:12.870,
D61B68AA-27A1-49A1-941B-E3F6BD650135,C35526,20260915,OT1_5,0,2,70FC22FC-0972-4261-99B3-226B15F00B33,2026-09-16 09:56:58.207,
180586C8-84A4-4313-BD91-B545B6A8FC9A,C35527,20260915,OT1_5,0,2,70FC22FC-0972-4261-99B3-226B15F00B33,2026-09-16 10:01:44.547,
29E7CAD5-24B8-4BB1-BC83-CB7FCC0FA0F6,C35531,20260914,OT1_5,0,2,70FC22FC-0972-4261-99B3-226B15F00B33,2026-09-15 17:23:04.790,
DEFB57DE-FA18-49AD-B6F3-251FF262C798,C35533,20260914,OT1_5,0,2,70FC22FC-0972-4261-99B3-226B15F00B33,2026-09-15 17:23:04.827,
EEBEC896-031E-42D5-921A-39E3BB7E6544,C35534,20260914,OT1_5,0,2,70FC22FC-0972-4261-99B3-226B15F00B33,2026-09-15 17:21:06.077,
7C64F7FA-3C7D-4FA8-9873-1A8A8B083D00,C35535,20260914,OT1_5,0,2,70FC22FC-0972-4261-99B3-226B15F00B33,2026-09-15 17:20:57.543,
CBE4CFC8-DA7E-4691-A5E8-51A48D05987A,C35535,20260915,OT1_5,0,2,70FC22FC-0972-4261-99B3-226B15F00B33,2026-09-16 09:59:39.297,
FF67C1DA-0C17-4A84-94C5-8F9D6519E08B,C35536,20260914,OT1_5,0,2,70FC22FC-0972-4261-99B3-226B15F00B33,2026-09-15 17:20:51.973,
1566D96F-1DCC-432E-89A1-DF241705481A,C35537,20260914,OT1_5,0,2,70FC22FC-0972-4261-99B3-226B15F00B33,2026-09-15 17:21:03.520,
CCA85780-14E2-4F7D-A5EA-E9EF73996741,C35537,20260915,OT1_5,0,2,70FC22FC-0972-4261-99B3-226B15F00B33,2026-09-16 09:59:39.780,
54285E0E-E7DE-478D-A42A-E79455650074,C35538,20260914,OT1_5,0,2,70FC22FC-0972-4261-99B3-226B15F00B33,2026-09-15 17:20:57.463,
AB38ED28-1132-44AD-A87D-6540B7E86C1A,C35539,20260914,OT1_5,0,2,70FC22FC-0972-4261-99B3-226B15F00B33,2026-09-15 17:20:50.573,
2C884115-60CD-4D55-A978-8507D9BA5D38,C35539,20260915,OT1_5,0,2,70FC22FC-0972-4261-99B3-226B15F00B33,2026-09-16 09:59:35.217,
59460F5C-16DE-4A1E-8C36-2DFE872BEFA7,C35541,20260914,OT1_5,0,2,70FC22FC-0972-4261-99B3-226B15F00B33,2026-09-15 17:20:45.517,
C9B98255-B15B-49F4-8A0C-8F086BCD18CB,C35541,20260915,OT1_5,0,2,70FC22FC-0972-4261-99B3-226B15F00B33,2026-09-16 09:59:30.293,
5930A80A-7710-4173-93B3-4CC88D2B37DF,C35542,20260914,OT1_5,0,2,70FC22FC-0972-4261-99B3-226B15F00B33,2026-09-15 17:21:35.783,
031DC5C3-59F9-4C3E-AE9C-5AA3B53D60F0,C35542,20260915,OT1_5,0,2,70FC22FC-0972-4261-99B3-226B15F00B33,2026-09-16 10:00:13.717,
BDC98F20-A81D-4950-B00B-57E0067BFD0B,C35543,20260914,OT1_5,0,2,70FC22FC-0972-4261-99B3-226B15F00B33,2026-09-15 17:20:48.690,
664AAE73-8265-423C-B13C-5361A5443E52,C35543,20260915,OT1_5,0,2,70FC22FC-0972-4261-99B3-226B15F00B33,2026-09-16 09:59:32.180,
4D6ABE69-7DAF-417B-A782-5CDB179B0FE3,C35544,20260914,OT1_5,0,2,70FC22FC-0972-4261-99B3-226B15F00B33,2026-09-15 17:17:59.890,
D55D84F4-BF92-45FA-9AE8-E886E9252A3F,C35544,20260915,OT1_5,0,2,70FC22FC-0972-4261-99B3-226B15F00B33,2026-09-16 09:56:57.327,
537F81CE-99B3-4226-B69B-5CB154764739,C35545,20260914,OT1_5,0,2,70FC22FC-0972-4261-99B3-226B15F00B33,2026-09-15 17:23:07.430,
F23788BF-D853-4824-BBDC-1D02AF7CC286,C35550,20260914,OT1_5,0,2,70FC22FC-0972-4261-99B3-226B15F00B33,2026-09-15 17:20:55.840,
5CAF4A94-C8B5-4C6B-A2E0-AF0732BAE9F2,C35550,20260915,OT1_5,0,2,70FC22FC-0972-4261-99B3-226B15F00B33,2026-09-16 09:59:36.547,
15C9910B-8616-4399-8BDB-D453F208D611,C35551,20260914,OT1_5,0,2,70FC22FC-0972-4261-99B3-226B15F00B33,2026-09-15 17:23:15.223,
F9958B6F-F0B8-4D66-BDD5-4C028C71D401,C35551,20260915,OT1_5,0,2,70FC22FC-0972-4261-99B3-226B15F00B33,2026-09-16 10:01:55.497,
0971C255-424B-4192-B34E-1BFD420263FC,C35552,20260915,OT1_5,0,2,70FC22FC-0972-4261-99B3-226B15F00B33,2026-09-16 10:01:46.437,
CB4111B0-A45F-4F38-B525-3746B71A8C34,C35553,20260914,OT1_5,0,2,70FC22FC-0972-4261-99B3-226B15F00B33,2026-09-15 17:23:14.757,
B9CB9A26-1C4C-46AB-BA00-4EE48238D553,C35553,20260915,OT1_5,0,2,70FC22FC-0972-4261-99B3-226B15F00B33,2026-09-16 10:01:54.377,
AB8A5210-7642-40C8-889B-BFDE77CD3722,C35554,20260914,OT1_5,0,2,70FC22FC-0972-4261-99B3-226B15F00B33,2026-09-15 17:23:13.483,
572471F5-1172-4090-842C-5A63073C5BD7,C35554,20260915,OT1_5,0,2,70FC22FC-0972-4261-99B3-226B15F00B33,2026-09-16 10:01:51.177,
D01AB5D1-EE7C-45B9-BB4B-46621FD93093,C35555,20260914,OT1_5,0,2,70FC22FC-0972-4261-99B3-226B15F00B33,2026-09-15 17:23:11.583,
52A83F32-FA08-4911-9931-9A5797E16769,C35555,20260915,OT1_5,0,2,70FC22FC-0972-4261-99B3-226B15F00B33,2026-09-16 10:01:51.680,
CF9D1FCD-D325-43D5-917B-1364BA0F107F,C35556,20260914,OT1_5,0,2,70FC22FC-0972-4261-99B3-226B15F00B33,2026-09-15 17:23:08.573,
8B7FBB7D-F4EE-4F9D-9B4A-AC479E3E9B9D,C35556,20260915,OT1_5,0,2,70FC22FC-0972-4261-99B3-226B15F00B33,2026-09-16 10:01:45.837,
BEB3AA31-8119-4496-8321-E274D990FEF5,C35557,20260915,OT1_5,0,2,70FC22FC-0972-4261-99B3-226B15F00B33,2026-09-16 10:01:54.563,
D550370A-C04B-436E-AF9F-630AADC7D26A,C35558,20260914,OT1_5,0,2,70FC22FC-0972-4261-99B3-226B15F00B33,2026-09-15 17:23:16.773,
A971FF63-9C30-421A-83E8-2ADCF95F7192,C35558,20260915,OT1_5,0,2,70FC22FC-0972-4261-99B3-226B15F00B33,2026-09-16 10:01:55.987,
4631BFEB-9C62-4F65-9DAB-73060BD5222A,C35559,20260914,OT1_5,0,2,70FC22FC-0972-4261-99B3-226B15F00B33,2026-09-15 17:23:04.860,
858A4E4A-CF73-4A64-9DB9-F9467B43FB15,C35559,20260915,OT1_5,0,2,70FC22FC-0972-4261-99B3-226B15F00B33,2026-09-16 10:01:50.320,
A450C043-ED32-4F2C-BA5D-E768E11E33DC,C35560,20260914,OT1_5,0,2,70FC22FC-0972-4261-99B3-226B15F00B33,2026-09-15 17:23:12.333,
9CDAD04F-8C9F-47D5-884D-DCE6E768B108,C35560,20260915,OT1_5,0,2,70FC22FC-0972-4261-99B3-226B15F00B33,2026-09-16 10:01:50.987,
8B12DE52-600B-4B4E-BF01-79FDBBB0260F,C35561,20260914,OT1_5,0,2,70FC22FC-0972-4261-99B3-226B15F00B33,2026-09-15 17:23:15.467,
998E822C-7BDB-4162-9536-31A15F67DBA9,C35564,20260914,OT1_5,0,2,70FC22FC-0972-4261-99B3-226B15F00B33,2026-09-15 17:23:17.293,
3A8F261A-9E4D-4004-8F06-68A7C311ECB4,C35567,20260914,OT1_5,0,2,70FC22FC-0972-4261-99B3-226B15F00B33,2026-09-15 17:20:58.707,
7B0491A1-246A-42D9-8F86-D2083AD45549,C35567,20260915,OT1_5,0,2,70FC22FC-0972-4261-99B3-226B15F00B33,2026-09-16 09:59:38.057,
6818811B-305D-4802-BE6E-D419D006A206,C35568,20260915,OT1_5,0,2,70FC22FC-0972-4261-99B3-226B15F00B33,2026-09-16 09:59:31.297,
0EA65CD7-56EF-45B4-9E26-D569738C04F3,C35571,20260914,OT1_5,0,2,70FC22FC-0972-4261-99B3-226B15F00B33,2026-09-15 17:20:52.047,
22535EDD-D6EB-4137-AFDB-D7790D752634,C35571,20260915,OT1_5,0,2,70FC22FC-0972-4261-99B3-226B15F00B33,2026-09-16 09:59:32.997,
179518B4-3882-4C4E-8A56-2CCF71A7C747,C35573,20260914,OT1_5,0,2,70FC22FC-0972-4261-99B3-226B15F00B33,2026-09-15 17:21:00.403,
77AAD487-3B31-447C-8241-D39548399BBE,C35573,20260915,OT1_5,0,1,70FC22FC-0972-4261-99B3-226B15F00B33,2026-09-16 09:59:28.010,
C63CCBCA-C67D-4A0C-86F1-0CF362826D09,C35575,20260915,OT1_5,0,2,70FC22FC-0972-4261-99B3-226B15F00B33,2026-09-16 09:59:31.797,
F170F13B-A0FD-4835-85E2-7F825A354A39,C35576,20260914,OT1_5,0,3,70FC22FC-0972-4261-99B3-226B15F00B33,2026-09-15 17:20:39.720,
30D79D3A-889C-4053-B4FB-CF871E249F29,C35576,20260915,OT1_5,0,3,70FC22FC-0972-4261-99B3-226B15F00B33,2026-09-16 09:59:41.037,
B3F65280-F3A6-4F5D-878C-50B40E6AA4A8,C35577,20260914,OT1_5,0,2,70FC22FC-0972-4261-99B3-226B15F00B33,2026-09-15 17:20:45.860,
957F4D09-064B-4839-AA68-8C4283ECDBD2,C35577,20260915,OT1_5,0,2,70FC22FC-0972-4261-99B3-226B15F00B33,2026-09-16 09:59:31.840,
DA9726B3-C5F7-4327-B772-CC805AFA2F5C,C35579,20260914,OT1_5,0,2,70FC22FC-0972-4261-99B3-226B15F00B33,2026-09-15 17:17:53.417,
192C41F2-51ED-48DC-93BF-4DD912E09C5F,C35579,20260915,OT1_5,0,2,70FC22FC-0972-4261-99B3-226B15F00B33,2026-09-16 09:56:58.483,
DC401E35-3168-4C16-ADFA-67CE5EE448A4,C35580,20260914,OT1_5,0,2,70FC22FC-0972-4261-99B3-226B15F00B33,2026-09-15 17:18:08.213,
C2A553CE-35FB-46A1-9A35-42CBE5FA4085,C35580,20260915,OT1_5,0,2,70FC22FC-0972-4261-99B3-226B15F00B33,2026-09-16 09:56:56.807,
162B5A8B-ED01-4804-8B4C-ADB061840E0D,C35581,20260914,OT1_5,0,2,70FC22FC-0972-4261-99B3-226B15F00B33,2026-09-15 17:18:05.467,
AF55D84D-5198-48A3-856D-4627A56821FC,C35582,20260914,OT1_5,0,2,70FC22FC-0972-4261-99B3-226B15F00B33,2026-09-15 17:23:15.717,
A79E6CA2-D5CE-4073-BA37-0A9849FBF679,C35582,20260915,OT1_5,0,2,70FC22FC-0972-4261-99B3-226B15F00B33,2026-09-16 10:01:54.970,
6A6C7560-3E44-4163-B3FD-3DB59A244CC5,C35583,20260914,OT1_5,0,2,70FC22FC-0972-4261-99B3-226B15F00B33,2026-09-15 17:18:09.837,
9677CFC9-6D6F-4083-8E35-A0A44DEA1940,C35584,20260914,OT1_5,0,2,70FC22FC-0972-4261-99B3-226B15F00B33,2026-09-15 17:23:15.703,
D624F757-D6D6-4447-9336-B71BE1D1B886,C35584,20260915,OT1_5,0,2,70FC22FC-0972-4261-99B3-226B15F00B33,2026-09-16 10:01:42.620,
7957F205-D7AC-49DF-A263-B98486E84690,C35585,20260914,OT1_5,0,2,70FC22FC-0972-4261-99B3-226B15F00B33,2026-09-15 17:18:03.673,
CD8E793A-2B6E-48F6-8912-A0A4C558F0D4,C35585,20260915,OT1_5,0,2,70FC22FC-0972-4261-99B3-226B15F00B33,2026-09-16 09:56:53.940,
9CE74319-ECFA-424A-B07C-C09A437FA5F2,C35586,20260914,OT1_5,0,2,70FC22FC-0972-4261-99B3-226B15F00B33,2026-09-15 17:18:10.267,
E5021CDB-D347-464F-8DCA-B3C2617A8507,C35589,20260914,OT1_5,0,2,70FC22FC-0972-4261-99B3-226B15F00B33,2026-09-15 17:18:03.060,
283F0E45-78CC-4F59-BC8C-F0E1BE4E6501,C35590,20260914,OT1_5,0,2,70FC22FC-0972-4261-99B3-226B15F00B33,2026-09-15 17:18:05.750,
C2A62C44-0877-4A89-91D0-8D5ED846F356,C35590,20260915,OT1_5,0,2,70FC22FC-0972-4261-99B3-226B15F00B33,2026-09-16 09:56:56.640,
B651AE5B-66A0-419B-AFE7-748DA3F65753,C35591,20260914,OT1_5,0,2,70FC22FC-0972-4261-99B3-226B15F00B33,2026-09-15 17:18:02.750,
6D81CC69-A207-4C52-9A8A-5FBD860AC613,C35593,20260914,OT1_5,0,2,70FC22FC-0972-4261-99B3-226B15F00B33,2026-09-15 17:21:00.987,
750D9711-BF09-44B5-B393-99F5A254BBCD,C35595,20260914,OT1_5,0,2,70FC22FC-0972-4261-99B3-226B15F00B33,2026-09-15 17:20:48.623,
87720109-D945-4DA4-B47F-EDB4865B3626,C35595,20260915,OT1_5,0,2,70FC22FC-0972-4261-99B3-226B15F00B33,2026-09-16 09:59:35.387,
B2555BC5-F284-41F1-B7E8-ED163C6C569B,C35597,20260914,OT1_5,0,2,70FC22FC-0972-4261-99B3-226B15F00B33,2026-09-15 17:20:50.210,
EFA6AA37-4772-46DD-AB89-1EBF83C423EB,C35597,20260915,OT1_5,0,2,70FC22FC-0972-4261-99B3-226B15F00B33,2026-09-16 09:59:39.060,
4B7B890B-0061-4431-A68F-0797FEE322C1,C35598,20260915,OT1_5,0,2,70FC22FC-0972-4261-99B3-226B15F00B33,2026-09-16 09:59:30.757,
72F94EE4-62F1-4B7D-A59A-CD6368B7E1AB,C35605,20260914,OT1_5,0,2,70FC22FC-0972-4261-99B3-226B15F00B33,2026-09-15 17:23:17.113,
F1189990-4BDF-4174-AF7E-A9CE99041D02,C35606,20260914,OT1_5,0,2,70FC22FC-0972-4261-99B3-226B15F00B33,2026-09-15 17:23:06.860,
A45D836E-48BA-42BA-AF08-790465E34E47,C35606,20260915,OT1_5,0,2,70FC22FC-0972-4261-99B3-226B15F00B33,2026-09-16 10:01:43.910,
C26576C4-2946-4018-B624-0604021B569F,C35607,20260914,OT1_5,0,2,70FC22FC-0972-4261-99B3-226B15F00B33,2026-09-15 17:23:17.123,
C1F13B11-FF3E-486C-A8C8-8D2018FC308A,C35607,20260915,OT1_5,0,2,70FC22FC-0972-4261-99B3-226B15F00B33,2026-09-16 10:01:56.020,
861C779C-1576-4366-A9B8-A8A3A5DB2972,C35610,20260914,OT1_5,0,2,70FC22FC-0972-4261-99B3-226B15F00B33,2026-09-15 17:23:11.810,
25C4DFA7-7047-4694-86D2-16AD4210D738,C35610,20260915,OT1_5,0,2,70FC22FC-0972-4261-99B3-226B15F00B33,2026-09-16 10:01:52.337,
0A3A7ECB-16F5-464F-9F54-641EB2F26972,C35611,20260914,OT1_5,0,2,70FC22FC-0972-4261-99B3-226B15F00B33,2026-09-15 17:23:17.960,
AA9D0E25-9F28-40A6-BDED-D7BC8C4C3A1E,C35615,20260914,OT1_5,0,2,70FC22FC-0972-4261-99B3-226B15F00B33,2026-09-15 17:23:09.547,
57585031-7AFB-4C50-96D4-A034CD4171DF,C35615,20260915,OT1_5,0,2,70FC22FC-0972-4261-99B3-226B15F00B33,2026-09-16 10:01:51.847,
BB0B2668-3F48-4612-B9BF-DFA08DCEFF8B,C35618,20260914,OT1_5,0,2,70FC22FC-0972-4261-99B3-226B15F00B33,2026-09-15 17:21:03.317,
CD1EE373-368C-420B-B380-FC2C60008EE8,C35618,20260915,OT1_5,0,2,70FC22FC-0972-4261-99B3-226B15F00B33,2026-09-16 09:59:40.853,
45AA46E7-54F4-499A-AFFF-B0742390E35B,C35623,20260914,OT1_5,0,2,70FC22FC-0972-4261-99B3-226B15F00B33,2026-09-15 17:23:13.457,
9337B484-B955-4D8B-B01E-C3DDC2642CA6,C35623,20260915,OT1_5,0,2,70FC22FC-0972-4261-99B3-226B15F00B33,2026-09-16 10:01:54.587,
4EEB505D-8D02-45A9-9631-9954EB308D43,C35624,20260914,OT1_5,0,2,70FC22FC-0972-4261-99B3-226B15F00B33,2026-09-15 17:23:06.490,
C840A2D6-9D05-4F08-B129-75D5881D14F2,C35624,20260915,OT1_5,0,2,70FC22FC-0972-4261-99B3-226B15F00B33,2026-09-16 10:01:46.377,
CEA0DB62-F096-4110-B14D-95A844C24DE3,C35626,20260914,OT1_5,0,2,70FC22FC-0972-4261-99B3-226B15F00B33,2026-09-15 17:23:14.450,
F7A2CDD4-319C-4FC0-9641-8F0C7AD8E541,C35626,20260915,OT1_5,0,2,70FC22FC-0972-4261-99B3-226B15F00B33,2026-09-16 10:01:54.433,
B0A971C1-150A-4D87-94A0-6FD02289F258,C35627,20260914,OT1_5,0,2,70FC22FC-0972-4261-99B3-226B15F00B33,2026-09-15 17:23:11.820,
7A0A228E-29C0-43FB-BBA2-98A83F419301,C35627,20260915,OT1_5,0,1,70FC22FC-0972-4261-99B3-226B15F00B33,2026-09-16 10:01:57.080,
AFA4ACEB-1203-4121-BF2D-DEA9CD5C810A,C35628,20260915,OT1_5,0,2,70FC22FC-0972-4261-99B3-226B15F00B33,2026-09-16 09:59:35.397,
C8B84301-2A6E-4E04-AF24-686ED70010C4,C35630,20260914,OT1_5,0,2,70FC22FC-0972-4261-99B3-226B15F00B33,2026-09-15 17:20:48.303,
E920C62C-BE45-466D-AE08-95D664A9E2FB,C35631,20260914,OT1_5,0,2,70FC22FC-0972-4261-99B3-226B15F00B33,2026-09-15 17:20:56.863,
27B33336-F251-4EEE-853B-620246F4EA8B,C35632,20260914,OT1_5,0,1.5,70FC22FC-0972-4261-99B3-226B15F00B33,2026-09-15 17:18:58.763,
05C4210E-96F4-49B2-84B3-39E7C4A34790,C35632,20260915,OT1_5,0,3.5,70FC22FC-0972-4261-99B3-226B15F00B33,2026-09-16 09:57:39.573,
41C0425D-F4D9-41F7-A825-C563E46C07D7,C35633,20260914,OT1_5,0,1.5,70FC22FC-0972-4261-99B3-226B15F00B33,2026-09-15 17:18:58.797,
D96D39A9-C736-40C9-98CD-CAA729B274E1,C35637,20260915,OT1_5,0,2,70FC22FC-0972-4261-99B3-226B15F00B33,2026-09-16 09:56:57.293,
A8E409F0-C003-4A16-8DD8-AE5E9E8376CC,C35645,20260914,OT1_5,0,2,70FC22FC-0972-4261-99B3-226B15F00B33,2026-09-15 17:23:00.980,
E745E334-1AC7-4C07-B1A4-2C6878BC43FE,C35647,20260914,OT1_5,0,2,70FC22FC-0972-4261-99B3-226B15F00B33,2026-09-15 17:23:18.210,
F5EDC333-C3B7-4C28-AE6B-71BDD2DBB1EF,C35647,20260915,OT1_5,0,2,70FC22FC-0972-4261-99B3-226B15F00B33,2026-09-16 10:01:56.670,
EFFAD36F-1FC3-4B64-86C0-48A90C86A9E2,C35652,20260914,OT1_5,0,2,70FC22FC-0972-4261-99B3-226B15F00B33,2026-09-15 17:20:53.980,
F2E1E300-DF74-4E19-892E-F4E21E87109A,C35652,20260915,OT1_5,0,2,70FC22FC-0972-4261-99B3-226B15F00B33,2026-09-16 09:59:36.260,
53E7D1AD-D36D-4297-8154-55E4F7E1FE2F,C35653,20260914,OT1_5,0,2,70FC22FC-0972-4261-99B3-226B15F00B33,2026-09-15 17:21:02.403,
8311B9E6-CFB7-483F-9321-9E859494F38F,C35653,20260915,OT1_5,0,2,70FC22FC-0972-4261-99B3-226B15F00B33,2026-09-16 09:59:38.320,
D603E763-07CA-4B3C-8D5C-B53A70D0D76F,C35654,20260914,OT1_5,0,2,70FC22FC-0972-4261-99B3-226B15F00B33,2026-09-15 17:23:05.050,
DBB109A5-A17C-4900-AEA4-E6BB7BEDF9E6,C35656,20260914,OT1_5,0,2,70FC22FC-0972-4261-99B3-226B15F00B33,2026-09-15 17:23:11.487,
6619DD71-F85C-4F0E-A85A-205D863E1632,C35656,20260915,OT1_5,0,2,70FC22FC-0972-4261-99B3-226B15F00B33,2026-09-16 10:01:52.690,
143D1F38-3039-4128-8BFD-8BE6E61C231E,C35657,20260915,OT1_5,0,2,70FC22FC-0972-4261-99B3-226B15F00B33,2026-09-16 10:01:55.883,
466E5D44-7A17-42DF-99AF-C6BD355B3640,C35660,20260914,OT1_5,0,1.5,70FC22FC-0972-4261-99B3-226B15F00B33,2026-09-15 17:18:58.627,
7FF7FAB1-0F0F-4852-916E-E8DF6DADC58D,C35660,20260915,OT1_5,0,1.5,70FC22FC-0972-4261-99B3-226B15F00B33,2026-09-16 09:57:40.740,
581CE512-36D9-4A23-92DA-65CD60031F63,C35672,20260914,OT1_5,0,2,70FC22FC-0972-4261-99B3-226B15F00B33,2026-09-15 17:20:55.617,
7BDC6060-7E9F-47C5-8933-75A3C4C805F3,C35672,20260915,OT1_5,0,2,70FC22FC-0972-4261-99B3-226B15F00B33,2026-09-16 09:59:35.453,
90DABF88-8683-4B4A-97B2-8883ECBB1243,C35674,20260914,OT1_5,0,2,70FC22FC-0972-4261-99B3-226B15F00B33,2026-09-15 17:20:48.490,
FBB2FFFB-F55A-43A3-9CB4-34FADB1BBF81,C35674,20260915,OT1_5,0,2,70FC22FC-0972-4261-99B3-226B15F00B33,2026-09-16 09:59:37.480,
C072DE3A-F3C5-4C6E-8705-B0BE8AF7CA7E,C35675,20260914,OT1_5,0,2,70FC22FC-0972-4261-99B3-226B15F00B33,2026-09-15 17:20:55.513,
1B7DDA3D-1C39-43C1-8F59-17539FDF7F30,C35675,20260915,OT1_5,0,2,70FC22FC-0972-4261-99B3-226B15F00B33,2026-09-16 09:59:40.073,
A34E9CFC-9E69-4916-A06D-641F84CE85FC,C35677,20260915,OT1_5,0,3,70FC22FC-0972-4261-99B3-226B15F00B33,2026-09-16 10:01:42.553,
FFECE7D9-4CBF-46DE-AF94-8AAC4F3D3059,C35679,20260914,OT1_5,0,2,70FC22FC-0972-4261-99B3-226B15F00B33,2026-09-15 17:17:55.430,
0181D71C-FCBA-4884-8BF4-D01A10E13FD2,C35680,20260914,OT1_5,0,2,70FC22FC-0972-4261-99B3-226B15F00B33,2026-09-15 17:17:55.387,
D68A659B-F791-4FA7-B3CE-4B1AF95EAF0B,C35680,20260915,OT1_5,0,2,70FC22FC-0972-4261-99B3-226B15F00B33,2026-09-16 09:56:53.503,
D0C50F14-63EC-4830-9561-FDBFFD179CB4,C35684,20260914,OT1_5,0,2,70FC22FC-0972-4261-99B3-226B15F00B33,2026-09-15 17:20:42.830,
23DAA254-0FCE-4548-91BF-1B3B280F3D96,C35684,20260915,OT1_5,0,2,70FC22FC-0972-4261-99B3-226B15F00B33,2026-09-16 09:59:30.160,
CCFBB3AA-AC7B-4EC8-AB1B-375D715009E5,C35685,20260914,OT1_5,0,2,70FC22FC-0972-4261-99B3-226B15F00B33,2026-09-15 17:20:53.323,
73BC0BD5-3197-4514-B99E-E6363C8509F6,C35685,20260915,OT1_5,0,2,70FC22FC-0972-4261-99B3-226B15F00B33,2026-09-16 09:59:37.103,
808E7C50-EDAB-4D24-B855-09448169F362,C35687,20260914,OT1_5,0,2,70FC22FC-0972-4261-99B3-226B15F00B33,2026-09-15 17:17:55.900,
7F47FE63-8380-4C99-88E9-822874348845,C35687,20260915,OT1_5,0,2,70FC22FC-0972-4261-99B3-226B15F00B33,2026-09-16 09:56:53.093,
FA2331EA-E71A-47AE-BA50-603B6DB7E778,C35688,20260914,OT1_5,0,2,70FC22FC-0972-4261-99B3-226B15F00B33,2026-09-15 17:23:08.350,
E9235D0A-21E2-4DE5-B55A-CD8AB91232D7,C35689,20260914,OT1_5,0,2,70FC22FC-0972-4261-99B3-226B15F00B33,2026-09-15 17:23:15.067,
1B400C84-90AD-4F66-BF83-7FD858A1B932,C35690,20260914,OT1_5,0,2,70FC22FC-0972-4261-99B3-226B15F00B33,2026-09-15 17:23:11.880,
72213056-F1D6-40DA-BFC4-6AEE9B45E8DF,C35690,20260915,OT1_5,0,2,70FC22FC-0972-4261-99B3-226B15F00B33,2026-09-16 10:01:51.293,
FC397332-85F9-4238-8A81-E00E211AF08E,C35691,20260914,OT1_5,0,2,70FC22FC-0972-4261-99B3-226B15F00B33,2026-09-15 17:23:07.277,
6B3BCE87-1E6F-4521-8722-678DB6198D4D,C35694,20260914,OT1_5,0,2,70FC22FC-0972-4261-99B3-226B15F00B33,2026-09-15 17:23:16.077,
AEEAD336-D9CF-4518-BE02-B1443425AA17,C35694,20260915,OT1_5,0,2,70FC22FC-0972-4261-99B3-226B15F00B33,2026-09-16 10:01:55.863,
2908109C-86C8-4C13-B3E3-CD3D2CA1EBC7,C35696,20260914,OT1_5,0,2,70FC22FC-0972-4261-99B3-226B15F00B33,2026-09-15 17:18:02.990,
166C816D-19FE-4348-89F8-B64C1A69F5FC,C35696,20260915,OT1_5,0,2,70FC22FC-0972-4261-99B3-226B15F00B33,2026-09-16 09:56:54.460,
750257B3-94B5-4CEE-95CB-FF5742D4B8C0,C35697,20260914,OT1_5,0,2,70FC22FC-0972-4261-99B3-226B15F00B33,2026-09-15 17:18:00.100,
29B78F62-5DFD-4750-AE3B-23E012DAE291,C35700,20260914,OT1_5,0,2,70FC22FC-0972-4261-99B3-226B15F00B33,2026-09-15 17:18:01.787,
C42BF965-DDC3-4E1E-84B0-05AE0FC2D46F,C35701,20260914,OT1_5,0,2,70FC22FC-0972-4261-99B3-226B15F00B33,2026-09-15 17:18:04.307,
65488F1E-6629-49E6-9172-A021D46AFFBB,C35704,20260914,OT1_5,0,2,70FC22FC-0972-4261-99B3-226B15F00B33,2026-09-15 17:23:12.053,
C790DF1C-3155-48FE-8463-9357EDBC9480,C35704,20260915,OT1_5,0,2,70FC22FC-0972-4261-99B3-226B15F00B33,2026-09-16 10:01:52.800,
469361D1-1E3A-4AC7-A124-8B4C1C9B1EB2,C35705,20260914,OT1_5,0,2,70FC22FC-0972-4261-99B3-226B15F00B33,2026-09-15 17:17:59.353,
8BA2AE8A-C463-4CF9-A93E-7A3EC3A5FC6B,C35705,20260915,OT1_5,0,2,70FC22FC-0972-4261-99B3-226B15F00B33,2026-09-16 09:56:53.467,
B1304243-851B-4C02-B7CD-F119D7BB8FD9,C35706,20260914,OT1_5,0,2,70FC22FC-0972-4261-99B3-226B15F00B33,2026-09-15 17:18:00.807,
B041BD34-E40B-4096-9104-D3AD6102A31A,C35706,20260915,OT1_5,0,2,70FC22FC-0972-4261-99B3-226B15F00B33,2026-09-16 09:56:55.090,
14B5F919-0548-40CE-99A0-3572E31FE637,C35714,20260914,OT1_5,0,2,70FC22FC-0972-4261-99B3-226B15F00B33,2026-09-15 17:18:03.240,
7121D220-1A03-4E29-A97F-FEF2F3A44B0D,C35714,20260915,OT1_5,0,2,70FC22FC-0972-4261-99B3-226B15F00B33,2026-09-16 09:56:55.133,
10C122CF-5BEA-493E-B7F8-E1E1D793E661,C35715,20260914,OT1_5,0,2,70FC22FC-0972-4261-99B3-226B15F00B33,2026-09-15 17:18:03.810,
094DD7F0-508E-42B1-A03E-845E28391A74,C35715,20260915,OT1_5,0,2,70FC22FC-0972-4261-99B3-226B15F00B33,2026-09-16 09:56:55.147,
0618AA08-901F-4AEF-80D7-3E5EE8980D8D,C35717,20260914,OT1_5,0,2,70FC22FC-0972-4261-99B3-226B15F00B33,2026-09-15 17:23:07.963,
5A53D6A1-83CD-4355-89AA-8F405985523A,C35718,20260914,OT1_5,0,2,70FC22FC-0972-4261-99B3-226B15F00B33,2026-09-15 17:18:03.790,
078E2819-BBC6-42C3-BC91-E834D1911BA4,C35718,20260915,OT1_5,0,2,70FC22FC-0972-4261-99B3-226B15F00B33,2026-09-16 09:56:54.963,
FC410B1F-8AA6-403B-BA22-C3171B60169E,C35719,20260914,OT1_5,0,2,70FC22FC-0972-4261-99B3-226B15F00B33,2026-09-15 17:23:06.113,
F47BE015-D3D5-4CA9-99FA-5B82038A2B39,C35719,20260915,OT1_5,0,2,70FC22FC-0972-4261-99B3-226B15F00B33,2026-09-16 10:01:45.750,
A8B7F42A-A8A9-4F29-BB32-0E6A08035986,C35723,20260914,OT1_5,0,2,70FC22FC-0972-4261-99B3-226B15F00B33,2026-09-15 17:20:55.497,
0E0ECAFD-B45B-4A8C-AC6A-C2D3768DFB00,C35723,20260915,OT1_5,0,2,70FC22FC-0972-4261-99B3-226B15F00B33,2026-09-16 09:59:31.363,
F84E7E9F-B4DF-4646-A42B-993EA2A21735,C35724,20260914,OT1_5,0,2,70FC22FC-0972-4261-99B3-226B15F00B33,2026-09-15 17:20:53.363,
19301E89-D447-4568-B949-1CA049EBB5B8,C35724,20260915,OT1_5,0,2,70FC22FC-0972-4261-99B3-226B15F00B33,2026-09-16 09:59:36.333,
61FB1DF3-724B-40C2-8329-2C6F8A94E2F4,C35725,20260914,OT1_5,0,2,70FC22FC-0972-4261-99B3-226B15F00B33,2026-09-15 17:20:53.913,
5018B51A-EA85-4567-ADBC-5BA14AFED54F,C35725,20260915,OT1_5,0,2,70FC22FC-0972-4261-99B3-226B15F00B33,2026-09-16 09:59:35.017,
8882390B-B572-4313-9A54-9631D954F1EA,C35726,20260914,OT1_5,0,2,70FC22FC-0972-4261-99B3-226B15F00B33,2026-09-15 17:21:04.413,
66AE7980-F42E-438B-9693-C7B83B3BD9CB,C35726,20260915,OT1_5,0,2,70FC22FC-0972-4261-99B3-226B15F00B33,2026-09-16 09:59:36.353,
FF57B1E1-20D0-4FB3-9163-37554EACF0C5,C35727,20260914,OT1_5,0,2,70FC22FC-0972-4261-99B3-226B15F00B33,2026-09-15 17:20:45.487,
914E39B8-E56F-40C3-953A-AFBD59E17C88,C35727,20260915,OT1_5,0,2,70FC22FC-0972-4261-99B3-226B15F00B33,2026-09-16 09:59:30.843,
523DD3EF-8BB8-469E-BE12-FCFCC0287F9C,C35728,20260914,OT1_5,0,2,70FC22FC-0972-4261-99B3-226B15F00B33,2026-09-15 17:20:55.450,
4561A189-3DC4-4BB2-8512-89002E74F23D,C35728,20260915,OT1_5,0,2,70FC22FC-0972-4261-99B3-226B15F00B33,2026-09-16 09:59:31.317,
3886638A-E79F-4E50-9BD5-CCD203FF03C0,C35729,20260914,OT1_5,0,2,70FC22FC-0972-4261-99B3-226B15F00B33,2026-09-15 17:21:02.480,
564E12AD-A935-44C3-811E-F86447BF96FB,C35730,20260914,OT1_5,0,2,70FC22FC-0972-4261-99B3-226B15F00B33,2026-09-15 17:20:51.013,
D0C829BF-173E-4732-9B75-0FDFB5C2AD6E,C35730,20260915,OT1_5,0,2,70FC22FC-0972-4261-99B3-226B15F00B33,2026-09-16 09:59:33.453,
D5DF3DC9-9D09-446F-A3DC-5036365B6D04,C35733,20260914,OT1_5,0,2,70FC22FC-0972-4261-99B3-226B15F00B33,2026-09-15 17:20:49.040,
458339F5-FAA5-46BD-B456-966394658931,C35734,20260914,OT1_5,0,2,70FC22FC-0972-4261-99B3-226B15F00B33,2026-09-15 17:20:59.380,
78B76617-76AB-467C-8EE2-9CAD8BC2DE64,C35734,20260915,OT1_5,0,2,70FC22FC-0972-4261-99B3-226B15F00B33,2026-09-16 09:59:37.683,
F1E07C6F-435F-40E7-A3D0-9D3DCAE78566,C35735,20260914,OT1_5,0,2,70FC22FC-0972-4261-99B3-226B15F00B33,2026-09-15 17:21:01.510,
3013FBCB-0F60-4180-8037-F581AD9E2E92,C35735,20260915,OT1_5,0,2,70FC22FC-0972-4261-99B3-226B15F00B33,2026-09-16 09:59:36.217,
F908295C-C40B-47DA-80B9-5760C79DC299,C35736,20260914,OT1_5,0,2,70FC22FC-0972-4261-99B3-226B15F00B33,2026-09-15 17:23:14.770,
6E535F23-5CBB-4E1E-B4DE-1CE53F717EBB,C35736,20260915,OT1_5,0,2,70FC22FC-0972-4261-99B3-226B15F00B33,2026-09-16 10:01:54.340,
963CD0D0-9A5E-447C-8EC6-F1C5E4B9E5AE,C35737,20260914,OT1_5,0,2,70FC22FC-0972-4261-99B3-226B15F00B33,2026-09-15 17:23:07.450,
10EBB664-B2FC-417F-BFC8-6CDFA1D2CD23,C35738,20260914,OT1_5,0,2,70FC22FC-0972-4261-99B3-226B15F00B33,2026-09-15 17:23:58.747,
03DAC7FD-A4A2-47C5-9CFE-BA714A848DF2,C35738,20260915,OT1_5,0,2,70FC22FC-0972-4261-99B3-226B15F00B33,2026-09-16 10:02:22.203,
7F76D013-D590-4040-98BD-44702FCF5933,C35739,20260914,OT1_5,0,2,70FC22FC-0972-4261-99B3-226B15F00B33,2026-09-15 17:23:58.593,
FB6879FD-F764-4856-BD75-DF0554C2D14E,C35739,20260915,OT1_5,0,2,70FC22FC-0972-4261-99B3-226B15F00B33,2026-09-16 10:02:22.133,
D57A02BF-26FC-4BFD-9681-D6FB84CFE446,C35740,20260914,OT1_5,0,2,70FC22FC-0972-4261-99B3-226B15F00B33,2026-09-15 17:23:58.550,
57C741F5-E30B-4344-BD1C-825B590FAF16,C35740,20260915,OT1_5,0,2,70FC22FC-0972-4261-99B3-226B15F00B33,2026-09-16 10:02:22.170,
1FF8FB48-884C-4D6C-B6BD-8BC1266239D1,C35743,20260914,OT1_5,0,2,70FC22FC-0972-4261-99B3-226B15F00B33,2026-09-15 17:23:03.290,
86CF19E0-B1DA-4BD4-BDE4-D1AEC03607F5,C35743,20260915,OT1_5,0,2,70FC22FC-0972-4261-99B3-226B15F00B33,2026-09-16 10:01:44.677,
FE4855D8-C12B-4969-A57D-212950C65623,C35749,20260914,OT1_5,0,2,70FC22FC-0972-4261-99B3-226B15F00B33,2026-09-15 17:23:11.367,
DF9E0745-AC9F-47D6-A488-7D951DDC6C96,C35749,20260915,OT1_5,0,2,70FC22FC-0972-4261-99B3-226B15F00B33,2026-09-16 10:01:51.527,
0BC309DA-FBF2-4029-B771-0A202EC3AF89,C35750,20260914,OT1_5,0,2,70FC22FC-0972-4261-99B3-226B15F00B33,2026-09-15 17:23:08.693,
D1FFD184-050A-4C07-839D-1A6142437946,C35750,20260915,OT1_5,0,2,70FC22FC-0972-4261-99B3-226B15F00B33,2026-09-16 10:01:50.043,
1236F4F4-0E44-40A2-B388-149D90F16923,C35751,20260914,OT1_5,0,2,70FC22FC-0972-4261-99B3-226B15F00B33,2026-09-15 17:23:13.857,
C01EC1F3-C618-4C4B-8461-410D5F6897E5,C35751,20260915,OT1_5,0,2,70FC22FC-0972-4261-99B3-226B15F00B33,2026-09-16 10:01:53.537,
6D432783-A200-433B-A77C-6FD6E8B6822A,C35752,20260914,OT1_5,0,2,70FC22FC-0972-4261-99B3-226B15F00B33,2026-09-15 17:23:14.303,
4F0DA509-ABE7-4987-9870-5504301D6B2E,C35752,20260915,OT1_5,0,2,70FC22FC-0972-4261-99B3-226B15F00B33,2026-09-16 10:01:54.717,
C9DF452E-778E-4339-A40A-3B601C80662F,C35755,20260914,OT1_5,0,2,70FC22FC-0972-4261-99B3-226B15F00B33,2026-09-15 17:23:11.560,
EC562292-CCCC-478E-B488-51977CDA6429,C35755,20260915,OT1_5,0,2,70FC22FC-0972-4261-99B3-226B15F00B33,2026-09-16 10:01:51.770,
C7CCEC2E-A723-4D7A-AAD7-8A2E73021A24,C35760,20260914,OT1_5,0,2,70FC22FC-0972-4261-99B3-226B15F00B33,2026-09-15 17:18:07.680,
4650D4AC-41E9-4BA4-91A1-C5DEF1D1573B,C35760,20260915,OT1_5,0,2,70FC22FC-0972-4261-99B3-226B15F00B33,2026-09-16 09:56:57.087,
1BBE2380-EA9F-4601-A02D-F17D964E94F3,C35761,20260914,OT1_5,0,2,70FC22FC-0972-4261-99B3-226B15F00B33,2026-09-15 17:18:05.847,
5945A5B5-1734-4CFD-A5C8-569A28D6E4C1,C35761,20260915,OT1_5,0,2,70FC22FC-0972-4261-99B3-226B15F00B33,2026-09-16 09:56:56.443,
82EAB7B2-D952-43C1-97A8-648A88301270,C35762,20260914,OT1_5,0,2,70FC22FC-0972-4261-99B3-226B15F00B33,2026-09-15 17:17:59.877,
35600CC8-EE74-40EC-A4A0-988D41793542,C35762,20260915,OT1_5,0,2,70FC22FC-0972-4261-99B3-226B15F00B33,2026-09-16 09:56:57.980,
A6EC5101-B148-41D9-BBC4-73D397F5BFF4,C35763,20260914,OT1_5,0,2,70FC22FC-0972-4261-99B3-226B15F00B33,2026-09-15 17:18:02.817,
052B51A0-316B-4F93-9DEC-0D5AAA56D6F3,C35767,20260914,OT1_5,0,2,70FC22FC-0972-4261-99B3-226B15F00B33,2026-09-15 17:17:56.370,
981B98BA-E94B-43B9-9FC8-4D1FBDF9342F,C35767,20260915,OT1_5,0,2,70FC22FC-0972-4261-99B3-226B15F00B33,2026-09-16 09:56:54.483,
3D55A32A-B27C-40B3-9DDE-6D7D72E8455E,C35773,20260914,OT1_5,0,2,70FC22FC-0972-4261-99B3-226B15F00B33,2026-09-15 17:18:12.133,
3D718518-7A77-4FC8-9E19-C5C641539C32,C35776,20260914,OT1_5,0,2,70FC22FC-0972-4261-99B3-226B15F00B33,2026-09-15 17:18:12.180,
B02BE61E-484D-4081-9C67-68D97FDE9B67,C35777,20260914,OT1_5,0,2,70FC22FC-0972-4261-99B3-226B15F00B33,2026-09-15 17:18:10.940,
E391030D-371E-4C05-955E-9C7584C273A0,C35778,20260914,OT1_5,0,2,70FC22FC-0972-4261-99B3-226B15F00B33,2026-09-15 17:17:58.450,
0130756E-AC7C-47EE-836B-63F47A2FB969,C35781,20260914,OT1_5,0,2,70FC22FC-0972-4261-99B3-226B15F00B33,2026-09-15 17:17:55.530,
C0AE431D-023C-4081-910F-EBC560720C1E,C35781,20260915,OT1_5,0,2,70FC22FC-0972-4261-99B3-226B15F00B33,2026-09-16 09:56:53.047,
2032703B-93DA-4E7A-A380-A9F4F4FB252E,C35782,20260914,OT1_5,0,2,70FC22FC-0972-4261-99B3-226B15F00B33,2026-09-15 17:18:09.667,
BB57A979-02A0-4108-87B7-4057ACAA90C6,C35782,20260915,OT1_5,0,2,70FC22FC-0972-4261-99B3-226B15F00B33,2026-09-16 09:56:58.343,
A6D8C206-686B-4AAE-B793-76C68F7F76CE,C35783,20260914,OT1_5,0,2,70FC22FC-0972-4261-99B3-226B15F00B33,2026-09-15 17:18:09.613,
BEF6FE3C-429D-4282-AFD8-1FF7C3B94541,C35783,20260915,OT1_5,0,2,70FC22FC-0972-4261-99B3-226B15F00B33,2026-09-16 09:56:58.330,
702BD0FB-1223-4DF1-B809-F9BE5F63637F,C35784,20260914,OT1_5,0,2,70FC22FC-0972-4261-99B3-226B15F00B33,2026-09-15 17:18:04.490,
406243AF-8314-4E7B-8C3B-CF17D1D7F954,C35784,20260915,OT1_5,0,2,70FC22FC-0972-4261-99B3-226B15F00B33,2026-09-16 09:56:54.060,
6EFA8690-7045-4240-BAB1-0D3D3D871E59,C35785,20260914,OT1_5,0,2,70FC22FC-0972-4261-99B3-226B15F00B33,2026-09-15 17:18:02.700,
503F967A-32F1-4A6B-A998-1DCD01AC251A,C35786,20260914,OT1_5,0,2,70FC22FC-0972-4261-99B3-226B15F00B33,2026-09-15 17:18:04.793,
0AE33359-68B5-4781-9578-8C2233E74D2E,C35786,20260915,OT1_5,0,2,70FC22FC-0972-4261-99B3-226B15F00B33,2026-09-16 09:56:56.770,
C0F6D753-203B-4E75-8926-77B643FE7F1F,C35788,20260914,OT1_5,0,2,70FC22FC-0972-4261-99B3-226B15F00B33,2026-09-15 17:18:03.267,
DF2864E3-77D2-4046-A875-AB224394400E,C35788,20260915,OT1_5,0,2,70FC22FC-0972-4261-99B3-226B15F00B33,2026-09-16 09:56:56.933,
E809F4F9-B7F3-4DBA-9C90-68452070735A,C35791,20260914,OT1_5,0,2,70FC22FC-0972-4261-99B3-226B15F00B33,2026-09-15 17:18:06.160,
15B62F0C-02DB-488B-AB74-51110759AFBC,C35791,20260915,OT1_5,0,2,70FC22FC-0972-4261-99B3-226B15F00B33,2026-09-16 09:56:56.313,
670F04B8-88ED-4642-9596-CDB0330745A0,C35792,20260914,OT1_5,0,2,70FC22FC-0972-4261-99B3-226B15F00B33,2026-09-15 17:18:06.897,
7DC008C9-C562-4C9B-830F-E4BA6EE2CAD6,C35792,20260915,OT1_5,0,2,70FC22FC-0972-4261-99B3-226B15F00B33,2026-09-16 09:56:56.377,
91511B86-A07D-46AB-9A5A-1F54BF3B6D5D,C35793,20260914,OT1_5,0,2,70FC22FC-0972-4261-99B3-226B15F00B33,2026-09-15 17:18:07.493,
C514EBFF-EA8A-4985-A843-F1E3BD2FF91D,C35793,20260915,OT1_5,0,2,70FC22FC-0972-4261-99B3-226B15F00B33,2026-09-16 09:56:56.260,
9342B78B-8380-4CCE-864B-B5B221D89C4A,C35794,20260914,OT1_5,0,2,70FC22FC-0972-4261-99B3-226B15F00B33,2026-09-15 17:18:07.017,
2A40C640-8C53-4859-AE80-3F29C56D2197,C35794,20260915,OT1_5,0,2,70FC22FC-0972-4261-99B3-226B15F00B33,2026-09-16 09:56:56.477,
779F1EB4-75D5-4C57-94C0-28C0614548BE,C35795,20260914,OT1_5,0,2,70FC22FC-0972-4261-99B3-226B15F00B33,2026-09-15 17:18:07.747,
124FE486-08E2-4386-AF46-4889EC7C95C3,C35795,20260915,OT1_5,0,2,70FC22FC-0972-4261-99B3-226B15F00B33,2026-09-16 09:56:56.730,
DB2E8268-8475-4800-AEA6-3E6E3A51EBDB,C35796,20260914,OT1_5,0,2,70FC22FC-0972-4261-99B3-226B15F00B33,2026-09-15 17:18:05.977,
79B117AF-54EF-42DA-A458-B035B9D53D13,C35796,20260915,OT1_5,0,2,70FC22FC-0972-4261-99B3-226B15F00B33,2026-09-16 09:56:55.570,
47C629E0-4224-488E-A46D-0095CFB24757,C35797,20260915,OT1_5,0,2,70FC22FC-0972-4261-99B3-226B15F00B33,2026-09-16 09:56:54.647,
AA499DB7-5385-4CD3-A6C6-5EFADDDF059E,C35798,20260914,OT1_5,0,2,70FC22FC-0972-4261-99B3-226B15F00B33,2026-09-15 17:17:56.477,
DEA993D8-65F8-4A70-8626-4FB3886094E1,C35798,20260915,OT1_5,0,2,70FC22FC-0972-4261-99B3-226B15F00B33,2026-09-16 09:56:54.663,
3159364E-8B5B-4BC7-A8E8-31C5F360113B,C35799,20260914,OT1_5,0,2,70FC22FC-0972-4261-99B3-226B15F00B33,2026-09-15 17:18:00.663,
7BECB952-2148-4B11-A7BB-516B7BC4E7D3,C35799,20260915,OT1_5,0,2,70FC22FC-0972-4261-99B3-226B15F00B33,2026-09-16 09:56:53.917,
9948FACD-092A-4AAA-A89F-DDAE4BA75954,C35800,20260914,OT1_5,0,2,70FC22FC-0972-4261-99B3-226B15F00B33,2026-09-15 17:17:56.450,
620292D6-0405-46BC-9342-36815D069D24,C35801,20260914,OT1_5,0,2,70FC22FC-0972-4261-99B3-226B15F00B33,2026-09-15 17:23:12.240,
40B06E8B-02BD-4459-A94C-753E0B4F6BD3,C35801,20260915,OT1_5,0,2,70FC22FC-0972-4261-99B3-226B15F00B33,2026-09-16 10:01:51.613,
CCF7DA5D-6CFF-4E51-A09A-99B4F16090C8,C35803,20260915,OT1_5,0,1.5,70FC22FC-0972-4261-99B3-226B15F00B33,2026-09-16 10:07:45.377,
CEC9E029-7681-4B97-9774-B9A950098C8D,C35804,20260914,OT1_5,0,2,70FC22FC-0972-4261-99B3-226B15F00B33,2026-09-15 17:23:58.650,
8E392883-E818-4725-9CDC-8B0413F376B6,C35805,20260915,OT1_5,0,3.5,70FC22FC-0972-4261-99B3-226B15F00B33,2026-09-16 09:57:39.767,
E1BD4E7E-7CEE-4174-A883-32E03FDAD35B,C35807,20260914,OT1_5,0,2,70FC22FC-0972-4261-99B3-226B15F00B33,2026-09-15 17:20:46.520,
A4ABB30A-F457-48DD-B0A1-3A281C8C8099,C35807,20260915,OT1_5,0,2,70FC22FC-0972-4261-99B3-226B15F00B33,2026-09-16 09:59:38.263,
2A2E1893-9065-4D98-A9CB-5219C7EDC9A9,C35809,20260914,OT1_5,0,2,70FC22FC-0972-4261-99B3-226B15F00B33,2026-09-15 17:20:45.107,
3E05AA1B-28F8-490F-8F7A-608BAB9328C9,C35809,20260915,OT1_5,0,2,70FC22FC-0972-4261-99B3-226B15F00B33,2026-09-16 09:59:30.890,
7B2963DB-B2DF-470A-8B47-9E94833CD33A,C35810,20260914,OT1_5,0,2,70FC22FC-0972-4261-99B3-226B15F00B33,2026-09-15 17:20:44.850,
DE7891B9-1774-41A9-9BCD-B2F584A01C2F,C35810,20260915,OT1_5,0,2,70FC22FC-0972-4261-99B3-226B15F00B33,2026-09-16 09:59:31.127,
94555891-8437-46E2-B2F8-24EFAE88F8A1,C35811,20260914,OT1_5,0,2,70FC22FC-0972-4261-99B3-226B15F00B33,2026-09-15 17:20:59.117,
395CAADD-6C81-4FBB-AEC8-20ADE506B52D,C35811,20260915,OT1_5,0,2,70FC22FC-0972-4261-99B3-226B15F00B33,2026-09-16 09:59:40.257,
2F8B6443-B4F7-4C29-A95E-4139BF7C25CA,C35814,20260914,OT1_5,0,2,70FC22FC-0972-4261-99B3-226B15F00B33,2026-09-15 17:21:03.530,
4F049B91-ADD4-4A17-9DA5-5CE40810903F,C35814,20260915,OT1_5,0,2,70FC22FC-0972-4261-99B3-226B15F00B33,2026-09-16 09:59:38.870,
F6F8CB17-323F-455E-BD90-A46934F4C700,C35816,20260915,OT1_5,0,2,70FC22FC-0972-4261-99B3-226B15F00B33,2026-09-16 09:59:40.333,
08C495D7-444A-495B-9D9E-639348412C83,C35818,20260914,nOT1_5,0,15,70FC22FC-0972-4261-99B3-226B15F00B33,2026-09-15 15:10:13.827,NULL
0C09E810-C08A-44FC-854C-00505D0BBC16,C35819,20260914,OT1_5,0,2,70FC22FC-0972-4261-99B3-226B15F00B33,2026-09-15 17:21:02.270,
E41EAE0E-4D34-40EA-B731-F5BF7AEE5647,C35821,20260914,OT1_5,0,2,70FC22FC-0972-4261-99B3-226B15F00B33,2026-09-15 17:20:42.390,
A33A29C0-EF9C-4D73-A9BA-201F9EB99EC9,C35821,20260915,OT1_5,0,2,70FC22FC-0972-4261-99B3-226B15F00B33,2026-09-16 09:59:30.120,
EEB46976-81B6-4B30-BA66-BE76F49C9907,C35822,20260914,OT1_5,0,2,70FC22FC-0972-4261-99B3-226B15F00B33,2026-09-15 17:21:03.300,
8697F239-A9BD-4F4C-A800-FCCB0ADC312E,C35822,20260915,OT1_5,0,2,70FC22FC-0972-4261-99B3-226B15F00B33,2026-09-16 09:59:39.943,
E2E139CE-F056-4346-876B-64AA586BA94D,C35826,20260915,OT1_5,0,2,70FC22FC-0972-4261-99B3-226B15F00B33,2026-09-16 09:59:30.463,
F8FCE2E2-DC31-4061-92FE-7E69C79761B3,C35829,20260914,OT1_5,0,2,70FC22FC-0972-4261-99B3-226B15F00B33,2026-09-15 17:23:12.683,
A2F25552-A103-4C69-B036-6AC667941486,C35829,20260915,OT1_5,0,2,70FC22FC-0972-4261-99B3-226B15F00B33,2026-09-16 10:01:51.263,
EC6CDD24-EB4F-4C09-B24B-2E7DA6A9D8A7,C35830,20260914,OT1_5,0,2,70FC22FC-0972-4261-99B3-226B15F00B33,2026-09-15 17:18:07.610,
AC25BE0B-7D2D-46C5-B37B-A0D172F8F5DA,C35830,20260915,OT1_5,0,2,70FC22FC-0972-4261-99B3-226B15F00B33,2026-09-16 09:56:56.333,
6C5516B0-067F-4611-A017-95544728BD32,C35831,20260914,OT1_5,0,2,70FC22FC-0972-4261-99B3-226B15F00B33,2026-09-15 17:18:10.900,
87FA7D1C-1C27-4934-80C8-B98DF5CA5C00,C35831,20260915,OT1_5,0,2,70FC22FC-0972-4261-99B3-226B15F00B33,2026-09-16 09:56:58.670,
01271367-7453-487D-A02F-BF4682254EE4,C35833,20260914,OT1_5,0,2,70FC22FC-0972-4261-99B3-226B15F00B33,2026-09-15 17:18:11.347,
90E226AD-0670-44DE-B8D3-27265172CF99,C35833,20260915,OT1_5,0,2,70FC22FC-0972-4261-99B3-226B15F00B33,2026-09-16 09:56:58.940,
6E4E6B4A-8914-4C70-97B5-A03715FA6AFF,C35834,20260914,OT1_5,0,2,70FC22FC-0972-4261-99B3-226B15F00B33,2026-09-15 17:18:05.130,
AE634BD8-D114-480F-934E-221DFEF2F67A,C35834,20260915,OT1_5,0,2,70FC22FC-0972-4261-99B3-226B15F00B33,2026-09-16 09:56:56.090,
2DF96351-7A4B-4301-8E17-E4FD75CFCBC3,C35835,20260914,OT1_5,0,2,70FC22FC-0972-4261-99B3-226B15F00B33,2026-09-15 17:17:56.793,
4299155B-F90E-46DA-8D6B-5021B9769184,C35835,20260915,OT1_5,0,2,70FC22FC-0972-4261-99B3-226B15F00B33,2026-09-16 09:56:53.750,
23040FBE-EF5F-4A15-A023-70DFF5F206A4,C35836,20260914,OT1_5,0,2,70FC22FC-0972-4261-99B3-226B15F00B33,2026-09-15 17:17:55.807,
01807C9A-5282-4826-BE47-8455FC486DE1,C35837,20260914,OT1_5,0,2,70FC22FC-0972-4261-99B3-226B15F00B33,2026-09-15 17:18:07.820,
BC00F938-BD58-4324-B2D0-8AE18393BFB9,C35837,20260915,OT1_5,0,2,70FC22FC-0972-4261-99B3-226B15F00B33,2026-09-16 09:56:56.853,
795BEC05-3302-4E78-B034-CE84D7F71A1F,C35838,20260914,OT1_5,0,2,70FC22FC-0972-4261-99B3-226B15F00B33,2026-09-15 17:18:01.520,
2D81D7B4-854C-4E45-A9D9-1E3302CEB83E,C35838,20260915,OT1_5,0,2,70FC22FC-0972-4261-99B3-226B15F00B33,2026-09-16 09:56:54.417,
FBFCF281-5150-4447-96C2-0FAB29951EC9,C35839,20260914,OT1_5,0,2,70FC22FC-0972-4261-99B3-226B15F00B33,2026-09-15 17:18:01.547,
00BF53EF-D2EB-4AEC-8719-39F650BC3FAE,C35840,20260914,OT1_5,0,2,70FC22FC-0972-4261-99B3-226B15F00B33,2026-09-15 17:18:07.220,
815132EC-33FA-4A39-971E-BFA297C04FDE,C35840,20260915,OT1_5,0,2,70FC22FC-0972-4261-99B3-226B15F00B33,2026-09-16 09:56:57.717,
43FC7E39-73F0-40B8-91C4-A8C224A47364,C35841,20260914,OT1_5,0,2,70FC22FC-0972-4261-99B3-226B15F00B33,2026-09-15 17:18:08.263,
73B78F4B-B2AA-4ADF-B93C-39BC2A6C3627,C35841,20260915,OT1_5,0,2,70FC22FC-0972-4261-99B3-226B15F00B33,2026-09-16 09:56:57.510,
2FEF7D33-98CF-4C96-BA5C-D9AE0BC16107,C35842,20260914,OT1_5,0,2,70FC22FC-0972-4261-99B3-226B15F00B33,2026-09-15 17:18:12.243,
F2C02616-A971-4027-98E4-024995D2415C,C35842,20260915,OT1_5,0,2,70FC22FC-0972-4261-99B3-226B15F00B33,2026-09-16 09:56:58.840,
359D1404-92FE-486E-B1BA-C824270ACD7A,C35843,20260914,OT1_5,0,2,70FC22FC-0972-4261-99B3-226B15F00B33,2026-09-15 17:23:12.660,
33434F2F-7EED-468A-9E13-424E3696FB96,C35843,20260915,OT1_5,0,2,70FC22FC-0972-4261-99B3-226B15F00B33,2026-09-16 10:01:52.347,
CA16CB23-C10A-4B16-B956-A11CF4A4C0C0,C35844,20260914,OT1_5,0,2,70FC22FC-0972-4261-99B3-226B15F00B33,2026-09-15 17:23:05.263,
2CE3ABCD-88D1-4B4E-90B9-DA64119082B0,C35844,20260915,OT1_5,0,2,70FC22FC-0972-4261-99B3-226B15F00B33,2026-09-16 10:01:45.097,
917244B6-C1F7-4445-A0EC-4B084DBCEC60,C35845,20260914,OT1_5,0,2,70FC22FC-0972-4261-99B3-226B15F00B33,2026-09-15 17:23:14.670,
804A1E47-6888-45B9-B3D1-11BA8FCDB958,C35847,20260914,OT1_5,0,2,70FC22FC-0972-4261-99B3-226B15F00B33,2026-09-15 17:18:09.340,
95BF0B08-7F33-4F49-BD86-580DB0435EE2,C35847,20260915,OT1_5,0,2,70FC22FC-0972-4261-99B3-226B15F00B33,2026-09-16 09:56:56.227,
C03976BC-0FD7-4A7B-88FD-F5E1030D18EB,C35849,20260914,OT1_5,0,2,70FC22FC-0972-4261-99B3-226B15F00B33,2026-09-15 17:18:03.577,
5B66090D-531D-4302-BEC9-31928973DC8B,C35850,20260914,OT1_5,0,2,70FC22FC-0972-4261-99B3-226B15F00B33,2026-09-15 17:18:08.410,
354E9AA1-AFB1-44D2-899B-9E0AC2B462D2,C35851,20260914,OT1_5,0,2,70FC22FC-0972-4261-99B3-226B15F00B33,2026-09-15 17:17:53.480,
69FBDEDD-B4F8-4B28-B9E8-07A8B66F4635,C35857,20260914,OT1_5,0,2,70FC22FC-0972-4261-99B3-226B15F00B33,2026-09-15 17:17:53.497,
899C08CF-AFE5-4532-9310-73EF4D958686,C35859,20260914,OT1_5,0,2,70FC22FC-0972-4261-99B3-226B15F00B33,2026-09-15 17:18:01.430,
670A636C-1C8A-4F04-BF8D-1E8800E931FA,C35859,20260915,OT1_5,0,2,70FC22FC-0972-4261-99B3-226B15F00B33,2026-09-16 09:56:55.423,
B73C61FC-E828-430E-BAA7-EFEBBFB40469,C35860,20260914,OT1_5,0,2,70FC22FC-0972-4261-99B3-226B15F00B33,2026-09-15 17:18:06.407,
66910808-6E36-460F-AC13-BB0C4CE8727E,C35861,20260914,OT1_5,0,2,70FC22FC-0972-4261-99B3-226B15F00B33,2026-09-15 17:18:06.960,
3497D68D-E820-480C-85F5-C3DAF429A1A3,C35863,20260914,OT1_5,0,2,70FC22FC-0972-4261-99B3-226B15F00B33,2026-09-15 17:18:03.007,
BD139621-6783-4AC7-A17C-293A333D40C6,C35864,20260914,OT1_5,0,2,70FC22FC-0972-4261-99B3-226B15F00B33,2026-09-15 17:18:01.327,
7DEC2A92-16B4-4FA5-812A-D82C36BAA54E,C35865,20260914,OT1_5,0,2,70FC22FC-0972-4261-99B3-226B15F00B33,2026-09-15 17:18:01.033,
9FF7CA77-232A-4EBC-BC8A-56B9022A49E4,C35865,20260915,OT1_5,0,2,70FC22FC-0972-4261-99B3-226B15F00B33,2026-09-16 09:56:54.400,
6E4D01F0-032F-4897-B691-5E6C54819E59,C35867,20260914,OT1_5,0,2,70FC22FC-0972-4261-99B3-226B15F00B33,2026-09-15 17:18:07.913,
352B4352-E544-435E-805F-15AEEE616186,C35868,20260914,OT1_5,0,2,70FC22FC-0972-4261-99B3-226B15F00B33,2026-09-15 17:17:56.197,
A897FE17-A1F2-4D9D-B7D4-97914AAB7B1B,C35869,20260914,OT1_5,0,2,70FC22FC-0972-4261-99B3-226B15F00B33,2026-09-15 17:17:58.880,
FE17EF7A-3862-46E1-AF41-F932C0A1A193,C35869,20260915,OT1_5,0,2,70FC22FC-0972-4261-99B3-226B15F00B33,2026-09-16 09:56:53.603,
F5AB3778-6C5F-4FDA-97AA-59C9BF7838EC,C35870,20260914,OT1_5,0,2,70FC22FC-0972-4261-99B3-226B15F00B33,2026-09-15 17:18:07.410,
F1CE0034-FF4F-48ED-8859-DA83FA43E72B,C35870,20260915,OT1_5,0,2,70FC22FC-0972-4261-99B3-226B15F00B33,2026-09-16 09:56:55.850,
6392DA91-D57C-4BB6-A8ED-BFF1964B15BA,C35871,20260914,OT1_5,0,2,70FC22FC-0972-4261-99B3-226B15F00B33,2026-09-15 17:17:54.760,
106FD409-50EB-4FC0-8F49-AFC1396FD01B,C35871,20260915,OT1_5,0,2,70FC22FC-0972-4261-99B3-226B15F00B33,2026-09-16 09:56:53.220,
020C3574-39B4-43CD-BFCA-74FF5C734E77,C35872,20260914,OT1_5,0,2,70FC22FC-0972-4261-99B3-226B15F00B33,2026-09-15 17:17:56.550,
EBE35758-E2DC-4901-B176-FC26107234EF,C35872,20260915,OT1_5,0,2,70FC22FC-0972-4261-99B3-226B15F00B33,2026-09-16 09:56:53.187,
F6F7C9D7-A014-4DC7-BDA2-D33D0A30C3C4,C35873,20260914,OT1_5,0,2,70FC22FC-0972-4261-99B3-226B15F00B33,2026-09-15 17:18:01.173,
ED416505-7AB0-4FA9-84A7-CC1EC518FDC4,C35875,20260914,OT1_5,0,2.5,70FC22FC-0972-4261-99B3-226B15F00B33,2026-09-15 17:20:09.653,
9B9DC866-B371-4C52-9D78-E69786968C46,C35875,20260915,OT1_5,0,2,70FC22FC-0972-4261-99B3-226B15F00B33,2026-09-16 09:59:32.207,
47BC233E-22E0-4959-B5B2-C581270BB3C3,C35876,20260914,OT1_5,0,2,70FC22FC-0972-4261-99B3-226B15F00B33,2026-09-15 17:20:51.373,
59491BFB-3A66-48F4-BC79-548CBE58136B,C35876,20260915,OT1_5,0,2,70FC22FC-0972-4261-99B3-226B15F00B33,2026-09-16 09:59:37.343,
7CC364CB-E2CF-4085-87C9-684FABB861AF,C35877,20260915,OT1_5,0,2,70FC22FC-0972-4261-99B3-226B15F00B33,2026-09-16 09:59:40.410,
282E49D7-11CF-4CF4-8A13-CF064222186C,C35878,20260914,OT1_5,0,2,70FC22FC-0972-4261-99B3-226B15F00B33,2026-09-15 17:20:53.747,
BE69B151-6378-4DDB-8D97-782F3131964F,C35878,20260915,OT1_5,0,2,70FC22FC-0972-4261-99B3-226B15F00B33,2026-09-16 09:59:31.747,
009DBB01-C4C5-43CB-BAE0-AB5FE983E6B3,C35879,20260914,OT1_5,0,2,70FC22FC-0972-4261-99B3-226B15F00B33,2026-09-15 17:18:57.580,
E3FF1FBB-3674-4137-A7FF-4C2CDED49730,C35879,20260915,OT1_5,0,2,70FC22FC-0972-4261-99B3-226B15F00B33,2026-09-16 09:57:40.487,
4851CEA7-1909-4934-81AD-76F4E479463B,C35880,20260914,OT1_5,0,2,70FC22FC-0972-4261-99B3-226B15F00B33,2026-09-15 17:20:49.920,
D65A4475-5110-4417-BA66-CE9CCCED211E,C35881,20260915,OT1_5,0,2,70FC22FC-0972-4261-99B3-226B15F00B33,2026-09-16 09:59:36.080,
FB6AE523-5083-4B7E-994D-4F0870CACC99,C35882,20260915,OT1_5,0,2,70FC22FC-0972-4261-99B3-226B15F00B33,2026-09-16 09:59:30.570,
8A1EE67B-57B9-4F11-92DB-AEFF9D0736B1,C35885,20260914,OT1_5,0,2,70FC22FC-0972-4261-99B3-226B15F00B33,2026-09-15 17:21:00.953,
F67E3F16-F11A-411F-A4A5-1A939571A031,C35887,20260914,OT1_5,0,2,70FC22FC-0972-4261-99B3-226B15F00B33,2026-09-15 17:20:46.753,
944B5EF8-0DD5-4DFA-AAC2-6A4E07EED7C9,C35889,20260914,OT1_5,0,2,70FC22FC-0972-4261-99B3-226B15F00B33,2026-09-15 17:23:17.103,
1D131C10-E3ED-4DFB-845A-936E63E7768D,C35890,20260914,OT1_5,0,2,70FC22FC-0972-4261-99B3-226B15F00B33,2026-09-15 17:23:13.220,
4EE09C89-58C7-4EA2-8F0A-865A931920E0,C35890,20260915,OT1_5,0,2,70FC22FC-0972-4261-99B3-226B15F00B33,2026-09-16 10:01:52.587,
22FA37C2-7A81-44AE-999C-C8599FA632F0,C35892,20260914,OT1_5,0,2,70FC22FC-0972-4261-99B3-226B15F00B33,2026-09-15 17:23:07.770,
ADC34002-221D-4DBA-8EBD-E7FFCCE1A906,C35892,20260915,OT1_5,0,2,70FC22FC-0972-4261-99B3-226B15F00B33,2026-09-16 10:01:49.167,
D80D1D9C-EE7A-4CC4-AE20-4F05C676DD72,C35893,20260914,OT1_5,0,2,70FC22FC-0972-4261-99B3-226B15F00B33,2026-09-15 17:23:03.847,
B912B2CC-6468-4C85-B4F8-1EC28A0B3931,C35895,20260914,OT1_5,0,2,70FC22FC-0972-4261-99B3-226B15F00B33,2026-09-15 17:23:13.233,
965242B8-F298-4FED-8412-EACFFC4F395B,C35896,20260914,OT1_5,0,2,70FC22FC-0972-4261-99B3-226B15F00B33,2026-09-15 17:23:16.323,
AB7F8479-8715-466A-9356-3679616B0C4E,C35897,20260914,OT1_5,0,2,70FC22FC-0972-4261-99B3-226B15F00B33,2026-09-15 17:23:07.783,
E1C7B7AD-5588-43C0-A3D6-9364421533EC,C35897,20260915,OT1_5,0,2,70FC22FC-0972-4261-99B3-226B15F00B33,2026-09-16 10:01:47.683,
0E50C78E-39E6-44DD-837B-6C57DF567B4E,C35898,20260914,OT1_5,0,2,70FC22FC-0972-4261-99B3-226B15F00B33,2026-09-15 17:23:03.270,
42C63CE6-F73F-47BF-9687-156B7FDB08B5,C35903,20260914,OT1_5,0,2,70FC22FC-0972-4261-99B3-226B15F00B33,2026-09-15 17:23:04.017,
6405DFA4-D7F1-421D-A1F0-3F73D62F05B8,C35903,20260915,OT1_5,0,2,70FC22FC-0972-4261-99B3-226B15F00B33,2026-09-16 10:01:45.720,
9A69936C-0631-4B33-84E7-BFC6F416D961,C35908,20260914,OT1_5,0,2,70FC22FC-0972-4261-99B3-226B15F00B33,2026-09-15 17:23:03.130,
A2E0CA3F-AC8F-4B9C-B968-3AAD7B81A81D,C35908,20260915,OT1_5,0,2,70FC22FC-0972-4261-99B3-226B15F00B33,2026-09-16 10:01:43.820,
C7894F39-756B-4493-9419-45FAE0A8C569,C35910,20260914,OT1_5,0,2,70FC22FC-0972-4261-99B3-226B15F00B33,2026-09-15 17:23:12.530,
EEF6F1C7-6C56-41B7-AA98-EA6CE92CF8B1,C35910,20260915,OT1_5,0,2,70FC22FC-0972-4261-99B3-226B15F00B33,2026-09-16 10:01:52.563,
54802596-42C4-4D82-8890-EA1C527AEE59,C35912,20260914,OT1_5,0,2,70FC22FC-0972-4261-99B3-226B15F00B33,2026-09-15 17:23:12.490,
5D7C2CB1-10E0-4540-B445-919C4FE2D3CC,C35917,20260914,OT1_5,0,2,70FC22FC-0972-4261-99B3-226B15F00B33,2026-09-15 17:23:03.060,
97787B1C-4CF1-41C4-AC8F-4874D964ADB3,C35917,20260915,OT1_5,0,2,70FC22FC-0972-4261-99B3-226B15F00B33,2026-09-16 10:01:43.770,
FD3A57F2-DDC8-465C-9104-2670E07CD9EF,C35918,20260914,OT1_5,0,2,70FC22FC-0972-4261-99B3-226B15F00B33,2026-09-15 17:23:01.970,
AA5D6417-2244-49B7-920C-CBBAB263DB19,C35918,20260915,OT1_5,0,2,70FC22FC-0972-4261-99B3-226B15F00B33,2026-09-16 10:01:43.760,
A204A911-DB92-4626-9803-334520D409F2,C35919,20260914,OT1_5,0,2,70FC22FC-0972-4261-99B3-226B15F00B33,2026-09-15 17:23:02.973,
A8552071-4E3E-4D9B-9C2E-CE621F4726E7,C35921,20260914,OT1_5,0,2,70FC22FC-0972-4261-99B3-226B15F00B33,2026-09-15 17:21:36.020,
297A2CA7-432A-4C08-B187-615D74296B6D,C35921,20260915,OT1_5,0,2,70FC22FC-0972-4261-99B3-226B15F00B33,2026-09-16 10:00:13.003,
36670C07-D773-4CB5-99E0-ECCBDBF2F997,C35922,20260914,OT1_5,0,2,70FC22FC-0972-4261-99B3-226B15F00B33,2026-09-15 17:23:16.763,
24503CF5-982C-4581-8B69-E73DC8D1D0D1,C35924,20260914,OT1_5,0,2,70FC22FC-0972-4261-99B3-226B15F00B33,2026-09-15 17:18:12.487,
08B2DBB5-927D-4544-8686-887DDC5F6B95,C35924,20260915,OT1_5,0,2,70FC22FC-0972-4261-99B3-226B15F00B33,2026-09-16 09:56:58.560,
F94B9FAE-68A1-4084-89CD-9D7341B3C8E9,C35925,20260914,OT1_5,0,2,70FC22FC-0972-4261-99B3-226B15F00B33,2026-09-15 17:18:08.450,
77699BBE-99CC-4887-AA25-9AA10AEA3ECB,C35925,20260915,OT1_5,0,2,70FC22FC-0972-4261-99B3-226B15F00B33,2026-09-16 09:56:57.343,
A688660B-5C44-4BB2-837C-B67E246E9CB6,C35926,20260914,OT1_5,0,2,70FC22FC-0972-4261-99B3-226B15F00B33,2026-09-15 17:18:05.760,
1CA5D8F4-3F71-4436-ADF1-31536B742273,C35927,20260914,OT1_5,0,2,70FC22FC-0972-4261-99B3-226B15F00B33,2026-09-15 17:18:02.090,
C104B82E-6828-41BA-BD31-E2061FC81DE5,C35927,20260915,OT1_5,0,2,70FC22FC-0972-4261-99B3-226B15F00B33,2026-09-16 09:56:55.477,
5DCDB8F9-95E6-4048-9294-EE1F071FED61,C35933,20260914,OT1_5,0,2,70FC22FC-0972-4261-99B3-226B15F00B33,2026-09-15 17:18:06.810,
9EF1F2A4-7336-4F2A-B1CD-CBB34CADD670,C35933,20260915,OT1_5,0,2,70FC22FC-0972-4261-99B3-226B15F00B33,2026-09-16 09:56:55.663,
FDC29B29-0F6A-4AAC-9171-72E0C46D1114,C35934,20260914,OT1_5,0,2,70FC22FC-0972-4261-99B3-226B15F00B33,2026-09-15 17:18:05.410,
E19BE345-D871-417D-B07C-88611A2C8AC1,C35937,20260915,OT1_5,0,2,70FC22FC-0972-4261-99B3-226B15F00B33,2026-09-16 09:56:58.180,
88265952-FDD8-44D7-AEF8-349CCD722A6F,C35942,20260914,OT1_5,0,2,70FC22FC-0972-4261-99B3-226B15F00B33,2026-09-15 17:23:00.940,
C8BF3259-16E1-4EE7-B30E-4D5A87670F20,C35942,20260915,OT1_5,0,2,70FC22FC-0972-4261-99B3-226B15F00B33,2026-09-16 10:01:53.433,
26D1045E-E17B-490C-89DE-1D688D17CA94,C35943,20260914,OT1_5,0,2,70FC22FC-0972-4261-99B3-226B15F00B33,2026-09-15 17:23:09.220,
EFC80F54-F638-440B-AAFC-A31967B41780,C35943,20260915,OT1_5,0,2,70FC22FC-0972-4261-99B3-226B15F00B33,2026-09-16 10:01:50.800,
AF7957D0-844D-4E1C-B0CB-84836CFD4EE2,C35945,20260915,OT1_5,0,2,70FC22FC-0972-4261-99B3-226B15F00B33,2026-09-16 10:01:42.810,
B47B7F50-668F-44D4-B8B8-658D079115A3,C35947,20260914,OT1_5,0,2,70FC22FC-0972-4261-99B3-226B15F00B33,2026-09-15 17:23:15.450,
8F7A4D67-A43C-4DB5-A13C-4C8CE1D89DA4,C35947,20260915,OT1_5,0,2,70FC22FC-0972-4261-99B3-226B15F00B33,2026-09-16 10:01:55.347,
49F91C5B-F1E6-4C23-85C3-CE78CF502F9E,C35949,20260914,OT1_5,0,2,70FC22FC-0972-4261-99B3-226B15F00B33,2026-09-15 17:23:08.893,
E259A093-B74F-4E61-BBB8-27C28851F67B,C35949,20260915,OT1_5,0,2,70FC22FC-0972-4261-99B3-226B15F00B33,2026-09-16 10:01:44.747,
EDC505F2-0D15-4E25-9D81-EBCA8B74DB70,C35950,20260915,OT1_5,0,2,70FC22FC-0972-4261-99B3-226B15F00B33,2026-09-16 10:01:45.043,
4384DDF1-AB32-4B5A-A278-C64FFB746F26,C35955,20260914,OT1_5,0,2,70FC22FC-0972-4261-99B3-226B15F00B33,2026-09-15 17:20:52.230,
A97DCBD0-166A-474C-AFCA-F4A044ECF1AC,C35955,20260915,OT1_5,0,2,70FC22FC-0972-4261-99B3-226B15F00B33,2026-09-16 09:59:33.850,
C274F84A-9745-4D9D-A186-192E4F1BEA17,C35961,20260915,OT1_5,0,2,70FC22FC-0972-4261-99B3-226B15F00B33,2026-09-16 09:59:36.037,
1CE07329-5B66-4CAD-BBC3-87B61EF7CD28,C35962,20260914,OT1_5,0,2,70FC22FC-0972-4261-99B3-226B15F00B33,2026-09-15 17:21:05.203,
4DB6ABC1-5C4B-4AD3-997B-8A44FFFDBF2D,C35962,20260915,OT1_5,0,2,70FC22FC-0972-4261-99B3-226B15F00B33,2026-09-16 09:59:39.750,
2003F2AC-67F4-4E8F-ABA3-CC31AACECBE4,C35964,20260914,OT1_5,0,2,70FC22FC-0972-4261-99B3-226B15F00B33,2026-09-15 17:18:57.943,
7038D3FF-F005-4D2D-9372-6AA5F3B9BCDD,C35964,20260915,OT1_5,0,2,70FC22FC-0972-4261-99B3-226B15F00B33,2026-09-16 09:57:39.830,
A668C65F-0FB7-46A4-9571-B4922F3FA544,C35968,20260914,OT1_5,0,2,70FC22FC-0972-4261-99B3-226B15F00B33,2026-09-15 17:21:06.100,
67ED504C-A441-4D89-913C-18ED712F1AEA,C35969,20260914,OT1_5,0,2,70FC22FC-0972-4261-99B3-226B15F00B33,2026-09-15 17:21:00.257,
AA50D908-411B-43EA-981A-00DEFC500C7C,C35969,20260915,OT1_5,0,2,70FC22FC-0972-4261-99B3-226B15F00B33,2026-09-16 09:59:39.517,
DA3A0529-699F-4AB5-9AD5-426585277D19,C35970,20260915,OT1_5,0,2,70FC22FC-0972-4261-99B3-226B15F00B33,2026-09-16 09:59:31.517,
7C01EF86-195A-4F77-887D-2B5361EED029,C35971,20260914,OT1_5,0,2,70FC22FC-0972-4261-99B3-226B15F00B33,2026-09-15 17:20:58.857,
BBCB21B7-6648-4338-8417-5D6ED307156C,C35972,20260914,OT1_5,0,2,70FC22FC-0972-4261-99B3-226B15F00B33,2026-09-15 17:17:53.667,
738AA7FA-DF9A-459B-B7F1-E5ABF0B03276,C35972,20260915,OT1_5,0,1,70FC22FC-0972-4261-99B3-226B15F00B33,2026-09-16 09:56:52.600,
597171FB-9E69-4AC2-B385-7AEE3E67179D,C35973,20260914,OT1_5,0,2,70FC22FC-0972-4261-99B3-226B15F00B33,2026-09-15 17:17:55.223,
CE732154-6ED8-44D6-A865-08E50F8376A6,C35973,20260915,OT1_5,0,2,70FC22FC-0972-4261-99B3-226B15F00B33,2026-09-16 09:56:53.403,
C0935CE3-6264-43FD-A4A3-3303B2ACA098,C35974,20260914,OT1_5,0,2,70FC22FC-0972-4261-99B3-226B15F00B33,2026-09-15 17:17:54.670,
3D148E44-30BB-4D51-BB29-DC19E12E36BD,C35977,20260914,OT1_5,0,2,70FC22FC-0972-4261-99B3-226B15F00B33,2026-09-15 17:18:03.193,
BA0648F7-3DBD-4BC6-82E4-B2AA0F767612,C35979,20260914,OT1_5,0,2,70FC22FC-0972-4261-99B3-226B15F00B33,2026-09-15 17:17:55.260,
5B538D80-7BF6-4107-9CFA-B21BFD2DC898,C35979,20260915,OT1_5,0,2,70FC22FC-0972-4261-99B3-226B15F00B33,2026-09-16 09:56:53.830,
1919B4FD-A8F5-483B-B448-FF3AD34033C1,C35981,20260914,OT1_5,0,2,70FC22FC-0972-4261-99B3-226B15F00B33,2026-09-15 17:18:06.057,
5508EDA4-AF62-493B-81B3-500C767E3F35,C35982,20260914,OT1_5,0,2,70FC22FC-0972-4261-99B3-226B15F00B33,2026-09-15 17:18:11.180,
5BED4915-C66D-4AE7-B558-D492E60FF8D9,C35982,20260915,OT1_5,0,2,70FC22FC-0972-4261-99B3-226B15F00B33,2026-09-16 09:56:58.373,
091362A6-A46A-4696-8616-D62B36E4EB4F,C35984,20260914,OT1_5,0,2,70FC22FC-0972-4261-99B3-226B15F00B33,2026-09-15 17:18:03.137,
5B2520F7-8D59-40F1-8898-E19668083593,C35986,20260914,OT1_5,0,2,70FC22FC-0972-4261-99B3-226B15F00B33,2026-09-15 17:23:17.590,
C0B2FC0F-D5B9-42C5-AB85-C589466C1E7F,C35986,20260915,OT1_5,0,2,70FC22FC-0972-4261-99B3-226B15F00B33,2026-09-16 10:01:56.800,
2F9B6289-D5D7-437C-8758-2111EC8C876F,C35991,20260914,OT1_5,0,2,70FC22FC-0972-4261-99B3-226B15F00B33,2026-09-15 17:18:05.773,
DB29E128-B54C-4C1E-AC0A-16E57DD3661E,C35991,20260915,OT1_5,0,2,70FC22FC-0972-4261-99B3-226B15F00B33,2026-09-16 09:56:57.367,
D630A959-655D-48FB-95D4-7322FB62F7E8,C35992,20260914,OT1_5,0,2,70FC22FC-0972-4261-99B3-226B15F00B33,2026-09-15 17:18:09.767,
756162F4-0E8A-4189-9FF5-1FBD54DDFBA3,C35992,20260915,OT1_5,0,2,70FC22FC-0972-4261-99B3-226B15F00B33,2026-09-16 09:56:58.223,
7287140B-7115-446D-BEBD-F8AB3F6AC09F,C35993,20260914,OT1_5,0,2,70FC22FC-0972-4261-99B3-226B15F00B33,2026-09-15 17:18:10.707,
B9F7CB77-4534-4FFB-8EDE-B93ED2F4D662,C35993,20260915,OT1_5,0,2,70FC22FC-0972-4261-99B3-226B15F00B33,2026-09-16 09:56:58.423,
78998B1A-CFDB-41A9-ABE9-2FD5510427C9,C35995,20260914,OT1_5,0,2,70FC22FC-0972-4261-99B3-226B15F00B33,2026-09-15 17:18:03.123,
0BFDE4D6-5FC1-45FA-B09B-6699BAC9056D,C36002,20260914,OT1_5,0,2,70FC22FC-0972-4261-99B3-226B15F00B33,2026-09-15 17:18:07.027,
B8907653-488F-469B-8B53-231DF4FB86CD,C36002,20260915,OT1_5,0,2,70FC22FC-0972-4261-99B3-226B15F00B33,2026-09-16 09:56:57.063,
F9791C10-4310-495A-8517-B25DA42141C3,C36004,20260914,OT1_5,0,2,70FC22FC-0972-4261-99B3-226B15F00B33,2026-09-15 17:18:06.013,
11F850A4-DDE4-4A21-A2D3-57A0D26895A8,C36004,20260915,OT1_5,0,2,70FC22FC-0972-4261-99B3-226B15F00B33,2026-09-16 09:56:57.103,
70452624-0877-4EA7-AAEB-8B5746276DAD,C36005,20260914,OT1_5,0,2,70FC22FC-0972-4261-99B3-226B15F00B33,2026-09-15 17:18:06.493,
0242CE14-BA12-4A5F-A06F-F8B8145BAB75,C36006,20260914,OT1_5,0,2,70FC22FC-0972-4261-99B3-226B15F00B33,2026-09-15 17:23:09.840,
FD8ABD24-CA3B-47D2-AE00-37F439E88C7B,C36006,20260915,OT1_5,0,2,70FC22FC-0972-4261-99B3-226B15F00B33,2026-09-16 10:01:47.210,
CE2F0BEA-5603-4FEC-B45F-8005F7395A21,C36007,20260914,OT1_5,0,2,70FC22FC-0972-4261-99B3-226B15F00B33,2026-09-15 17:18:01.870,
7DEB2111-3C4E-437B-BB54-F981C73CE446,C36007,20260915,OT1_5,0,1,70FC22FC-0972-4261-99B3-226B15F00B33,2026-09-16 09:56:52.543,
71C2B032-129D-45B9-8F04-94D88B23769A,C36008,20260914,OT1_5,0,2,70FC22FC-0972-4261-99B3-226B15F00B33,2026-09-15 17:17:57.013,
5DC6C35F-78C5-4164-A750-A899F3743116,C36009,20260914,OT1_5,0,2,70FC22FC-0972-4261-99B3-226B15F00B33,2026-09-15 17:17:56.720,
33F4ADDA-4308-4A20-92F2-C07B68EF6CC2,C36010,20260914,OT1_5,0,2,70FC22FC-0972-4261-99B3-226B15F00B33,2026-09-15 17:18:07.837,
084A9B96-09C9-4F23-98D5-C96B2F1B12E7,C36010,20260915,OT1_5,0,2,70FC22FC-0972-4261-99B3-226B15F00B33,2026-09-16 09:56:56.173,
17351A73-A5F3-419D-AFB0-8B9BDBF9304F,C36012,20260914,OT1_5,0,2,70FC22FC-0972-4261-99B3-226B15F00B33,2026-09-15 17:21:34.917,
5C9F9142-142C-49B4-86EB-E949671DDEA9,C36012,20260915,OT1_5,0,2,70FC22FC-0972-4261-99B3-226B15F00B33,2026-09-16 10:00:11.953,
9418E99C-80DC-4B76-A557-1C9DE15050CF,C36013,20260915,OT1_5,0,2,70FC22FC-0972-4261-99B3-226B15F00B33,2026-09-16 10:01:54.667,
AB59AAAA-5774-479B-A8F5-F328BC1CEA22,C36014,20260914,OT1_5,0,2,70FC22FC-0972-4261-99B3-226B15F00B33,2026-09-15 17:22:21.983,
897BE921-9846-4514-92D4-7CC8856B814C,C36014,20260915,OT1_5,0,2,70FC22FC-0972-4261-99B3-226B15F00B33,2026-09-16 10:01:56.880,
0CB7BE3C-FD40-4ABA-A3BE-23F9B4F0302D,C36016,20260914,OT1_5,0,2,70FC22FC-0972-4261-99B3-226B15F00B33,2026-09-15 17:23:12.143,
F86C5357-3C6D-4D55-A882-796FB7B68552,C36016,20260915,OT1_5,0,2,70FC22FC-0972-4261-99B3-226B15F00B33,2026-09-16 10:01:52.413,
C6DB246B-85E1-4924-BA47-3AAD0287D9C8,C36019,20260915,OT1_5,0,2,70FC22FC-0972-4261-99B3-226B15F00B33,2026-09-16 10:01:45.280,
1663FE0F-8D24-4F53-B712-17ECF32AFC5B,C36020,20260914,OT1_5,0,2,70FC22FC-0972-4261-99B3-226B15F00B33,2026-09-15 17:23:13.577,
0F5A9388-DA2D-421D-BFFA-FEA5DCCBF4F0,C36020,20260915,OT1_5,0,2,70FC22FC-0972-4261-99B3-226B15F00B33,2026-09-16 10:01:53.157,
9993AD6D-724B-4A07-9154-30E3F0C4D996,C36023,20260914,OT1_5,0,2,70FC22FC-0972-4261-99B3-226B15F00B33,2026-09-15 17:23:12.793,
A09C106C-3C46-4839-B6C5-8751AB9C7D5C,C36023,20260915,OT1_5,0,2,70FC22FC-0972-4261-99B3-226B15F00B33,2026-09-16 10:01:52.937,
848B33D5-0614-4CB9-BC1C-ADC2B6D96BC7,C36030,20260915,OT1_5,0,2,70FC22FC-0972-4261-99B3-226B15F00B33,2026-09-16 09:59:35.990,
E2729C80-80AF-421E-B787-769A30A774E4,C36031,20260914,OT1_5,0,2,70FC22FC-0972-4261-99B3-226B15F00B33,2026-09-15 17:21:00.600,
7966A1CB-E467-4F77-8DE9-5F2117B5FFCE,C36032,20260914,OT1_5,0,2,70FC22FC-0972-4261-99B3-226B15F00B33,2026-09-15 17:21:06.050,
703078A8-CC98-42C6-80CB-E9A4A0B5B87F,C36036,20260914,OT1_5,0,2,70FC22FC-0972-4261-99B3-226B15F00B33,2026-09-15 17:21:01.120,
6AD23B44-09A6-4B54-B48B-9052DF9D2362,C36036,20260915,OT1_5,0,2,70FC22FC-0972-4261-99B3-226B15F00B33,2026-09-16 09:59:33.870,
A2DED7ED-C749-463E-B684-5396B7C9F064,C36038,20260914,OT1_5,0,2,70FC22FC-0972-4261-99B3-226B15F00B33,2026-09-15 17:21:35.003,
967C62E7-A664-43A5-9D6A-13F8FF67A61D,C36044,20260914,OT1_5,0,2,70FC22FC-0972-4261-99B3-226B15F00B33,2026-09-15 17:20:59.630,
A1E319B9-A2B1-441F-B80C-060CBFE750B7,C36044,20260915,OT1_5,0,2,70FC22FC-0972-4261-99B3-226B15F00B33,2026-09-16 09:59:38.487,
51FDCF34-4C93-4F9F-A477-98CC24D09A42,C36045,20260914,OT1_5,0,2,70FC22FC-0972-4261-99B3-226B15F00B33,2026-09-15 17:20:44.640,
643D0694-2AC4-414E-B209-A32F17EA3DB0,C36045,20260915,OT1_5,0,2,70FC22FC-0972-4261-99B3-226B15F00B33,2026-09-16 09:59:29.843,
11871F46-F1BB-41DA-B3ED-C9F63BE85CFB,C36047,20260914,OT1_5,0,2,70FC22FC-0972-4261-99B3-226B15F00B33,2026-09-15 17:21:06.323,
63A7E2B2-F874-4D0C-90C8-86F6D7C76080,C36047,20260915,OT1_5,0,2,70FC22FC-0972-4261-99B3-226B15F00B33,2026-09-16 09:59:38.587,
9C3C8E7C-440E-4807-8025-C70CE7C05564,C36050,20260914,OT1_5,0,2,70FC22FC-0972-4261-99B3-226B15F00B33,2026-09-15 17:23:08.257,
DC3BAB34-4585-4B24-B415-75789203CDA4,C36050,20260915,OT1_5,0,2,70FC22FC-0972-4261-99B3-226B15F00B33,2026-09-16 10:01:49.673,
F2364C5F-1FB8-4C0A-A4BB-8A879514224B,C36052,20260914,OT1_5,0,2,70FC22FC-0972-4261-99B3-226B15F00B33,2026-09-15 17:23:02.023,
030E6459-FD9D-47FB-B893-8E5C78510C93,C36055,20260914,OT1_5,0,2,70FC22FC-0972-4261-99B3-226B15F00B33,2026-09-15 17:23:05.860,
8B906EC7-A2B4-40FA-8591-DD7C3FB1CDC0,C36055,20260915,OT1_5,0,2,70FC22FC-0972-4261-99B3-226B15F00B33,2026-09-16 10:01:49.643,
A041EB9B-0D51-48BC-8A21-0318AFB05557,C36057,20260914,OT1_5,0,2,70FC22FC-0972-4261-99B3-226B15F00B33,2026-09-15 17:23:02.040,
8FCD3968-9C58-4C33-893E-08786FBBDB42,C36057,20260915,OT1_5,0,2,70FC22FC-0972-4261-99B3-226B15F00B33,2026-09-16 10:01:45.310,
23E23B09-4C45-4AA6-B1E2-2AE102E26FB3,C36064,20260914,OT1_5,0,2,70FC22FC-0972-4261-99B3-226B15F00B33,2026-09-15 17:23:02.617,
8C268C84-4D0F-426E-A7D3-4353B5A76DBA,C36066,20260914,OT1_5,0,2,70FC22FC-0972-4261-99B3-226B15F00B33,2026-09-15 17:23:07.297,
D54AF01A-9744-4F5A-9F45-3F55F6D1C3D0,C36066,20260915,OT1_5,0,2,70FC22FC-0972-4261-99B3-226B15F00B33,2026-09-16 10:01:44.830,
8E3B51A9-D5FF-464B-8291-F71AA9CEA70F,C36067,20260914,OT1_5,0,2,70FC22FC-0972-4261-99B3-226B15F00B33,2026-09-15 17:23:07.260,
96932C9C-2281-4A3D-BB33-A1A1266732FF,C36067,20260915,OT1_5,0,2,70FC22FC-0972-4261-99B3-226B15F00B33,2026-09-16 10:01:49.313,
410F9058-6F05-4D0C-840A-0AE6E9EB9CDF,C36070,20260914,OT1_5,0,2,70FC22FC-0972-4261-99B3-226B15F00B33,2026-09-15 17:17:59.937,
C6997CD3-E087-425F-863F-D95AC0E2EC4A,C36070,20260915,OT1_5,0,2,70FC22FC-0972-4261-99B3-226B15F00B33,2026-09-16 09:56:55.507,
5C0194F9-33AA-4BD8-BF5D-4879D5646171,C36071,20260914,OT1_5,0,2,70FC22FC-0972-4261-99B3-226B15F00B33,2026-09-15 17:18:05.713,
9212A569-2F41-40A3-967C-FB688A181524,C36071,20260915,OT1_5,0,2,70FC22FC-0972-4261-99B3-226B15F00B33,2026-09-16 09:56:56.763,
697D1610-211C-4D39-8EFE-F1A652498591,C36073,20260915,OT1_5,0,2,70FC22FC-0972-4261-99B3-226B15F00B33,2026-09-16 09:56:57.213,
1E7FF30D-F6C6-4DC5-9940-0861940907BB,C36074,20260914,OT1_5,0,2,70FC22FC-0972-4261-99B3-226B15F00B33,2026-09-15 17:18:00.000,
7F586170-DEC7-495A-8398-CFBE61BC686B,C36074,20260915,OT1_5,0,2,70FC22FC-0972-4261-99B3-226B15F00B33,2026-09-16 09:56:57.310,
821149E8-9352-4142-9C9C-C11C62AD8895,C36075,20260914,OT1_5,0,2,70FC22FC-0972-4261-99B3-226B15F00B33,2026-09-15 17:18:07.390,
29FDC2A6-7886-478F-AE0D-72AC27508003,C36075,20260915,OT1_5,0,2,70FC22FC-0972-4261-99B3-226B15F00B33,2026-09-16 09:56:57.530,
DA7CD7F8-6728-4B05-AB6C-B6246C2547D0,C36076,20260914,OT1_5,0,2,70FC22FC-0972-4261-99B3-226B15F00B33,2026-09-15 17:18:00.027,
C8433F3C-51D1-4EC3-9233-265E0BD8B0B0,C36076,20260915,OT1_5,0,2,70FC22FC-0972-4261-99B3-226B15F00B33,2026-09-16 09:56:57.283,
7C406692-CE14-4031-8C93-EACD2A05990B,C36080,20260914,OT1_5,0,2,70FC22FC-0972-4261-99B3-226B15F00B33,2026-09-15 17:17:59.983,
4FFE1719-0281-42ED-99A4-B57B5280D810,C36080,20260915,OT1_5,0,2,70FC22FC-0972-4261-99B3-226B15F00B33,2026-09-16 09:56:57.300,
1EAE3782-B3B4-40DF-916A-6AC49DECA1BC,C36082,20260914,OT1_5,0,2,70FC22FC-0972-4261-99B3-226B15F00B33,2026-09-15 17:17:59.597,
C1CBC2E7-D047-4C9B-BAF6-498164C7572E,C36082,20260915,OT1_5,0,2,70FC22FC-0972-4261-99B3-226B15F00B33,2026-09-16 09:56:56.240,
8BB611DD-8DFD-43E4-AA82-9D45B7F18178,C36083,20260914,OT1_5,0,2,70FC22FC-0972-4261-99B3-226B15F00B33,2026-09-15 17:17:59.070,
D4D621DB-8796-4E19-BBDE-9C8621102E58,C36083,20260915,OT1_5,0,2,70FC22FC-0972-4261-99B3-226B15F00B33,2026-09-16 09:56:54.137,
B0E48280-1AF6-4A37-BA6C-92B1F4D8A562,C36084,20260914,OT1_5,0,2,70FC22FC-0972-4261-99B3-226B15F00B33,2026-09-15 17:18:03.023,
026220F0-7C0F-4AB0-8D2B-053F862F40B2,C36085,20260914,OT1_5,0,2,70FC22FC-0972-4261-99B3-226B15F00B33,2026-09-15 17:18:05.450,
5035187B-66E9-4031-8112-ACBD2C31CDB0,C36089,20260915,OT1_5,0,2,70FC22FC-0972-4261-99B3-226B15F00B33,2026-09-16 09:56:54.260,
9BE4B753-6CB5-441E-8EA7-83126C0036D5,C36090,20260914,OT1_5,0,2,70FC22FC-0972-4261-99B3-226B15F00B33,2026-09-15 17:18:00.120,
F0767637-1ECE-425D-832E-E791A8758972,C36090,20260915,OT1_5,0,2,70FC22FC-0972-4261-99B3-226B15F00B33,2026-09-16 09:56:54.070,
A0E78E70-A5AC-423C-8DF5-E818ECDF53EC,C36091,20260914,OT1_5,0,2,70FC22FC-0972-4261-99B3-226B15F00B33,2026-09-15 17:18:08.530,
F5AC484C-CBA2-4102-8ECB-BD1626CB97CC,C36091,20260915,OT1_5,0,2,70FC22FC-0972-4261-99B3-226B15F00B33,2026-09-16 09:56:57.000,
0A2F3AF9-6705-409E-98E1-14EC414CE391,C36092,20260914,OT1_5,0,2,70FC22FC-0972-4261-99B3-226B15F00B33,2026-09-15 17:18:08.307,
AB6F78DD-72B6-4E43-8A0D-45D008473FE5,C36092,20260915,OT1_5,0,2,70FC22FC-0972-4261-99B3-226B15F00B33,2026-09-16 09:56:57.010,
2C782CCD-C2FF-4BBA-9C16-F59995EEE1C3,C36094,20260914,OT1_5,0,2,70FC22FC-0972-4261-99B3-226B15F00B33,2026-09-15 17:17:57.170,
6F9907E8-7986-4997-B5FB-4FC21BB767D2,C36095,20260914,OT1_5,0,2,70FC22FC-0972-4261-99B3-226B15F00B33,2026-09-15 17:18:03.757,
CA6BFE7D-89DB-4851-9847-467CCD118938,C36095,20260915,OT1_5,0,2,70FC22FC-0972-4261-99B3-226B15F00B33,2026-09-16 09:56:55.653,
10610D52-4F3E-4F11-9DE2-5F9CEC3D80E6,C36097,20260914,OT1_5,0,2,70FC22FC-0972-4261-99B3-226B15F00B33,2026-09-15 17:18:08.780,
83156F50-01A7-4957-BED1-6E0FC35A7CA0,C36097,20260915,OT1_5,0,2,70FC22FC-0972-4261-99B3-226B15F00B33,2026-09-16 09:56:57.550,
CBFF12BD-C66B-41D3-B933-081676AF0E35,C36098,20260914,OT1_5,0,2,70FC22FC-0972-4261-99B3-226B15F00B33,2026-09-15 17:18:04.660,
0C279981-67C4-461B-B803-A3FCA6177347,C36098,20260915,OT1_5,0,2,70FC22FC-0972-4261-99B3-226B15F00B33,2026-09-16 09:56:55.317,
F826309F-5A01-4E31-B322-71551C0073D2,C36099,20260914,OT1_5,0,2,70FC22FC-0972-4261-99B3-226B15F00B33,2026-09-15 17:17:58.427,
E0E2BF2F-579D-4A3F-87D9-13DBA2A0EE75,C36099,20260915,OT1_5,0,2,70FC22FC-0972-4261-99B3-226B15F00B33,2026-09-16 09:56:53.167,
B31FB6A0-69E5-4549-9271-8C3CF3626828,C36100,20260914,OT1_5,0,2,70FC22FC-0972-4261-99B3-226B15F00B33,2026-09-15 17:17:55.630,
0B4D46AB-ED95-42BD-A628-E2901CBAE37E,C36100,20260915,OT1_5,0,2,70FC22FC-0972-4261-99B3-226B15F00B33,2026-09-16 09:56:54.313,
F30B293A-37D0-4425-AA87-994FC8B0C184,C36106,20260914,OT1_5,0,2,70FC22FC-0972-4261-99B3-226B15F00B33,2026-09-15 17:23:06.243,
1C849CC7-F7F2-41B7-A501-0D57CF56B29E,C36106,20260915,OT1_5,0,2,70FC22FC-0972-4261-99B3-226B15F00B33,2026-09-16 10:01:43.643,
A77E5171-38F7-4A12-B2FA-67CEA7EE06F3,C36107,20260914,OT1_5,0,2,70FC22FC-0972-4261-99B3-226B15F00B33,2026-09-15 17:20:46.003,
4E5222EF-88FD-423F-8FAB-1820B88CB82B,C36107,20260915,OT1_5,0,2,70FC22FC-0972-4261-99B3-226B15F00B33,2026-09-16 09:59:32.633,
6835F16D-091A-43BE-A0E2-9658821236D4,C36108,20260914,OT1_5,0,2,70FC22FC-0972-4261-99B3-226B15F00B33,2026-09-15 17:18:58.433,
5B894F75-E585-45E7-8AC6-D3C35D6AEE5F,C36108,20260915,OT1_5,0,2,70FC22FC-0972-4261-99B3-226B15F00B33,2026-09-16 09:57:40.320,
F037E06C-15A9-47F0-BD7F-523F68124806,C36111,20260914,OT1_5,0,2,70FC22FC-0972-4261-99B3-226B15F00B33,2026-09-15 17:20:52.103,
16D0C07C-6E3A-4289-8290-1F1AC70819E5,C36111,20260915,OT1_5,0,2,70FC22FC-0972-4261-99B3-226B15F00B33,2026-09-16 09:59:33.390,
120D20D8-5963-4182-8FC8-88B24F4DBDC5,C36112,20260914,OT1_5,0,2,70FC22FC-0972-4261-99B3-226B15F00B33,2026-09-15 17:20:59.430,
C8E1BE2C-327C-4284-BEB8-720561132C43,C36112,20260915,OT1_5,0,2,70FC22FC-0972-4261-99B3-226B15F00B33,2026-09-16 09:59:35.763,
E2168B69-DA8D-422C-A6C5-C5EE7BE50F45,C36114,20260914,OT1_5,0,2,70FC22FC-0972-4261-99B3-226B15F00B33,2026-09-15 17:20:57.910,
977DE205-77A2-456F-B59A-D475E2982007,C36115,20260914,OT1_5,0,2,70FC22FC-0972-4261-99B3-226B15F00B33,2026-09-15 17:21:01.657,
A21F721A-AB91-48F4-B0B4-938867B6A02F,C36116,20260914,OT1_5,0,2,70FC22FC-0972-4261-99B3-226B15F00B33,2026-09-15 17:20:49.287,
4F24BA28-4B1A-4852-8EEA-20905D85A22D,C36116,20260915,OT1_5,0,2,70FC22FC-0972-4261-99B3-226B15F00B33,2026-09-16 09:59:33.703,
B611484D-1F46-47E9-86CE-BEEA717D163A,C36120,20260914,OT1_5,0,2,70FC22FC-0972-4261-99B3-226B15F00B33,2026-09-15 17:23:14.990,
E8F34E48-71E4-478B-B24E-85F3F37BBF44,C36120,20260915,OT1_5,0,2,70FC22FC-0972-4261-99B3-226B15F00B33,2026-09-16 10:01:54.203,
9966142A-1522-40B8-8E23-7D283F5068C3,C36121,20260914,OT1_5,0,2,70FC22FC-0972-4261-99B3-226B15F00B33,2026-09-15 17:23:16.447,
EA49E87F-9923-4925-BE8E-1A0788D93A7D,C36121,20260915,OT1_5,0,2,70FC22FC-0972-4261-99B3-226B15F00B33,2026-09-16 10:01:54.423,
55546EFB-BCC2-4ECD-921A-7A18BDFA1C13,C36122,20260914,OT1_5,0,2,70FC22FC-0972-4261-99B3-226B15F00B33,2026-09-15 17:23:16.130,
39B2BE50-EA8F-4AAB-B937-4984F8E6EDA2,C36122,20260915,OT1_5,0,2,70FC22FC-0972-4261-99B3-226B15F00B33,2026-09-16 10:01:55.897,
7725CA33-C423-48ED-8317-CD0E45C08711,C36126,20260914,OT1_5,0,2,70FC22FC-0972-4261-99B3-226B15F00B33,2026-09-15 17:23:05.650,
00D6C55A-205F-42AA-AD57-B1A5E378C7D4,C36126,20260915,OT1_5,0,2,70FC22FC-0972-4261-99B3-226B15F00B33,2026-09-16 10:01:55.580,
6F87BF74-F7C5-440A-9547-DD23AA9C4C09,C36128,20260914,OT1_5,0,2,70FC22FC-0972-4261-99B3-226B15F00B33,2026-09-15 17:23:17.990,
24A341E2-8980-4CAB-A9BF-730666CF4A0A,C36128,20260915,OT1_5,0,2,70FC22FC-0972-4261-99B3-226B15F00B33,2026-09-16 10:01:56.607,
8CC2AA12-F4C4-4CF6-8605-F81725B25572,C36129,20260914,OT1_5,0,2,70FC22FC-0972-4261-99B3-226B15F00B33,2026-09-15 17:21:35.463,
50C47F62-AF31-47D8-AEF3-3F70076FFAEC,C36130,20260914,OT1_5,0,2,70FC22FC-0972-4261-99B3-226B15F00B33,2026-09-15 17:23:14.637,
B89CB4CC-98A1-4A1D-87E9-D32A3715D946,C36130,20260915,OT1_5,0,2,70FC22FC-0972-4261-99B3-226B15F00B33,2026-09-16 10:01:55.250,
87417FE6-4768-442D-B1EA-EFE12C89EF0B,C36131,20260914,OT1_5,0,2,70FC22FC-0972-4261-99B3-226B15F00B33,2026-09-15 17:23:12.207,
EC0EB84B-FB6F-4049-A4EF-7C5BFF2223BE,C36131,20260915,OT1_5,0,2,70FC22FC-0972-4261-99B3-226B15F00B33,2026-09-16 10:01:54.160,
8AF52B1C-1532-4B03-9CDE-39F8061EEA82,C36132,20260914,OT1_5,0,2,70FC22FC-0972-4261-99B3-226B15F00B33,2026-09-15 17:23:04.030,
8FE7289C-FA08-4361-83D9-00CD799339C0,C36132,20260915,OT1_5,0,2,70FC22FC-0972-4261-99B3-226B15F00B33,2026-09-16 10:01:43.043,
0C7BFE13-5A54-4A45-935B-3FA08DBF233D,C36133,20260914,OT1_5,0,2,70FC22FC-0972-4261-99B3-226B15F00B33,2026-09-15 17:23:17.087,
560F0712-B85A-4C93-81F7-4BDF495B1678,C36133,20260915,OT1_5,0,2,70FC22FC-0972-4261-99B3-226B15F00B33,2026-09-16 10:01:55.720,
6E6D4C46-4086-4118-8428-3F450476E9A7,C36135,20260914,OT1_5,0,2,70FC22FC-0972-4261-99B3-226B15F00B33,2026-09-15 17:18:02.597,
330F931E-6C79-4CE6-9CFC-569FD2E77831,C36135,20260915,OT1_5,0,2,70FC22FC-0972-4261-99B3-226B15F00B33,2026-09-16 09:56:55.630,
B8B5EAA9-E725-4A36-A258-ED5386A8D0AD,C36136,20260914,OT1_5,0,2,70FC22FC-0972-4261-99B3-226B15F00B33,2026-09-15 17:20:53.650,
11FE3F7D-210C-4C19-82C1-3F35DDD7375A,C36137,20260914,OT1_5,0,2,70FC22FC-0972-4261-99B3-226B15F00B33,2026-09-15 17:18:00.790,
8B7D8FBC-9059-4410-9760-ABBC279B42D1,C36137,20260915,OT1_5,0,2,70FC22FC-0972-4261-99B3-226B15F00B33,2026-09-16 09:56:53.927,
F8E194BA-B86E-45B6-9B40-88A993C1DC6C,C36138,20260914,OT1_5,0,2,70FC22FC-0972-4261-99B3-226B15F00B33,2026-09-15 17:18:07.763,
4787EA71-4CCE-41F8-B6CA-90CDC29400F3,C36142,20260914,OT1_5,0,2,70FC22FC-0972-4261-99B3-226B15F00B33,2026-09-15 17:23:09.120,
90E3C7B7-2598-4F4F-B036-B07F6AA1A3ED,C36142,20260915,OT1_5,0,2,70FC22FC-0972-4261-99B3-226B15F00B33,2026-09-16 10:01:44.603,
3096D8D9-74E2-4D24-A522-C522974C911E,C36143,20260914,OT1_5,0,2,70FC22FC-0972-4261-99B3-226B15F00B33,2026-09-15 17:17:58.350,
67DA8F51-4CDD-4E10-BEE3-566E87651112,C36143,20260915,OT1_5,0,2,70FC22FC-0972-4261-99B3-226B15F00B33,2026-09-16 09:56:53.850,
E022E075-0B43-4E8B-AD44-5F9617C8B042,C36144,20260914,OT1_5,0,2,70FC22FC-0972-4261-99B3-226B15F00B33,2026-09-15 17:17:58.757,
0659FEFC-3182-4571-8652-B554DFE11DC0,C36144,20260915,OT1_5,0,2,70FC22FC-0972-4261-99B3-226B15F00B33,2026-09-16 09:56:53.820,
4F9B662A-FDB5-448A-9D8B-935AB36FA023,C36148,20260914,OT1_5,0,2,70FC22FC-0972-4261-99B3-226B15F00B33,2026-09-15 17:20:58.293,
811B0341-0A4A-4D79-B715-0C4CCCA008A0,C36148,20260915,OT1_5,0,2,70FC22FC-0972-4261-99B3-226B15F00B33,2026-09-16 09:59:37.093,
33D38381-2E85-4159-AEFB-2AAE0DADE5EC,C36149,20260914,OT1_5,0,2,70FC22FC-0972-4261-99B3-226B15F00B33,2026-09-15 17:21:04.343,
D3473CDF-B228-4FB9-8FB9-4DF3BDC6E92A,C36149,20260915,OT1_5,0,2,70FC22FC-0972-4261-99B3-226B15F00B33,2026-09-16 09:59:40.813,
36539A2D-082D-4838-8940-109563027F5F,C36150,20260914,OT1_5,0,2,70FC22FC-0972-4261-99B3-226B15F00B33,2026-09-15 17:21:06.423,
2ADC1263-4C40-43E0-B0C4-A9EB8C088B17,C36150,20260915,OT1_5,0,2,70FC22FC-0972-4261-99B3-226B15F00B33,2026-09-16 09:59:40.800,
AAD82D37-8756-4D49-BA55-055FEA708857,C36151,20260914,OT1_5,0,2,70FC22FC-0972-4261-99B3-226B15F00B33,2026-09-15 17:20:48.603,
B53222D6-2281-4CD2-A9FB-07F8F230E2F7,C36151,20260915,OT1_5,0,2,70FC22FC-0972-4261-99B3-226B15F00B33,2026-09-16 09:59:32.713,
6C1CF92C-718D-4F19-AB91-A6B171741EBE,C36152,20260914,OT1_5,0,2,70FC22FC-0972-4261-99B3-226B15F00B33,2026-09-15 17:20:54.627,
AE59FF22-E70C-4B06-B244-3368C746C1D5,C36152,20260915,OT1_5,0,2,70FC22FC-0972-4261-99B3-226B15F00B33,2026-09-16 09:59:40.340,
76A88E93-40DE-4D7D-9114-BBA5F69EFED3,C36155,20260914,OT1_5,0,2,70FC22FC-0972-4261-99B3-226B15F00B33,2026-09-15 17:17:55.097,
7C600D36-C4FD-4D72-8F5D-0DFA5BC332C6,C36157,20260914,OT1_5,0,2,70FC22FC-0972-4261-99B3-226B15F00B33,2026-09-15 17:20:41.770,
30BB53C3-F323-4C49-9F44-3DE3C0C68264,C36157,20260915,OT1_5,0,2,70FC22FC-0972-4261-99B3-226B15F00B33,2026-09-16 09:59:29.817,
C74A37F1-FE3B-42F2-B696-F704B7CEED11,C36159,20260914,OT1_5,0,2,70FC22FC-0972-4261-99B3-226B15F00B33,2026-09-15 17:20:41.567,
8C6248A4-EB19-4F59-BF10-F50CEAE082C3,C36159,20260915,OT1_5,0,2,70FC22FC-0972-4261-99B3-226B15F00B33,2026-09-16 09:59:29.807,
B5484163-E397-42F0-8CC0-92E4104FFE80,C36160,20260914,OT1_5,0,2,70FC22FC-0972-4261-99B3-226B15F00B33,2026-09-15 17:20:53.577,
B71AE4DF-DCD4-4332-9314-F932F8A6A886,C36161,20260914,OT1_5,0,2,70FC22FC-0972-4261-99B3-226B15F00B33,2026-09-15 17:20:45.823,
0B6EE47F-950E-4B2A-AFF0-B253DFA6368B,C36162,20260914,OT1_5,0,2,70FC22FC-0972-4261-99B3-226B15F00B33,2026-09-15 17:21:00.733,
745882A3-CE4A-4484-8DB8-CEB23D70FA6B,C36162,20260915,OT1_5,0,2,70FC22FC-0972-4261-99B3-226B15F00B33,2026-09-16 09:59:38.233,
96AC1B19-2D3D-47DC-A219-258148D8161E,C36163,20260914,OT1_5,0,2,70FC22FC-0972-4261-99B3-226B15F00B33,2026-09-15 17:20:54.560,
924D7025-C3A5-43B1-BD57-5243B3F5D0EC,C36164,20260914,OT1_5,0,2,70FC22FC-0972-4261-99B3-226B15F00B33,2026-09-15 17:20:40.317,
ADEE3E7A-174E-4101-B658-61EAE357A16D,C36166,20260914,OT1_5,0,2,70FC22FC-0972-4261-99B3-226B15F00B33,2026-09-15 17:23:08.613,
41BA393F-806D-4919-AA39-311223EA02C1,C36167,20260914,OT1_5,0,2,70FC22FC-0972-4261-99B3-226B15F00B33,2026-09-15 17:23:05.810,
8F93C1F4-7077-4FF4-9FF2-114CBA36E413,C36167,20260915,OT1_5,0,2,70FC22FC-0972-4261-99B3-226B15F00B33,2026-09-16 10:01:52.067,
3BFAD016-B82B-408F-839C-423A4236D5E6,C36168,20260914,OT1_5,0,2,70FC22FC-0972-4261-99B3-226B15F00B33,2026-09-15 17:23:02.343,
76F5B5FE-8F9A-4F78-8F13-90BB87581912,C36168,20260915,OT1_5,0,2,70FC22FC-0972-4261-99B3-226B15F00B33,2026-09-16 10:01:42.790,
C8AF9712-3D97-42DB-BFF1-1616BC04E649,C36169,20260914,OT1_5,0,2,70FC22FC-0972-4261-99B3-226B15F00B33,2026-09-15 17:23:13.917,
2F78680D-1069-4B60-AE92-1657BEB13084,C36170,20260915,OT1_5,0,2,70FC22FC-0972-4261-99B3-226B15F00B33,2026-09-16 10:01:53.837,
786FC6D3-6F3E-4D2D-A72A-6DAA36B54C97,C36171,20260915,OT1_5,0,2,70FC22FC-0972-4261-99B3-226B15F00B33,2026-09-16 10:01:53.893,
8C218017-90C1-4FBA-AAA3-05194DDFC714,C36172,20260914,OT1_5,0,2,70FC22FC-0972-4261-99B3-226B15F00B33,2026-09-15 17:23:06.710,
90B696AD-9BE2-41EF-A685-6F61D17F0315,C36172,20260915,OT1_5,0,2,70FC22FC-0972-4261-99B3-226B15F00B33,2026-09-16 10:01:45.400,
F958719D-0944-4B9A-B306-A3E89A1D4806,C36173,20260914,OT1_5,0,2,70FC22FC-0972-4261-99B3-226B15F00B33,2026-09-15 17:23:16.200,
A97ED2F7-2BE9-47B1-B124-109E3EFF6917,C36173,20260915,OT1_5,0,2,70FC22FC-0972-4261-99B3-226B15F00B33,2026-09-16 10:01:54.807,
74893741-1508-44B7-A517-D44DBECF3DCA,C36174,20260914,OT1_5,0,2,70FC22FC-0972-4261-99B3-226B15F00B33,2026-09-15 17:22:21.897,
FAEEABEF-8460-4F2F-AC0D-8FD5E0835F22,C36174,20260915,OT1_5,0,2,70FC22FC-0972-4261-99B3-226B15F00B33,2026-09-16 10:01:12.940,
826FFC37-DBA0-43F2-AA04-ADD1F1CA5B71,C36175,20260914,OT1_5,0,2,70FC22FC-0972-4261-99B3-226B15F00B33,2026-09-15 17:23:08.670,
D29CB65D-E688-4A9C-BE88-6451303A12B4,C36175,20260915,OT1_5,0,2,70FC22FC-0972-4261-99B3-226B15F00B33,2026-09-16 10:01:49.080,
FA0C5D0C-8543-4A3D-A111-B0F3097A043E,C36176,20260914,OT1_5,0,2,70FC22FC-0972-4261-99B3-226B15F00B33,2026-09-15 17:17:53.947,
8F2BB6AB-045B-43CB-8B9E-1F99126F82FC,C36176,20260915,OT1_5,0,2,70FC22FC-0972-4261-99B3-226B15F00B33,2026-09-16 09:56:54.503,
A9DC4F82-C787-4AE6-83D4-0D7EDC9D04B1,C36178,20260914,OT1_5,0,2,70FC22FC-0972-4261-99B3-226B15F00B33,2026-09-15 17:21:35.773,
A7FB1DE1-B465-4803-A34D-42F41A0AC9CF,C36181,20260914,OT1_5,0,2,70FC22FC-0972-4261-99B3-226B15F00B33,2026-09-15 17:23:17.680,
CF820921-84B3-4308-A7D8-6A25C9BDF38D,C36181,20260915,OT1_5,0,2,70FC22FC-0972-4261-99B3-226B15F00B33,2026-09-16 10:01:55.210,
31BF8AC9-A833-4364-98CA-DEF60E877CE5,C36182,20260914,OT1_5,0,2,70FC22FC-0972-4261-99B3-226B15F00B33,2026-09-15 17:23:17.417,
8773C646-7B2D-4F43-B529-40EA57858F4B,C36184,20260914,OT1_5,0,2,70FC22FC-0972-4261-99B3-226B15F00B33,2026-09-15 17:23:12.817,
E7B95F24-A623-4E81-9CA4-E90FE87A057D,C36185,20260914,OT1_5,0,2,70FC22FC-0972-4261-99B3-226B15F00B33,2026-09-15 17:23:11.073,
D47660D7-0998-4DB4-9794-A4311A47145E,C36185,20260915,OT1_5,0,2,70FC22FC-0972-4261-99B3-226B15F00B33,2026-09-16 10:01:51.420,
8C3ABA54-5409-426D-B1ED-43DE2BCAB2C2,C36186,20260914,OT1_5,0,1.5,70FC22FC-0972-4261-99B3-226B15F00B33,2026-09-15 17:18:58.600,
671E670D-823E-414B-A635-910F2C8C4BBB,C36194,20260914,OT1_5,0,6,70FC22FC-0972-4261-99B3-226B15F00B33,2026-09-15 17:20:39.383,
6E3946F9-886A-42A0-B215-8D830408E8FE,C36194,20260915,OT1_5,0,2,70FC22FC-0972-4261-99B3-226B15F00B33,2026-09-16 09:59:38.347,
6C5FACB7-83D8-488F-A4F4-F5898A01D7F7,C36199,20260914,OT1_5,0,2,70FC22FC-0972-4261-99B3-226B15F00B33,2026-09-15 17:20:53.560,
7A5FF946-FCFA-41CE-AA9D-5E726EAA9067,C36199,20260915,OT1_5,0,2,70FC22FC-0972-4261-99B3-226B15F00B33,2026-09-16 09:59:37.470,
9EAC1960-A0E4-4D26-9A32-182F42E58CB9,C36202,20260914,OT1_5,0,4,70FC22FC-0972-4261-99B3-226B15F00B33,2026-09-15 17:18:57.123,
89DF691D-BDBB-4E94-A56A-BF4291D50FC2,C36202,20260915,OT1_5,0,4,70FC22FC-0972-4261-99B3-226B15F00B33,2026-09-16 09:57:39.310,
65194D0D-7F17-4F6E-A919-8CD35AAF4043,C36203,20260914,OT1_5,0,2,70FC22FC-0972-4261-99B3-226B15F00B33,2026-09-15 17:21:02.790,
29192FF9-CC50-4574-A8C4-F8608FDA887C,C36203,20260915,OT1_5,0,2,70FC22FC-0972-4261-99B3-226B15F00B33,2026-09-16 09:59:40.823,
0CADB3AA-C387-480A-A2C0-5E79BEA723E6,C36204,20260915,OT1_5,0,2,70FC22FC-0972-4261-99B3-226B15F00B33,2026-09-16 10:01:44.183,
BCFE1DDA-5B25-486C-8B3B-C41A80E523D4,C36205,20260914,OT1_5,0,2,70FC22FC-0972-4261-99B3-226B15F00B33,2026-09-15 17:23:08.267,
C1E36D09-29DB-4D72-AE92-D921DC035122,C36205,20260915,OT1_5,0,2,70FC22FC-0972-4261-99B3-226B15F00B33,2026-09-16 10:01:47.713,
0C330A03-C5CA-4027-91A7-527506D42D61,C36208,20260914,OT1_5,0,2,70FC22FC-0972-4261-99B3-226B15F00B33,2026-09-15 17:18:00.393,
28602F31-F700-4534-AA3E-8E30A612D099,C36209,20260914,OT1_5,0,2,70FC22FC-0972-4261-99B3-226B15F00B33,2026-09-15 17:17:54.360,
F2FEC3EA-2132-4BA0-8342-0992F00B3A9C,C36209,20260915,OT1_5,0,2,70FC22FC-0972-4261-99B3-226B15F00B33,2026-09-16 09:56:53.157,
C1D5639B-2B19-49F0-A4CB-39EC5291B57A,C36210,20260914,OT1_5,0,2,70FC22FC-0972-4261-99B3-226B15F00B33,2026-09-15 17:17:54.310,
CC168BCD-1206-43D3-BFF2-6871BF66C028,C36211,20260914,OT1_5,0,2,70FC22FC-0972-4261-99B3-226B15F00B33,2026-09-15 17:18:00.420,
D47FC74D-FAC1-4489-AE25-77BDAFE3EA8E,C36212,20260914,OT1_5,0,2,70FC22FC-0972-4261-99B3-226B15F00B33,2026-09-15 17:18:00.350,
37B1ABFF-9894-437E-9CDD-BFD005FF6E36,C36213,20260914,OT1_5,0,2,70FC22FC-0972-4261-99B3-226B15F00B33,2026-09-15 17:17:54.610,
F70C0FD8-1DFD-44D0-ADCC-9550351E7452,C36215,20260914,OT1_5,0,2,70FC22FC-0972-4261-99B3-226B15F00B33,2026-09-15 17:18:01.407,
A80D3DAF-CF5A-4F8C-8B1D-F3F10B742E7F,C36215,20260915,OT1_5,0,2,70FC22FC-0972-4261-99B3-226B15F00B33,2026-09-16 09:56:54.093,
F0DFAEF4-4FB1-4153-B1A5-5BE4B87FA611,C36216,20260914,OT1_5,0,2,70FC22FC-0972-4261-99B3-226B15F00B33,2026-09-15 17:17:59.300,
4C07FAAE-4520-43A3-AB08-E3664BA34FE5,C36217,20260914,OT1_5,0,2,70FC22FC-0972-4261-99B3-226B15F00B33,2026-09-15 17:23:11.060,
2722F0CD-E9D2-44A6-9AFB-F89F3D4C3077,C36217,20260915,OT1_5,0,2,70FC22FC-0972-4261-99B3-226B15F00B33,2026-09-16 10:01:49.750,
B3F68620-1363-48E7-9513-C4B77FF671DA,C36218,20260914,OT1_5,0,2,70FC22FC-0972-4261-99B3-226B15F00B33,2026-09-15 17:18:01.903,
67B85E1C-7EFA-4AA4-AD9F-B1B5E28D7362,C36219,20260914,OT1_5,0,2,70FC22FC-0972-4261-99B3-226B15F00B33,2026-09-15 17:17:59.793,
F6FFD770-1B06-4B13-9041-4E68E2CB9791,C36220,20260914,OT1_5,0,2,70FC22FC-0972-4261-99B3-226B15F00B33,2026-09-15 17:18:02.120,
267E1AB4-493B-4838-89AC-43E6AC0E296C,C36221,20260914,OT1_5,0,2,70FC22FC-0972-4261-99B3-226B15F00B33,2026-09-15 17:17:55.270,
C2BADDAF-A98F-4391-95B4-B6ECA4A093A3,C36222,20260914,OT1_5,0,2,70FC22FC-0972-4261-99B3-226B15F00B33,2026-09-15 17:18:00.770,
90E1B299-BF61-41F9-8C51-4D5D311B9E60,C36222,20260915,OT1_5,0,2,70FC22FC-0972-4261-99B3-226B15F00B33,2026-09-16 09:56:54.693,
B6A1CE18-E581-4B16-979E-4D3197274F63,C36223,20260914,OT1_5,0,2,70FC22FC-0972-4261-99B3-226B15F00B33,2026-09-15 17:18:02.553,
0B082F95-772E-4061-A7DE-D8EED87CCD24,C36223,20260915,OT1_5,0,2,70FC22FC-0972-4261-99B3-226B15F00B33,2026-09-16 09:56:55.277,
A178A758-648F-46D7-8C25-50C112BFB133,C36224,20260914,OT1_5,0,2,70FC22FC-0972-4261-99B3-226B15F00B33,2026-09-15 17:18:01.623,
A16FD09F-972C-4ED1-99FF-CA938B98E1EE,C36224,20260915,OT1_5,0,2,70FC22FC-0972-4261-99B3-226B15F00B33,2026-09-16 09:56:54.393,
91809385-B320-4A08-987E-32377F84DD1E,C36225,20260914,OT1_5,0,2,70FC22FC-0972-4261-99B3-226B15F00B33,2026-09-15 17:18:01.147,
DD2D089E-21FF-473A-A93F-DE67DDED9E44,C36225,20260915,OT1_5,0,2,70FC22FC-0972-4261-99B3-226B15F00B33,2026-09-16 09:56:54.630,
A7D1D6E0-436E-4134-A463-8ABD20331265,C36227,20260914,OT1_5,0,2,70FC22FC-0972-4261-99B3-226B15F00B33,2026-09-15 17:18:00.753,
F5310C1E-782B-40AB-A017-FA84EA45D539,C36227,20260915,OT1_5,0,2,70FC22FC-0972-4261-99B3-226B15F00B33,2026-09-16 09:56:54.520,
74BC7E5D-0154-48AF-8F40-6FBBD969E840,C36229,20260914,OT1_5,0,2,70FC22FC-0972-4261-99B3-226B15F00B33,2026-09-15 17:18:02.973,
0F227FFC-C449-4411-A8A6-3A944394323A,C36229,20260915,OT1_5,0,2,70FC22FC-0972-4261-99B3-226B15F00B33,2026-09-16 09:56:55.210,
18B1E7B1-9CE4-4F32-88EC-701E83FCFEBC,C36230,20260914,OT1_5,0,2,70FC22FC-0972-4261-99B3-226B15F00B33,2026-09-15 17:18:01.567,
FFB36013-6971-4521-B04C-2097EA730059,C36231,20260914,OT1_5,0,2,70FC22FC-0972-4261-99B3-226B15F00B33,2026-09-15 17:18:02.323,
C3A9DC85-3F14-452D-A620-5B8CB0698A8D,C36231,20260915,OT1_5,0,2,70FC22FC-0972-4261-99B3-226B15F00B33,2026-09-16 09:56:55.263,
36A74D6A-F5BD-4028-95A1-4DACE3D13654,C36232,20260914,OT1_5,0,2,70FC22FC-0972-4261-99B3-226B15F00B33,2026-09-15 17:18:02.137,
33762223-A4FE-410C-85F9-4858CBCDC1B2,C36232,20260915,OT1_5,0,2,70FC22FC-0972-4261-99B3-226B15F00B33,2026-09-16 09:56:54.547,
BFE44769-E637-454A-82F3-015D5604290E,C36233,20260914,OT1_5,0,2,70FC22FC-0972-4261-99B3-226B15F00B33,2026-09-15 17:18:02.170,
6766C4CB-E403-491B-95F5-A4A66E34FB6E,C36233,20260915,OT1_5,0,2,70FC22FC-0972-4261-99B3-226B15F00B33,2026-09-16 09:56:54.620,
CA0319E5-F3ED-436C-A6A7-801178EFDD53,C36234,20260914,OT1_5,0,2,70FC22FC-0972-4261-99B3-226B15F00B33,2026-09-15 17:18:01.070,
7E39092C-11DA-42A0-8C98-F73573F4E8F3,C36234,20260915,OT1_5,0,2,70FC22FC-0972-4261-99B3-226B15F00B33,2026-09-16 09:56:54.703,
FFCB87E9-AE67-425E-B4B1-54FA62AC8BA6,C36235,20260914,OT1_5,0,2,70FC22FC-0972-4261-99B3-226B15F00B33,2026-09-15 17:18:02.270,
3F1E2E32-5C5D-4C6E-8C0A-0F5F07A88127,C36235,20260915,OT1_5,0,2,70FC22FC-0972-4261-99B3-226B15F00B33,2026-09-16 09:56:55.347,
2C2883A0-9B57-4B4C-B5EE-B04086FA2EC4,C36236,20260914,OT1_5,0,2,70FC22FC-0972-4261-99B3-226B15F00B33,2026-09-15 17:18:00.150,
A02019DA-B363-4321-8574-93DE8A13C976,C36236,20260915,OT1_5,0,2,70FC22FC-0972-4261-99B3-226B15F00B33,2026-09-16 09:56:55.170,
DC8A1287-B1DB-4711-9812-9621AF7C511C,C36238,20260914,OT1_5,0,2,70FC22FC-0972-4261-99B3-226B15F00B33,2026-09-15 17:23:02.403,
AB16C09D-DB7F-47E1-84B5-AA67D47E4370,C36238,20260915,OT1_5,0,2,70FC22FC-0972-4261-99B3-226B15F00B33,2026-09-16 10:01:42.970,
ADB22BA5-9AC8-4173-952C-7BF1CA390585,C36240,20260914,OT1_5,0,2,70FC22FC-0972-4261-99B3-226B15F00B33,2026-09-15 17:20:45.803,
E7F061CC-1B1F-4929-AADF-F617C11C05AF,C36240,20260915,OT1_5,0,2,70FC22FC-0972-4261-99B3-226B15F00B33,2026-09-16 09:59:34.463,
D0D6A404-567C-44FA-9EDC-4E93C90D374A,C36241,20260914,OT1_5,0,2,70FC22FC-0972-4261-99B3-226B15F00B33,2026-09-15 17:20:49.707,
99873DD1-BA64-4609-AF44-74FE1102BB7B,C36241,20260915,OT1_5,0,2,70FC22FC-0972-4261-99B3-226B15F00B33,2026-09-16 09:59:36.840,
10908BCC-B78D-430A-86CD-A5B8E6CEDD8B,C36243,20260914,OT1_5,0,2,70FC22FC-0972-4261-99B3-226B15F00B33,2026-09-15 17:20:47.543,
9B0411B4-D766-4971-B01C-2B9D71E771BA,C36243,20260915,OT1_5,0,2,70FC22FC-0972-4261-99B3-226B15F00B33,2026-09-16 09:59:31.650,
68A0EE9A-526F-4A32-BF3E-8AF7EC03319D,C36244,20260914,OT1_5,0,2,70FC22FC-0972-4261-99B3-226B15F00B33,2026-09-15 17:20:56.940,
FC31B0A2-D734-4902-AA79-3E9C952F4EB6,C36244,20260915,OT1_5,0,2,70FC22FC-0972-4261-99B3-226B15F00B33,2026-09-16 09:59:39.867,
6F63A3A8-0908-4B72-A7EE-5C3EE778ABD1,C36246,20260914,OT1_5,0,2,70FC22FC-0972-4261-99B3-226B15F00B33,2026-09-15 17:17:53.380,
B3D90773-C123-4551-9487-81A09AB1B2A6,C36246,20260915,OT1_5,0,2,70FC22FC-0972-4261-99B3-226B15F00B33,2026-09-16 09:56:58.567,
11A22F96-D92E-47F9-BB8A-E2CA1E655D2F,C36250,20260914,OT1_5,0,2,70FC22FC-0972-4261-99B3-226B15F00B33,2026-09-15 17:18:00.920,
39E41C39-5F1F-4DEB-8C68-3F83140577A6,C36253,20260914,OT1_5,0,2,70FC22FC-0972-4261-99B3-226B15F00B33,2026-09-15 17:18:01.340,
3D5ECA8F-1F3E-4E72-8333-4AA708AB78A7,C36253,20260915,OT1_5,0,2,70FC22FC-0972-4261-99B3-226B15F00B33,2026-09-16 09:56:54.170,
D160472D-2D5F-49A4-B6B4-4ABF7760EF8A,C36255,20260915,OT1_5,0,2,70FC22FC-0972-4261-99B3-226B15F00B33,2026-09-16 09:56:52.883,
F9ED36BA-3BEF-4C3B-B2D6-A0B58C510A54,C36262,20260914,OT1_5,0,2,70FC22FC-0972-4261-99B3-226B15F00B33,2026-09-15 17:21:04.987,
D28CD89C-4569-457C-A327-A08AEE4926E6,C36263,20260914,OT1_5,0,2,70FC22FC-0972-4261-99B3-226B15F00B33,2026-09-15 17:23:08.847,
66BBA5E4-D7FA-45E1-AD77-A8E3047B354D,C36263,20260915,OT1_5,0,2,70FC22FC-0972-4261-99B3-226B15F00B33,2026-09-16 10:01:49.793,
78F5C91A-2D89-4C7A-8942-691CBDD0C2B3,C36264,20260914,OT1_5,0,2,70FC22FC-0972-4261-99B3-226B15F00B33,2026-09-15 17:23:11.047,
E8786700-4D1F-456E-92DD-DD7E2950E187,C36264,20260915,OT1_5,0,2,70FC22FC-0972-4261-99B3-226B15F00B33,2026-09-16 10:01:50.433,
FB652CF5-1365-4CBD-BC52-9B95A9DA6E5D,C36273,20260914,OT1_5,0,4,70FC22FC-0972-4261-99B3-226B15F00B33,2026-09-15 17:18:57.140,
88C2DFDB-836F-49B7-89C3-339E5DE88525,C36273,20260915,OT1_5,0,4,70FC22FC-0972-4261-99B3-226B15F00B33,2026-09-16 09:57:39.337,
026EF381-BE8F-4E0F-9111-D6D1E2B1ADF0,C36274,20260914,OT1_5,0,2,70FC22FC-0972-4261-99B3-226B15F00B33,2026-09-15 17:20:45.347,
306B4433-A46F-4100-B031-8BADA54BBE51,C36274,20260915,OT1_5,0,2,70FC22FC-0972-4261-99B3-226B15F00B33,2026-09-16 09:59:34.783,
A4B6FE8D-92F6-4FB8-A7DA-D0232B844C99,C36277,20260914,OT1_5,0,2,70FC22FC-0972-4261-99B3-226B15F00B33,2026-09-15 17:20:39.880,
31C2EE2A-5082-41DB-841F-08B7D03C1476,C36277,20260915,OT1_5,0,2,70FC22FC-0972-4261-99B3-226B15F00B33,2026-09-16 09:59:30.340,
21840F85-E37F-4CAF-AE6F-FA23A53CB8A5,C36278,20260914,OT1_5,0,4,70FC22FC-0972-4261-99B3-226B15F00B33,2026-09-15 17:18:57.130,
0FE185A0-9E7D-4ED6-8764-89EC2343429E,C36278,20260915,OT1_5,0,4,70FC22FC-0972-4261-99B3-226B15F00B33,2026-09-16 09:57:39.397,
D8AC8A6D-727D-4FA0-8002-7ACED5100D6F,C36279,20260914,OT1_5,0,2,70FC22FC-0972-4261-99B3-226B15F00B33,2026-09-15 17:20:45.387,
2C58BA03-A8A7-4DA1-8405-BDF37386C74D,C36279,20260915,OT1_5,0,2,70FC22FC-0972-4261-99B3-226B15F00B33,2026-09-16 09:59:32.050,
775CA9F9-EE3A-408F-B36F-509222C4A80B,C36282,20260914,OT1_5,0,2,70FC22FC-0972-4261-99B3-226B15F00B33,2026-09-15 17:17:55.987,
2EC720CB-4C64-425B-86A0-36FDEA5F7D27,C36282,20260915,OT1_5,0,2,70FC22FC-0972-4261-99B3-226B15F00B33,2026-09-16 09:56:54.807,
68A69BF5-2CE5-4873-9F15-A5E0D5DCE07F,C36283,20260914,OT1_5,0,2,70FC22FC-0972-4261-99B3-226B15F00B33,2026-09-15 17:17:55.500,
61392754-BF2D-4C8B-AF20-6EFC1074A410,C36284,20260914,OT1_5,0,2,70FC22FC-0972-4261-99B3-226B15F00B33,2026-09-15 17:18:01.720,
4E5A35B6-B9F9-4F67-A6D3-77AB88A315C3,C36285,20260914,OT1_5,0,2,70FC22FC-0972-4261-99B3-226B15F00B33,2026-09-15 17:18:02.293,
2A4CF2E0-D9D6-45F0-B9FD-6CF80825209E,C36285,20260915,OT1_5,0,2,70FC22FC-0972-4261-99B3-226B15F00B33,2026-09-16 09:56:55.620,
2D0203EB-E2BC-4F9D-B5C1-D09D399A32D3,C36288,20260914,OT1_5,0,2,70FC22FC-0972-4261-99B3-226B15F00B33,2026-09-15 17:18:02.390,
83730506-1131-48DE-9EF1-E65847F26448,C36288,20260915,OT1_5,0,2,70FC22FC-0972-4261-99B3-226B15F00B33,2026-09-16 09:56:55.380,
F944B17F-6CD6-447E-A0FC-3C344171080B,C36290,20260914,OT1_5,0,2,70FC22FC-0972-4261-99B3-226B15F00B33,2026-09-15 17:17:53.537,
DEBACA0E-BD56-401E-9BE7-CA394245C0EA,C36291,20260914,OT1_5,0,2,70FC22FC-0972-4261-99B3-226B15F00B33,2026-09-15 17:23:03.950,
72BF53E3-FD86-4C69-BCE7-5391C9BD865D,C36291,20260915,OT1_5,0,2,70FC22FC-0972-4261-99B3-226B15F00B33,2026-09-16 10:01:44.767,
A408781E-9910-4EEA-A702-EB2826FDD840,C36292,20260914,OT1_5,0,2,70FC22FC-0972-4261-99B3-226B15F00B33,2026-09-15 17:23:12.067,
A3F8B095-A0EC-4200-A389-F561E12003EC,C36292,20260915,OT1_5,0,2,70FC22FC-0972-4261-99B3-226B15F00B33,2026-09-16 10:01:49.807,
3802A7FB-49BC-4155-B6C0-21249ABB9CC8,C36293,20260914,OT1_5,0,2,70FC22FC-0972-4261-99B3-226B15F00B33,2026-09-15 17:23:09.983,
153EC5E0-EB45-4B4B-862F-D8FC70CD5850,C36294,20260914,OT1_5,0,2,70FC22FC-0972-4261-99B3-226B15F00B33,2026-09-15 17:23:08.680,
0E54CFF5-A77F-407C-8AE1-D31E97DB1C99,C36296,20260914,OT1_5,0,2,70FC22FC-0972-4261-99B3-226B15F00B33,2026-09-15 17:23:05.980,
934F6F76-A188-494D-B42B-52E40737CA10,C36296,20260915,OT1_5,0,2,70FC22FC-0972-4261-99B3-226B15F00B33,2026-09-16 10:01:44.820,
AB5D5FFD-47E7-47AB-97CF-0B6788113F91,C36299,20260914,OT1_5,0,2,70FC22FC-0972-4261-99B3-226B15F00B33,2026-09-15 17:23:18.150,
6300DD3D-7F88-4BBD-95C2-97BE7D2FED4B,C36299,20260915,OT1_5,0,2,70FC22FC-0972-4261-99B3-226B15F00B33,2026-09-16 10:01:56.407,
D14224A8-64BD-4474-8D11-9B1CFA6178AD,C36300,20260914,OT1_5,0,2,70FC22FC-0972-4261-99B3-226B15F00B33,2026-09-15 17:23:13.507,
593D6125-7BC0-4253-B0A6-E3534BFD9514,C36300,20260915,OT1_5,0,2,70FC22FC-0972-4261-99B3-226B15F00B33,2026-09-16 10:01:52.500,
F07B2F9E-7726-4577-AC3C-85D2EF1030E8,C36301,20260914,OT1_5,0,2,70FC22FC-0972-4261-99B3-226B15F00B33,2026-09-15 17:23:12.970,
3EA1E562-87FB-432B-A461-79A9E452E86F,C36301,20260915,OT1_5,0,2,70FC22FC-0972-4261-99B3-226B15F00B33,2026-09-16 10:01:50.540,
D1469A48-7B9B-4A31-9920-C77CAB7F362C,C36302,20260914,OT1_5,0,2,70FC22FC-0972-4261-99B3-226B15F00B33,2026-09-15 17:23:13.610,
72737342-64AC-421F-B0CB-39C88F8F4F38,C36303,20260914,OT1_5,0,2,70FC22FC-0972-4261-99B3-226B15F00B33,2026-09-15 17:17:59.203,
2D88C1B9-301A-4CF6-9C3F-8409201C4195,C36303,20260915,OT1_5,0,2,70FC22FC-0972-4261-99B3-226B15F00B33,2026-09-16 09:56:54.180,
8D0D38E4-2936-429A-B9DA-6ABA8120F660,C36304,20260914,OT1_5,0,2,70FC22FC-0972-4261-99B3-226B15F00B33,2026-09-15 17:18:00.830,
B6389074-49FC-4E07-BC57-E535E6F8E8EF,C36304,20260915,OT1_5,0,2,70FC22FC-0972-4261-99B3-226B15F00B33,2026-09-16 09:56:54.023,
2E074739-3F50-482A-8B16-391ACD5278B3,C36307,20260914,OT1_5,0,2,70FC22FC-0972-4261-99B3-226B15F00B33,2026-09-15 17:20:46.870,
3A8A330E-543D-427B-A71F-54AEEEBCA8F8,C36307,20260915,OT1_5,0,2,70FC22FC-0972-4261-99B3-226B15F00B33,2026-09-16 09:59:32.420,
2B6A49ED-6ADB-414D-AE58-F0B301AAC7EC,C36313,20260914,OT1_5,0,2,70FC22FC-0972-4261-99B3-226B15F00B33,2026-09-15 17:21:35.193,
31160115-9224-4BA1-B60E-7FF1E6166558,C36313,20260915,OT1_5,0,2,70FC22FC-0972-4261-99B3-226B15F00B33,2026-09-16 10:00:13.790,
5D0ECFB5-6199-4651-9C5B-3A3BD02845E7,C36315,20260914,OT1_5,0,2,70FC22FC-0972-4261-99B3-226B15F00B33,2026-09-15 17:21:03.947,
C811F329-00BC-4F91-90C6-B8E8E192FC54,C36316,20260915,OT1_5,0,2,70FC22FC-0972-4261-99B3-226B15F00B33,2026-09-16 09:59:40.893,
C07B0798-4649-4B85-AD7B-611CFB48F875,C36317,20260914,OT1_5,0,2,70FC22FC-0972-4261-99B3-226B15F00B33,2026-09-15 17:21:34.937,
B4BC065F-6F56-4447-ABCA-FCB3132553E2,C36317,20260915,OT1_5,0,2,70FC22FC-0972-4261-99B3-226B15F00B33,2026-09-16 10:00:13.310,
ECA69B09-D40D-4A1A-AFA1-F8A5DC68E0A9,C36318,20260914,OT1_5,0,2,70FC22FC-0972-4261-99B3-226B15F00B33,2026-09-15 17:21:36.637,
8B6C3C6A-105A-4CC6-812F-EA86D00B3B6B,C36318,20260915,OT1_5,0,2,70FC22FC-0972-4261-99B3-226B15F00B33,2026-09-16 10:00:12.433,
D174133D-7026-4F22-84B9-85873E799ABE,C36319,20260914,OT1_5,0,2,70FC22FC-0972-4261-99B3-226B15F00B33,2026-09-15 17:23:07.810,
0A751850-FFA5-41D0-B5F8-2FAC6E6C142F,C36320,20260914,OT1_5,0,2,70FC22FC-0972-4261-99B3-226B15F00B33,2026-09-15 17:21:34.837,
DF9AC682-E9A8-49A0-AB4A-2D2F4F44211C,C36325,20260915,OT1_5,0,2,70FC22FC-0972-4261-99B3-226B15F00B33,2026-09-16 09:59:35.500,
B99C4DB7-AA3C-4DC0-80A9-9C6DED0068A5,C36327,20260914,OT1_5,0,2,70FC22FC-0972-4261-99B3-226B15F00B33,2026-09-15 17:20:49.773,
3C23ABAD-EE17-41D5-A95D-78552E6913CA,C36327,20260915,OT1_5,0,2,70FC22FC-0972-4261-99B3-226B15F00B33,2026-09-16 09:59:31.023,
D1B64491-5A92-4B05-B3D0-E4B70033E73B,C36329,20260914,OT1_5,0,2,70FC22FC-0972-4261-99B3-226B15F00B33,2026-09-15 17:21:03.957,
D5111F69-9FB0-448E-9485-39ADC367C5FA,C36331,20260914,OT1_5,0,2,70FC22FC-0972-4261-99B3-226B15F00B33,2026-09-15 17:20:41.750,
3B089D68-A83B-4E00-A87A-B8E5EA52C678,C36331,20260915,OT1_5,0,2,70FC22FC-0972-4261-99B3-226B15F00B33,2026-09-16 09:59:29.660,
66438444-126C-45F8-9658-EDB0849EFD3B,C36333,20260914,OT1_5,0,2,70FC22FC-0972-4261-99B3-226B15F00B33,2026-09-15 17:20:57.143,
63A41702-7BFB-4357-BB35-5CB8397AA6A7,C36333,20260915,OT1_5,0,2,70FC22FC-0972-4261-99B3-226B15F00B33,2026-09-16 09:59:35.433,
588D30A0-8F72-48A8-906A-BD1AA4251B43,C36336,20260914,OT1_5,0,2,70FC22FC-0972-4261-99B3-226B15F00B33,2026-09-15 17:20:50.287,
663B6313-B8CB-4777-83A6-A688D542A105,C36337,20260914,OT1_5,0,2,70FC22FC-0972-4261-99B3-226B15F00B33,2026-09-15 17:20:45.717,
6F69B40D-7888-4FA5-99AC-B44113506EF4,C36337,20260915,OT1_5,0,2,70FC22FC-0972-4261-99B3-226B15F00B33,2026-09-16 09:59:32.490,
03315158-7096-4956-8D1E-CBEECA10ECE4,C36338,20260914,OT1_5,0,2,70FC22FC-0972-4261-99B3-226B15F00B33,2026-09-15 17:20:56.670,
37C48D06-98A5-4292-980E-882CD11EDFB3,C36338,20260915,OT1_5,0,2,70FC22FC-0972-4261-99B3-226B15F00B33,2026-09-16 09:59:37.867,
F2F73258-DB4F-4796-B30B-3C87212101A7,C36339,20260914,OT1_5,0,2,70FC22FC-0972-4261-99B3-226B15F00B33,2026-09-15 17:21:02.667,
E64B93CE-2C65-4E6C-BE58-A1FEBAEF765E,C36339,20260915,OT1_5,0,2,70FC22FC-0972-4261-99B3-226B15F00B33,2026-09-16 09:59:36.993,
80FF517D-28E2-489D-A56D-B5440E755D22,C36342,20260914,OT1_5,0,2,70FC22FC-0972-4261-99B3-226B15F00B33,2026-09-15 17:20:47.300,
BE5AD6D3-C4E3-4BC5-A692-732DBA0C8F95,C36342,20260915,OT1_5,0,2,70FC22FC-0972-4261-99B3-226B15F00B33,2026-09-16 09:59:32.237,
4C7CFDE9-CBDE-41C3-8FC9-0F20B2B77A1B,C36343,20260914,OT1_5,0,2,70FC22FC-0972-4261-99B3-226B15F00B33,2026-09-15 17:21:03.763,
60FBF39B-2EF9-4CF5-BB9C-3CEECB3B4CEE,C36345,20260914,OT1_5,0,2,70FC22FC-0972-4261-99B3-226B15F00B33,2026-09-15 17:18:10.557,
E8711F0D-E823-457B-9EF9-FA4ABA64BACF,C36345,20260915,OT1_5,0,1.5,70FC22FC-0972-4261-99B3-226B15F00B33,2026-09-16 09:56:52.623,
64388FD5-C1DE-4230-8FC4-093908DA843C,C36347,20260914,OT1_5,0,2,70FC22FC-0972-4261-99B3-226B15F00B33,2026-09-15 17:17:54.543,
EE2BF91C-B35D-475A-A727-DB2F2BF8071C,C36348,20260914,OT1_5,0,2,70FC22FC-0972-4261-99B3-226B15F00B33,2026-09-15 17:18:04.687,
52352578-24CD-4678-8829-46019BA45679,C36348,20260915,OT1_5,0,2,70FC22FC-0972-4261-99B3-226B15F00B33,2026-09-16 09:56:57.503,
1F1D0226-1383-4376-9F1E-4BE67C707F72,C36349,20260914,OT1_5,0,2,70FC22FC-0972-4261-99B3-226B15F00B33,2026-09-15 17:18:09.510,
00E27B95-D128-4762-9038-85A0888585BA,C36349,20260915,OT1_5,0,2,70FC22FC-0972-4261-99B3-226B15F00B33,2026-09-16 09:56:57.883,
5D359EC0-688F-4BB1-9BD4-567554AA8B57,C36350,20260914,OT1_5,0,2,70FC22FC-0972-4261-99B3-226B15F00B33,2026-09-15 17:17:59.417,
1733F7A0-4124-4E49-99B0-645234D1A81D,C36350,20260915,OT1_5,0,2,70FC22FC-0972-4261-99B3-226B15F00B33,2026-09-16 09:56:54.087,
C3004C23-7921-43F3-8239-7EE2F56CA163,C36352,20260914,OT1_5,0,2,70FC22FC-0972-4261-99B3-226B15F00B33,2026-09-15 17:18:06.197,
D45197CF-6E93-456E-9F00-D0EAFA25C56F,C36352,20260915,OT1_5,0,2,70FC22FC-0972-4261-99B3-226B15F00B33,2026-09-16 09:56:57.227,
5362BC48-9826-42DD-8FD8-1922A79604F8,C36353,20260914,OT1_5,0,2,70FC22FC-0972-4261-99B3-226B15F00B33,2026-09-15 17:18:01.937,
6A6EBEA9-752F-43EC-8B97-05C7ECE63390,C36353,20260915,OT1_5,0,2,70FC22FC-0972-4261-99B3-226B15F00B33,2026-09-16 09:56:56.837,
DAC87E49-2C70-4802-921B-6E3F5E7FDD4D,C36355,20260914,OT1_5,0,2,70FC22FC-0972-4261-99B3-226B15F00B33,2026-09-15 17:23:08.530,
2879EE68-E24E-437D-AAC2-FC68CC3D889B,C36355,20260915,OT1_5,0,2,70FC22FC-0972-4261-99B3-226B15F00B33,2026-09-16 10:01:48.640,
39431EE2-D2A6-4D4F-BEF5-22F02E5E79F5,C36356,20260914,OT1_5,0,2,70FC22FC-0972-4261-99B3-226B15F00B33,2026-09-15 17:23:07.673,
785A688A-54DD-44C6-AD90-28D47F18C63B,C36356,20260915,OT1_5,0,2,70FC22FC-0972-4261-99B3-226B15F00B33,2026-09-16 10:01:47.150,
661BDBB2-8244-495F-B327-2E933F072129,C36358,20260914,OT1_5,0,1,70FC22FC-0972-4261-99B3-226B15F00B33,2026-09-15 17:21:06.610,
64B9DDAD-59A6-448F-BCC1-EF21468A49A3,C36360,20260914,OT1_5,0,6,70FC22FC-0972-4261-99B3-226B15F00B33,2026-09-15 17:20:39.370,
E091B13C-AC6D-444C-A36A-5CE999F7FB94,C36360,20260915,OT1_5,0,6,70FC22FC-0972-4261-99B3-226B15F00B33,2026-09-16 09:59:41.160,
433AD3E1-F5E3-4E52-85B6-521FCF48D3A1,C36364,20260914,OT1_5,0,2,70FC22FC-0972-4261-99B3-226B15F00B33,2026-09-15 17:21:35.333,
172DE0A9-3FDD-46F8-9F46-98363A002B0E,C36365,20260914,OT1_5,0,2,70FC22FC-0972-4261-99B3-226B15F00B33,2026-09-15 17:23:17.517,
1FAE1D07-E688-422F-95EE-2A8FC615A6AF,C36365,20260915,OT1_5,0,2,70FC22FC-0972-4261-99B3-226B15F00B33,2026-09-16 10:01:50.413,
32796FB1-0736-4EA3-A6CC-EF58357471C4,C36367,20260914,OT1_5,0,2,70FC22FC-0972-4261-99B3-226B15F00B33,2026-09-15 17:23:09.650,
648FF6D8-0A38-49AD-8F0B-1638083702C4,C36367,20260915,OT1_5,0,2,70FC22FC-0972-4261-99B3-226B15F00B33,2026-09-16 10:01:48.550,
1CE12F7F-578C-49A9-BC2C-B33C59E84A9D,C36369,20260914,OT1_5,0,2,70FC22FC-0972-4261-99B3-226B15F00B33,2026-09-15 17:23:08.113,
76B62767-4A80-4CD8-8080-B6B1D4ACACD3,C36369,20260915,OT1_5,0,2,70FC22FC-0972-4261-99B3-226B15F00B33,2026-09-16 10:01:51.660,
C9CBD767-9583-499A-BAE9-482DF5A98BB1,C36375,20260915,OT1_5,0,2,70FC22FC-0972-4261-99B3-226B15F00B33,2026-09-16 10:01:45.253,
CC99D467-8E08-4F82-8F94-F5622E194F98,C36376,20260914,OT1_5,0,2,70FC22FC-0972-4261-99B3-226B15F00B33,2026-09-15 17:23:14.807,
C0CF8A26-E1A4-4F4C-AF62-95B5D2AB723C,C36376,20260915,OT1_5,0,2,70FC22FC-0972-4261-99B3-226B15F00B33,2026-09-16 10:01:52.857,
0AFBFB90-6114-4168-B62C-1A07F311BB73,C36379,20260914,OT1_5,0,2,70FC22FC-0972-4261-99B3-226B15F00B33,2026-09-15 17:23:12.593,
A75CDF92-062A-4DDA-87D9-1D3DF641765A,C36379,20260915,OT1_5,0,2,70FC22FC-0972-4261-99B3-226B15F00B33,2026-09-16 10:01:52.903,
A5E437F2-B025-4F6D-A423-1A2E3BB59AD1,C36380,20260914,OT1_5,0,2,70FC22FC-0972-4261-99B3-226B15F00B33,2026-09-15 17:23:08.480,
9A77023F-CEB7-4B04-85B5-8C907086031C,C36383,20260914,OT1_5,0,2,70FC22FC-0972-4261-99B3-226B15F00B33,2026-09-15 17:23:10.317,
B4ADA12E-4635-4B0F-8C4B-739689A1B8EB,C36383,20260915,OT1_5,0,2,70FC22FC-0972-4261-99B3-226B15F00B33,2026-09-16 10:01:44.290,
1F45F8EE-3BAB-4E57-A6C0-00B1ACA783E4,C36385,20260914,OT1_5,0,2,70FC22FC-0972-4261-99B3-226B15F00B33,2026-09-15 17:23:06.167,
5D6D116B-0F8C-47C9-BB2E-E83FB6E511DF,C36386,20260914,OT1_5,0,2,70FC22FC-0972-4261-99B3-226B15F00B33,2026-09-15 17:23:06.190,
26C8FDD2-87AE-4C49-8A94-A40EEAA773D9,C36387,20260914,OT1_5,0,2,70FC22FC-0972-4261-99B3-226B15F00B33,2026-09-15 17:23:03.563,
38992ED9-6E36-42A8-8CB7-E9F4318C00B2,C36387,20260915,OT1_5,0,2,70FC22FC-0972-4261-99B3-226B15F00B33,2026-09-16 10:01:44.320,
ABBF2003-6576-4747-9352-24EA9836B88E,C36389,20260914,OT1_5,0,2,70FC22FC-0972-4261-99B3-226B15F00B33,2026-09-15 17:21:02.163,
4DC3E622-A8CD-4B16-9DE4-28EC49BA84A3,C36389,20260915,OT1_5,0,2,70FC22FC-0972-4261-99B3-226B15F00B33,2026-09-16 09:59:39.507,
9BC0ED59-5130-43BE-8245-EFC5D4B4AF30,C36392,20260914,OT1_5,0,2,70FC22FC-0972-4261-99B3-226B15F00B33,2026-09-15 17:20:56.660,
9FFE0BEA-D85D-4C0E-9DBB-BFB15A57A54D,C36392,20260915,OT1_5,0,2,70FC22FC-0972-4261-99B3-226B15F00B33,2026-09-16 09:59:34.667,
86AE998B-F9CF-4CAC-AF12-7AB3120CC022,C36393,20260914,OT1_5,0,2,70FC22FC-0972-4261-99B3-226B15F00B33,2026-09-15 17:20:49.083,
69E9C139-FF15-4CF9-9ECC-0CD233D4C897,C36393,20260915,OT1_5,0,2,70FC22FC-0972-4261-99B3-226B15F00B33,2026-09-16 09:59:33.287,
E82C899A-D788-455E-AB4B-639C47E44620,C36394,20260914,OT1_5,0,2,70FC22FC-0972-4261-99B3-226B15F00B33,2026-09-15 17:20:56.590,
A77F7326-4874-4B2B-9C5A-C38F02F11D19,C36394,20260915,OT1_5,0,2,70FC22FC-0972-4261-99B3-226B15F00B33,2026-09-16 09:59:34.723,
CBBF4F2D-42A5-4B90-B15B-4789F898819D,C36395,20260914,OT1_5,0,2,70FC22FC-0972-4261-99B3-226B15F00B33,2026-09-15 17:20:47.003,
11AE5C97-D47D-40B9-B030-4EB744445287,C36395,20260915,OT1_5,0,2,70FC22FC-0972-4261-99B3-226B15F00B33,2026-09-16 09:59:31.987,
A659C50E-353C-49A9-88EF-A8B4C7F959B3,C36397,20260914,OT1_5,0,2,70FC22FC-0972-4261-99B3-226B15F00B33,2026-09-15 17:20:57.383,
66304B79-4247-47AE-8BB6-9ED83FC0D2EC,C36397,20260915,OT1_5,0,2,70FC22FC-0972-4261-99B3-226B15F00B33,2026-09-16 09:59:35.327,
C7FF61AC-B269-470E-A9E9-324DCFCF3843,C36398,20260914,OT1_5,0,2,70FC22FC-0972-4261-99B3-226B15F00B33,2026-09-15 17:20:53.620,
381B3137-6F58-4AD4-B468-E7621C8C8EA1,C36398,20260915,OT1_5,0,2,70FC22FC-0972-4261-99B3-226B15F00B33,2026-09-16 09:59:33.263,
B0DD61FC-571F-4B44-89D2-D2649FE7E568,C36399,20260914,OT1_5,0,2,70FC22FC-0972-4261-99B3-226B15F00B33,2026-09-15 17:23:03.613,
35144B8A-AA3E-4EB8-B7E2-DA7B252237F0,C36400,20260914,OT1_5,0,2,70FC22FC-0972-4261-99B3-226B15F00B33,2026-09-15 17:21:34.850,
F0E81EFE-3F87-41F2-9077-E59DBA3C13AA,C36400,20260915,OT1_5,0,2,70FC22FC-0972-4261-99B3-226B15F00B33,2026-09-16 10:00:11.890,
8086AAE0-0DE0-4F48-A113-5BFBDB8F7A52,C36401,20260915,OT1_5,0,2,70FC22FC-0972-4261-99B3-226B15F00B33,2026-09-16 10:01:56.560,
D1FA7F03-7282-4A72-BBD3-6C8A5F41BEC2,C36406,20260914,OT1_5,0,2,70FC22FC-0972-4261-99B3-226B15F00B33,2026-09-15 17:23:14.167,
B416DB26-DA04-48D2-BECC-687AFBD00EDB,C36406,20260915,OT1_5,0,2,70FC22FC-0972-4261-99B3-226B15F00B33,2026-09-16 10:01:52.913,
5A9848A6-4772-4DEE-B947-9EB1F1766FE5,C36408,20260914,OT1_5,0,2,70FC22FC-0972-4261-99B3-226B15F00B33,2026-09-15 17:23:01.020,
A48FFA53-D2AA-4B69-8E96-CDA6B713A605,C36409,20260914,OT1_5,0,2,70FC22FC-0972-4261-99B3-226B15F00B33,2026-09-15 17:23:07.917,
EDA762E1-40A6-42F2-B5B4-B5047F604F6E,C36409,20260915,OT1_5,0,2,70FC22FC-0972-4261-99B3-226B15F00B33,2026-09-16 10:01:50.033,
8096A3BC-3646-4EB5-BBEA-0C166B1F2F31,C36410,20260914,OT1_5,0,2,70FC22FC-0972-4261-99B3-226B15F00B33,2026-09-15 17:21:03.893,
4053995F-B4CC-49ED-9DA7-87E13F1E612B,C36410,20260915,OT1_5,0,2,70FC22FC-0972-4261-99B3-226B15F00B33,2026-09-16 09:59:37.740,
57762AC8-D9A5-4F68-B685-8DF82A743C20,C36413,20260914,OT1_5,0,2,70FC22FC-0972-4261-99B3-226B15F00B33,2026-09-15 17:21:04.473,
222E236F-F2CD-4319-A959-7F7F37ED0DAF,C36413,20260915,OT1_5,0,2,70FC22FC-0972-4261-99B3-226B15F00B33,2026-09-16 09:59:39.887,
FDF9E226-1CC1-4769-ADDC-EAAE84F4F4E0,C36414,20260914,OT1_5,0,2,70FC22FC-0972-4261-99B3-226B15F00B33,2026-09-15 17:20:56.553,
1375BD35-206D-4F1A-9925-0903C8661D14,C36414,20260915,OT1_5,0,2,70FC22FC-0972-4261-99B3-226B15F00B33,2026-09-16 09:59:35.653,
EA10E140-8B74-48E0-937F-34A3A48312BD,C36415,20260914,OT1_5,0,2,70FC22FC-0972-4261-99B3-226B15F00B33,2026-09-15 17:20:43.700,
E460C2B4-5AE7-48D0-8B73-CBC1165B260A,C36415,20260915,OT1_5,0,2,70FC22FC-0972-4261-99B3-226B15F00B33,2026-09-16 09:59:31.240,
8514700D-D280-477F-B691-FCF6D1601E60,C36416,20260914,OT1_5,0,2,70FC22FC-0972-4261-99B3-226B15F00B33,2026-09-15 17:21:04.273,
AA110D94-D4B3-419D-9245-EE509BF7DBF2,C36416,20260915,OT1_5,0,2,70FC22FC-0972-4261-99B3-226B15F00B33,2026-09-16 09:59:39.550,
06BB3A9E-4D78-4B48-9C64-BDA3EDCDEF4C,C36417,20260914,OT1_5,0,2,70FC22FC-0972-4261-99B3-226B15F00B33,2026-09-15 17:21:04.103,
38F7C4A3-CA6E-432A-AD19-2BF247E3C020,C36418,20260914,OT1_5,0,2,70FC22FC-0972-4261-99B3-226B15F00B33,2026-09-15 17:18:01.977,
A2B63454-C862-4317-9B86-C0E9E570E1CA,C36419,20260914,OT1_5,0,2,70FC22FC-0972-4261-99B3-226B15F00B33,2026-09-15 17:18:01.167,
FDA0C8CB-9D9A-4018-AAA7-9729FFB729BE,C36420,20260914,OT1_5,0,2,70FC22FC-0972-4261-99B3-226B15F00B33,2026-09-15 17:17:56.273,
CE14CD02-8351-4939-8A2C-D66BA19169B2,C36421,20260914,OT1_5,0,2,70FC22FC-0972-4261-99B3-226B15F00B33,2026-09-15 17:17:59.740,
78301B20-A7FF-4BF7-972A-A424DEEF11F7,C36424,20260914,OT1_5,0,2,70FC22FC-0972-4261-99B3-226B15F00B33,2026-09-15 17:18:00.517,
A9E858AC-AFC5-437E-BB02-6AA51533B16D,C36424,20260915,OT1_5,0,2,70FC22FC-0972-4261-99B3-226B15F00B33,2026-09-16 09:56:53.987,
4BAEE2D1-8F6C-46F2-91D5-0EB7A64C76B5,C36426,20260914,OT1_5,0,2,70FC22FC-0972-4261-99B3-226B15F00B33,2026-09-15 17:17:57.223,
3CC53316-E3A7-4DA8-894F-D0574C39F4D8,C36427,20260914,OT1_5,0,2,70FC22FC-0972-4261-99B3-226B15F00B33,2026-09-15 17:17:55.947,
954B77B0-0118-4A5E-BD94-785F68629FE9,C36427,20260915,OT1_5,0,2,70FC22FC-0972-4261-99B3-226B15F00B33,2026-09-16 09:56:53.143,
DB2D2CE0-02E2-486B-B938-86BD1E214EBE,C36428,20260914,OT1_5,0,2,70FC22FC-0972-4261-99B3-226B15F00B33,2026-09-15 17:18:02.453,
2997C9D9-C64D-4793-A88B-3BEC3418BC94,C36428,20260915,OT1_5,0,2,70FC22FC-0972-4261-99B3-226B15F00B33,2026-09-16 09:56:54.787,
625A04B5-B86F-45ED-88C8-B21E48A73817,C36430,20260914,OT1_5,0,2,70FC22FC-0972-4261-99B3-226B15F00B33,2026-09-15 17:23:09.037,
58B93649-DAEA-4C9B-BE03-40AFF983C0CE,C36430,20260915,OT1_5,0,2,70FC22FC-0972-4261-99B3-226B15F00B33,2026-09-16 10:01:50.910,
9ABA1968-DE52-47FD-9032-52926D6332D7,C36431,20260914,OT1_5,0,2,70FC22FC-0972-4261-99B3-226B15F00B33,2026-09-15 17:23:11.013,
57DC1924-6F01-43D0-9214-66D2664F448F,C36431,20260915,OT1_5,0,2,70FC22FC-0972-4261-99B3-226B15F00B33,2026-09-16 10:01:51.690,
A2BF350B-423A-41A1-B8D7-22FF4B37D7AF,C36435,20260914,OT1_5,0,2,70FC22FC-0972-4261-99B3-226B15F00B33,2026-09-15 17:21:04.123,
FAF73BB4-0478-42D5-8EE2-8DC06DD32580,C36435,20260915,OT1_5,0,2,70FC22FC-0972-4261-99B3-226B15F00B33,2026-09-16 09:59:40.270,
53D395DC-AA89-4796-9EEE-5A2029796F02,C36437,20260914,OT1_5,0,2,70FC22FC-0972-4261-99B3-226B15F00B33,2026-09-15 17:20:58.440,
EA3F32F0-035F-4B3B-85DD-48B0A1F0FEFB,C36439,20260914,OT1_5,0,2,70FC22FC-0972-4261-99B3-226B15F00B33,2026-09-15 17:20:59.837,
7030073D-A893-4C30-B681-011C6C6818AF,C36439,20260915,OT1_5,0,2,70FC22FC-0972-4261-99B3-226B15F00B33,2026-09-16 09:59:38.960,
13EE8D9D-18F6-42CB-819B-AFE21B206DE6,C36440,20260914,OT1_5,0,2,70FC22FC-0972-4261-99B3-226B15F00B33,2026-09-15 17:21:03.703,
572E37DD-F038-4A36-912A-A0CD20F027E8,C36440,20260915,OT1_5,0,2,70FC22FC-0972-4261-99B3-226B15F00B33,2026-09-16 09:59:39.390,
70CFE346-C094-4E80-B399-3D3FBF44B7BA,C36441,20260914,OT1_5,0,2,70FC22FC-0972-4261-99B3-226B15F00B33,2026-09-15 17:20:49.153,
5D4D3C1A-5126-428D-B0C8-0C88407119B7,C36441,20260915,OT1_5,0,2,70FC22FC-0972-4261-99B3-226B15F00B33,2026-09-16 09:59:33.253,
459C894D-FF4B-4B99-A934-397AEA4905C7,C36442,20260914,OT1_5,0,2,70FC22FC-0972-4261-99B3-226B15F00B33,2026-09-15 17:20:58.340,
81E6E264-CCA2-40E7-A72C-BA7530C2317C,C36443,20260914,OT1_5,0,2,70FC22FC-0972-4261-99B3-226B15F00B33,2026-09-15 17:20:58.320,
47BE780F-1AB0-4126-A791-008EF68A228A,C36445,20260914,OT1_5,0,2,70FC22FC-0972-4261-99B3-226B15F00B33,2026-09-15 17:20:52.840,
638E2F22-C7BD-47BA-B0B9-23D1C492A58D,C36445,20260915,OT1_5,0,2,70FC22FC-0972-4261-99B3-226B15F00B33,2026-09-16 09:59:38.447,
C9FA600D-D434-426A-90B8-FB63A5A51E0A,C36447,20260914,OT1_5,0,2,70FC22FC-0972-4261-99B3-226B15F00B33,2026-09-15 17:18:08.253,
F2CC9726-9A4D-4970-999B-F7CE7BFAFCCA,C36447,20260915,OT1_5,0,2,70FC22FC-0972-4261-99B3-226B15F00B33,2026-09-16 09:56:57.153,
CC9B2688-C28A-478F-83CC-61F4C37B3907,C36452,20260915,OT1_5,0,2,70FC22FC-0972-4261-99B3-226B15F00B33,2026-09-16 10:01:12.917,
809B6F94-3484-4382-AFFD-4532A77D2A9A,C36455,20260914,OT1_5,0,2,70FC22FC-0972-4261-99B3-226B15F00B33,2026-09-15 17:23:01.680,
9ECA7D98-C1D3-4CCB-8570-64CAE338715F,C36463,20260914,OT1_5,0,2,70FC22FC-0972-4261-99B3-226B15F00B33,2026-09-15 17:23:17.773,
921F0D74-8F4A-4D15-8437-4B29157D83FA,C36466,20260914,OT1_5,0,2,70FC22FC-0972-4261-99B3-226B15F00B33,2026-09-15 17:20:50.823,
A3841E70-FBF4-42DB-A2CC-4152E221C96F,C36466,20260915,OT1_5,0,2,70FC22FC-0972-4261-99B3-226B15F00B33,2026-09-16 09:59:35.747,
32F33243-958F-4DBC-8CEB-6555EC7097EA,C36468,20260915,OT1_5,0,2,70FC22FC-0972-4261-99B3-226B15F00B33,2026-09-16 09:59:31.097,
44B4877A-5731-4B44-AE37-48EB6FAD3E05,C36469,20260914,OT1_5,0,2,70FC22FC-0972-4261-99B3-226B15F00B33,2026-09-15 17:18:58.097,
E241D396-2937-4394-8B92-A4D3F90D2BEA,C36469,20260915,OT1_5,0,2,70FC22FC-0972-4261-99B3-226B15F00B33,2026-09-16 09:57:39.997,
D1E67497-24C6-4FD3-9F48-ECCF71178A78,C36472,20260915,OT1_5,0,2,70FC22FC-0972-4261-99B3-226B15F00B33,2026-09-16 10:00:13.850,
76774954-75FF-4CC7-8A75-618F1152E03E,C36476,20260914,OT1_5,0,2,70FC22FC-0972-4261-99B3-226B15F00B33,2026-09-15 17:20:46.247,
DA1A332B-D5FD-4825-87A9-068DE9943387,C36477,20260914,OT1_5,0,2,70FC22FC-0972-4261-99B3-226B15F00B33,2026-09-15 17:21:01.400,
49BD96C4-0F0D-4C79-8309-ACD438C06D96,C36477,20260915,OT1_5,0,2,70FC22FC-0972-4261-99B3-226B15F00B33,2026-09-16 09:59:35.073,
23D694C4-8353-4324-ACBD-BB4985BD16A6,C36479,20260914,OT1_5,0,2,70FC22FC-0972-4261-99B3-226B15F00B33,2026-09-15 17:23:05.230,
25593958-3D2C-4601-95FC-966EBB0C595E,C36479,20260915,OT1_5,0,2,70FC22FC-0972-4261-99B3-226B15F00B33,2026-09-16 10:01:43.243,
CDDF65A4-88D9-46B5-A5F1-535A177B6BF5,C36480,20260915,OT1_5,0,2,70FC22FC-0972-4261-99B3-226B15F00B33,2026-09-16 10:01:53.287,
F42EA7DA-AE31-47BA-B34E-E7B370A514EA,C36481,20260914,OT1_5,0,2,70FC22FC-0972-4261-99B3-226B15F00B33,2026-09-15 17:23:07.420,
701F7040-E187-4988-93EA-668D7B1AB3D2,C36481,20260915,OT1_5,0,2,70FC22FC-0972-4261-99B3-226B15F00B33,2026-09-16 10:01:45.067,
F1936553-A2E3-4553-830D-4584C35E8BB1,C36482,20260914,OT1_5,0,2,70FC22FC-0972-4261-99B3-226B15F00B33,2026-09-15 17:23:04.170,
3568C7E5-AB2D-4451-A460-27241BE6F2DF,C36482,20260915,OT1_5,0,2,70FC22FC-0972-4261-99B3-226B15F00B33,2026-09-16 10:01:48.990,
6C6D72EB-77FB-4CB7-A4CF-9AAED15F0454,C36483,20260914,OT1_5,0,2,70FC22FC-0972-4261-99B3-226B15F00B33,2026-09-15 17:23:07.400,
5314435E-B5F4-4116-AB4D-5AE7A644D8A2,C36483,20260915,OT1_5,0,2,70FC22FC-0972-4261-99B3-226B15F00B33,2026-09-16 10:01:48.010,
BBD0658B-2E76-49E8-B571-8496F98DB567,C36484,20260914,OT1_5,0,2,70FC22FC-0972-4261-99B3-226B15F00B33,2026-09-15 17:23:07.390,
3852CBA8-E782-4415-9D17-C8A6F0F1D97E,C36484,20260915,OT1_5,0,2,70FC22FC-0972-4261-99B3-226B15F00B33,2026-09-16 10:01:47.983,
57983EC4-1AFD-4F1A-AD9C-12B0D136E2FF,C36485,20260914,OT1_5,0,2,70FC22FC-0972-4261-99B3-226B15F00B33,2026-09-15 17:23:16.357,
3FF8CED4-B2DA-4EBD-B677-5A2FC397F813,C36485,20260915,OT1_5,0,2,70FC22FC-0972-4261-99B3-226B15F00B33,2026-09-16 10:01:55.873,
9A47AC56-1999-4339-88B2-6CC2DCA03562,C36486,20260914,OT1_5,0,2,70FC22FC-0972-4261-99B3-226B15F00B33,2026-09-15 17:23:13.770,
90F2A4D9-4F04-4034-9E46-602B40E8D670,C36487,20260914,OT1_5,0,2,70FC22FC-0972-4261-99B3-226B15F00B33,2026-09-15 17:23:05.200,
9AC269CB-D2EC-438E-BAC4-D75C1FC0F8B2,C36490,20260914,OT1_5,0,2,70FC22FC-0972-4261-99B3-226B15F00B33,2026-09-15 17:23:11.737,
2476E87D-71F0-4A75-B1A9-BDD506986D73,C36490,20260915,OT1_5,0,2,70FC22FC-0972-4261-99B3-226B15F00B33,2026-09-16 10:01:52.247,
03408194-3494-46B5-B2DE-BB40B185BB52,C36492,20260914,OT1_5,0,3.5,70FC22FC-0972-4261-99B3-226B15F00B33,2026-09-15 17:18:57.520,
D8DCD093-4236-4B4B-A364-2289D4F6FA36,C36492,20260915,OT1_5,0,3.5,70FC22FC-0972-4261-99B3-226B15F00B33,2026-09-16 09:57:39.790,
09F400FD-70CA-4DF9-9CF3-EAF483FB1093,C36494,20260914,OT1_5,0,2,70FC22FC-0972-4261-99B3-226B15F00B33,2026-09-15 17:21:35.887,
A8D7D539-B3C4-49CC-8C10-CDE47F4A87C4,C36495,20260914,OT1_5,0,2,70FC22FC-0972-4261-99B3-226B15F00B33,2026-09-15 17:18:08.927,
04A09F2B-41F2-4E17-A1E5-8465F2A01507,C36495,20260915,OT1_5,0,2,70FC22FC-0972-4261-99B3-226B15F00B33,2026-09-16 09:56:57.890,
29798A73-FB13-470D-8A0B-AE39A795D4DA,C36497,20260914,OT1_5,0,2,70FC22FC-0972-4261-99B3-226B15F00B33,2026-09-15 17:18:04.820,
D152CE56-0FDC-49B7-BE12-2C58241EF2B2,C36500,20260914,OT1_5,0,2,70FC22FC-0972-4261-99B3-226B15F00B33,2026-09-15 17:18:04.057,
3BC01BAC-DC70-4D71-9D9D-2BF051582B14,C36500,20260915,OT1_5,0,2,70FC22FC-0972-4261-99B3-226B15F00B33,2026-09-16 09:56:55.370,
16FF3BD4-88FC-4BA6-84AF-BB0F3774F014,C36503,20260914,OT1_5,0,2,70FC22FC-0972-4261-99B3-226B15F00B33,2026-09-15 17:18:06.547,
AA5F5E2E-78C2-426F-A764-778A394AA866,C36510,20260914,OT1_5,0,2,70FC22FC-0972-4261-99B3-226B15F00B33,2026-09-15 17:20:57.413,
E6F2F173-1F48-4ACC-8547-A73493A05D5D,C36510,20260915,OT1_5,0,2,70FC22FC-0972-4261-99B3-226B15F00B33,2026-09-16 09:59:33.233,
53BD290E-C560-4421-899D-1D31D3BA1E4C,C36514,20260914,OT1_5,0,2,70FC22FC-0972-4261-99B3-226B15F00B33,2026-09-15 17:21:06.340,
E5EB72C6-9F2C-4192-956D-46A3DDC2CA09,C36519,20260914,OT1_5,0,2,70FC22FC-0972-4261-99B3-226B15F00B33,2026-09-15 17:20:58.267,
E1B8B7BD-25B4-42DC-A195-855A5B25A40F,C36519,20260915,OT1_5,0,1,70FC22FC-0972-4261-99B3-226B15F00B33,2026-09-16 09:59:28.133,
0CDC7164-AB51-4903-87D6-7F9291D4DDB0,C36522,20260914,OT1_5,0,2,70FC22FC-0972-4261-99B3-226B15F00B33,2026-09-15 17:20:49.243,
56555933-B4A1-4348-9985-1FC9AEF48240,C36522,20260915,OT1_5,0,1,70FC22FC-0972-4261-99B3-226B15F00B33,2026-09-16 09:59:27.860,
5FADDFC4-6CA0-4E6E-80B3-7E36015F5784,C36523,20260914,OT1_5,0,2,70FC22FC-0972-4261-99B3-226B15F00B33,2026-09-15 17:18:57.693,
5D8516E7-EF84-47DB-A4F2-BA12DFE57D24,C36523,20260915,OT1_5,0,2,70FC22FC-0972-4261-99B3-226B15F00B33,2026-09-16 09:57:40.247,
FE39282F-5BB9-4223-BA0E-B4A6788EC289,C36524,20260914,OT1_5,0,2,70FC22FC-0972-4261-99B3-226B15F00B33,2026-09-15 17:20:52.037,
39F33343-D054-4473-93D1-D17B50E959C2,C36524,20260915,OT1_5,0,2,70FC22FC-0972-4261-99B3-226B15F00B33,2026-09-16 09:59:37.537,
7DECFB0C-8E4A-4F0C-8EDC-0B2A49457A5E,C36528,20260915,OT1_5,0,2,70FC22FC-0972-4261-99B3-226B15F00B33,2026-09-16 10:01:52.970,
D925BE6B-502D-46FA-86AD-A07288CF88F7,C36529,20260914,OT1_5,0,2,70FC22FC-0972-4261-99B3-226B15F00B33,2026-09-15 17:23:04.183,
BA0E743A-E891-4D6D-B5DD-53ADB3C341EF,C36530,20260914,OT1_5,0,1.5,70FC22FC-0972-4261-99B3-226B15F00B33,2026-09-15 17:23:00.923,
5A2F7341-2B65-4C09-B4ED-894C0B5A3E16,C36530,20260915,OT1_5,0,1.5,70FC22FC-0972-4261-99B3-226B15F00B33,2026-09-16 10:01:57.047,
1F1B1DD5-99AC-4691-B41A-444AA41A2D7B,C36534,20260914,OT1_5,0,2,70FC22FC-0972-4261-99B3-226B15F00B33,2026-09-15 17:21:36.807,
F67DB08F-1712-4356-84C3-4E59BDBEEDC2,C36534,20260915,OT1_5,0,2,70FC22FC-0972-4261-99B3-226B15F00B33,2026-09-16 10:00:13.550,
AF0344D2-A5B8-4B47-81E0-664D23F33E30,C36535,20260914,OT1_5,0,2,70FC22FC-0972-4261-99B3-226B15F00B33,2026-09-15 17:23:17.303,
7A25865E-D90E-483A-BE53-DA2A63744EE6,C36535,20260915,OT1_5,0,2,70FC22FC-0972-4261-99B3-226B15F00B33,2026-09-16 10:01:56.067,
014CD5B4-3514-4182-AF67-673776DEB508,C36536,20260914,OT1_5,0,2,70FC22FC-0972-4261-99B3-226B15F00B33,2026-09-15 17:20:46.990,
153B8C00-B9EB-4484-9530-B70B9029A619,C36536,20260915,OT1_5,0,2,70FC22FC-0972-4261-99B3-226B15F00B33,2026-09-16 09:59:31.583,
70D4C399-11D0-467D-9296-23DA94A1EA7B,C36537,20260914,OT1_5,0,2,70FC22FC-0972-4261-99B3-226B15F00B33,2026-09-15 17:21:01.567,
E7A43A16-8EF6-4F9C-AEE2-273565781F4D,C36537,20260915,OT1_5,0,2,70FC22FC-0972-4261-99B3-226B15F00B33,2026-09-16 09:59:40.370,
86006055-DAEB-4A2E-83DA-9F03D564B846,C36538,20260914,OT1_5,0,2,70FC22FC-0972-4261-99B3-226B15F00B33,2026-09-15 17:20:54.687,
953FBB52-79C5-486C-A25B-D6AB95D91C9F,C36538,20260915,OT1_5,0,2,70FC22FC-0972-4261-99B3-226B15F00B33,2026-09-16 09:59:37.280,
F1ADFCB5-B627-4554-9FEE-20F32E8DAE58,C36539,20260914,OT1_5,0,2,70FC22FC-0972-4261-99B3-226B15F00B33,2026-09-15 17:21:04.427,
BCD8D43D-C27C-401A-AFEA-B8B08EAA4D26,C36539,20260915,OT1_5,0,1,70FC22FC-0972-4261-99B3-226B15F00B33,2026-09-16 09:59:27.980,
A1202128-58D4-487D-BB80-441E5B5BF3E5,C36540,20260915,OT1_5,0,1,70FC22FC-0972-4261-99B3-226B15F00B33,2026-09-16 09:59:28.183,
7400508B-0DD3-40BF-81D7-402E1072C717,C36542,20260914,OT1_5,0,2,70FC22FC-0972-4261-99B3-226B15F00B33,2026-09-15 17:21:04.617,
10767E31-2DC8-4B9D-AF84-EFD2BD9703EE,C36542,20260915,OT1_5,0,1,70FC22FC-0972-4261-99B3-226B15F00B33,2026-09-16 09:59:27.930,
90DFE9A8-65AC-4263-BE9E-61ADC71F7395,C36545,20260914,OT1_5,0,2,70FC22FC-0972-4261-99B3-226B15F00B33,2026-09-15 17:20:57.320,
2029B339-3859-45E9-AB27-BE5378D40442,C36547,20260914,OT1_5,0,2,70FC22FC-0972-4261-99B3-226B15F00B33,2026-09-15 17:20:46.937,
5F76FD8B-6375-4E3F-891B-851D911AEB25,C36547,20260915,OT1_5,0,2,70FC22FC-0972-4261-99B3-226B15F00B33,2026-09-16 09:59:32.503,
32E2B0CC-2A87-4AB8-9D32-FB65C9480E2B,C36548,20260914,OT1_5,0,2,70FC22FC-0972-4261-99B3-226B15F00B33,2026-09-15 17:20:51.603,
88A20752-B729-4841-82E8-7DEBE51AD392,C36548,20260915,OT1_5,0,2,70FC22FC-0972-4261-99B3-226B15F00B33,2026-09-16 09:59:34.953,
A293D12E-E10A-467F-BB70-D329B7BD324D,C36551,20260914,OT1_5,0,2,70FC22FC-0972-4261-99B3-226B15F00B33,2026-09-15 17:16:58.803,
5791794D-DF0F-4C89-90D2-877136A3F813,C36553,20260914,OT1_5,0,2,70FC22FC-0972-4261-99B3-226B15F00B33,2026-09-15 17:20:57.923,
C76665CD-BC0E-4B9C-8FCB-FB32E6815B10,C36553,20260915,OT1_5,0,2,70FC22FC-0972-4261-99B3-226B15F00B33,2026-09-16 09:59:40.083,
928F1CA8-D70F-44FA-9E1A-8E59B7367454,C36554,20260914,OT1_5,0,2,70FC22FC-0972-4261-99B3-226B15F00B33,2026-09-15 17:20:58.040,
4883ED6F-9C40-465A-A581-0DD8CAD08C52,C36554,20260915,OT1_5,0,2,70FC22FC-0972-4261-99B3-226B15F00B33,2026-09-16 09:59:40.200,
A5478CDC-BD94-400A-A45F-1B1937F5F305,C36555,20260914,OT1_5,0,2,70FC22FC-0972-4261-99B3-226B15F00B33,2026-09-15 17:20:44.303,
10CDDF83-CFC8-4C3D-BE75-FA7706DB7E07,C36555,20260915,OT1_5,0,2,70FC22FC-0972-4261-99B3-226B15F00B33,2026-09-16 09:59:30.967,
60FA1BDD-0987-462C-BA51-DCC135761441,C36556,20260914,OT1_5,0,2,70FC22FC-0972-4261-99B3-226B15F00B33,2026-09-15 17:20:46.113,
9A97B515-2ED4-44D6-8B49-337278CE676C,C36556,20260915,OT1_5,0,2,70FC22FC-0972-4261-99B3-226B15F00B33,2026-09-16 09:59:33.640,
41658E9D-F68B-48C1-8DCF-706ED8DB093A,C36559,20260914,OT1_5,0,2,70FC22FC-0972-4261-99B3-226B15F00B33,2026-09-15 17:21:01.330,
A5C30667-9637-4047-9A8F-2F361CF506AA,C36559,20260915,OT1_5,0,2,70FC22FC-0972-4261-99B3-226B15F00B33,2026-09-16 09:59:38.950,
736D9B98-404D-45A9-B00A-76EE40BC09AC,C36563,20260914,OT1_5,0,2,70FC22FC-0972-4261-99B3-226B15F00B33,2026-09-15 17:23:06.343,
2839FDFF-D9B8-4715-A001-1FF38B231788,C36563,20260915,OT1_5,0,2,70FC22FC-0972-4261-99B3-226B15F00B33,2026-09-16 10:01:47.863,
7462C5C0-FD47-4423-9F6D-F5D978990595,C36565,20260914,OT1_5,0,2,70FC22FC-0972-4261-99B3-226B15F00B33,2026-09-15 17:23:04.197,
02DBFC54-D9C7-4431-AA2C-17DEBFA9757B,C36567,20260914,OT1_5,0,2,70FC22FC-0972-4261-99B3-226B15F00B33,2026-09-15 17:23:06.350,
249CB1CD-C472-4317-92E4-4833EBEB2995,C36567,20260915,OT1_5,0,2,70FC22FC-0972-4261-99B3-226B15F00B33,2026-09-16 10:01:47.923,
B6AB8BC8-14A5-42D2-8DD9-D111AF6FDB6D,C36568,20260914,OT1_5,0,2,70FC22FC-0972-4261-99B3-226B15F00B33,2026-09-15 17:23:09.487,
40B18E86-30B1-45D7-8481-46A89AE18B8F,C36568,20260915,OT1_5,0,2,70FC22FC-0972-4261-99B3-226B15F00B33,2026-09-16 10:01:47.953,
AD9F5743-5B0B-4DF9-822A-63F08C0FBE11,C36569,20260914,OT1_5,0,2,70FC22FC-0972-4261-99B3-226B15F00B33,2026-09-15 17:23:08.010,
E6F070AA-564D-4F16-9169-333483AB3AFF,C36569,20260915,OT1_5,0,2,70FC22FC-0972-4261-99B3-226B15F00B33,2026-09-16 10:01:48.070,
B2200DEC-74C9-4B09-A62A-75DE3CCE680A,C36570,20260914,OT1_5,0,2,70FC22FC-0972-4261-99B3-226B15F00B33,2026-09-15 17:23:05.960,
E6560993-72AC-4FEB-A4CE-122D1DB2E93D,C36570,20260915,OT1_5,0,2,70FC22FC-0972-4261-99B3-226B15F00B33,2026-09-16 10:01:48.100,
00B7153E-81CC-449C-9E54-11CDA291275D,C36571,20260914,OT1_5,0,2,70FC22FC-0972-4261-99B3-226B15F00B33,2026-09-15 17:23:08.020,
EB598E9E-1BD7-454E-9E4C-6E925107583A,C36571,20260915,OT1_5,0,2,70FC22FC-0972-4261-99B3-226B15F00B33,2026-09-16 10:01:49.050,
F5B5B718-4E1F-4600-A309-8BD4F7FB370A,C36572,20260914,OT1_5,0,2,70FC22FC-0972-4261-99B3-226B15F00B33,2026-09-15 17:17:59.400,
5452D78B-6CBF-496D-8B9F-CC3F3D29016F,C36572,20260915,OT1_5,0,2,70FC22FC-0972-4261-99B3-226B15F00B33,2026-09-16 09:56:54.683,
AE09ADCD-01B9-4C67-87A3-65BD810650CC,C36573,20260914,OT1_5,0,2,70FC22FC-0972-4261-99B3-226B15F00B33,2026-09-15 17:18:05.893,
EC8373A7-2CE1-40B8-9631-71C7B8EB4030,C36573,20260915,OT1_5,0,2,70FC22FC-0972-4261-99B3-226B15F00B33,2026-09-16 09:56:57.163,
A4155D3F-07ED-4634-9A36-F16C57595737,C36574,20260914,OT1_5,0,2,70FC22FC-0972-4261-99B3-226B15F00B33,2026-09-15 17:18:06.677,
F2D4B396-AB76-4F28-B00D-8A421687ACE3,C36574,20260915,OT1_5,0,2,70FC22FC-0972-4261-99B3-226B15F00B33,2026-09-16 09:56:57.070,
58E92B40-F470-4810-AA24-1E28B6E3C2A7,C36576,20260914,OT1_5,0,2,70FC22FC-0972-4261-99B3-226B15F00B33,2026-09-15 17:17:54.430,
EB961209-E96C-4962-9DC1-0490C2D2D75D,C36576,20260915,OT1_5,0,2,70FC22FC-0972-4261-99B3-226B15F00B33,2026-09-16 09:56:53.260,
77063123-27EA-4C3A-8DC0-DC039BD7A8B1,C36577,20260914,OT1_5,0,2,70FC22FC-0972-4261-99B3-226B15F00B33,2026-09-15 17:18:10.200,
6836ED79-1D1C-47BC-B039-33A7E864040A,C36577,20260915,OT1_5,0,2,70FC22FC-0972-4261-99B3-226B15F00B33,2026-09-16 09:56:58.453,
7216CDE2-BB0F-4662-9E02-7B5A431542DB,C36580,20260914,OT1_5,0,2,70FC22FC-0972-4261-99B3-226B15F00B33,2026-09-15 17:18:10.987,
627AAFEB-5E6F-44B9-8A0F-1D478043F115,C36580,20260915,OT1_5,0,2,70FC22FC-0972-4261-99B3-226B15F00B33,2026-09-16 09:56:58.113,
020E74A3-E80F-4223-A90C-B2AB139F3B07,C36581,20260914,OT1_5,0,2,70FC22FC-0972-4261-99B3-226B15F00B33,2026-09-15 17:18:07.210,
05EFE7E0-F736-4754-AE9D-4B9D01D98B8E,C36581,20260915,OT1_5,0,2,70FC22FC-0972-4261-99B3-226B15F00B33,2026-09-16 09:56:56.060,
114B0E7F-EC3C-42FF-A76A-151B6D6AAAF0,C36582,20260914,OT1_5,0,2,70FC22FC-0972-4261-99B3-226B15F00B33,2026-09-15 17:18:00.440,
7FF97939-28AE-48A3-A98F-631E818394D2,C36582,20260915,OT1_5,0,2,70FC22FC-0972-4261-99B3-226B15F00B33,2026-09-16 09:56:54.367,
0473808F-5F94-4408-9356-37AD144F0788,C36585,20260914,OT1_5,0,2,70FC22FC-0972-4261-99B3-226B15F00B33,2026-09-15 17:23:05.110,
D5A49394-75F9-4D7A-8B70-C48A773C3EA8,C36587,20260915,OT1_5,0,2,70FC22FC-0972-4261-99B3-226B15F00B33,2026-09-16 10:01:44.983,
7E4BB809-0961-49C2-85CC-BC01D49E80B4,C36588,20260914,OT1_5,0,2,70FC22FC-0972-4261-99B3-226B15F00B33,2026-09-15 17:23:06.393,
7E46DCCD-E95F-4331-AACE-4C3E223ADB4E,C36588,20260915,OT1_5,0,2,70FC22FC-0972-4261-99B3-226B15F00B33,2026-09-16 10:01:44.637,
78A0C24E-44E8-4A46-A2E5-4999D9F4F191,C36589,20260914,OT1_5,0,2,70FC22FC-0972-4261-99B3-226B15F00B33,2026-09-15 17:23:13.807,
749FF4A7-A9E9-4C48-B5F8-069105D0DF85,C36589,20260915,OT1_5,0,2,70FC22FC-0972-4261-99B3-226B15F00B33,2026-09-16 10:01:54.480,
E9FC154F-3138-4076-8B0D-65143CBBC404,C36590,20260914,OT1_5,0,2,70FC22FC-0972-4261-99B3-226B15F00B33,2026-09-15 17:23:08.033,
FE9155C6-3001-48F2-8BF7-2DBB0C231CEA,C36591,20260914,OT1_5,0,2,70FC22FC-0972-4261-99B3-226B15F00B33,2026-09-15 17:23:01.107,
CAC8E32F-855C-47C4-8EEE-3F1347380C0A,C36592,20260914,OT1_5,0,2,70FC22FC-0972-4261-99B3-226B15F00B33,2026-09-15 17:23:03.930,
4319EB84-5F56-473A-AC81-746BF9905788,C36594,20260914,OT1_5,0,2,70FC22FC-0972-4261-99B3-226B15F00B33,2026-09-15 17:21:36.010,
F1DD4CE0-6133-4EE5-B23F-BD109EA56C99,C36594,20260915,OT1_5,0,2,70FC22FC-0972-4261-99B3-226B15F00B33,2026-09-16 10:00:13.050,
F7407730-4F8A-4D68-8D87-64306636D3A9,C36595,20260914,OT1_5,0,2,70FC22FC-0972-4261-99B3-226B15F00B33,2026-09-15 17:23:13.700,
78542AB0-BC32-497D-BF90-8F6E76E59E1F,C36595,20260915,OT1_5,0,2,70FC22FC-0972-4261-99B3-226B15F00B33,2026-09-16 10:01:55.277,
6E60F6AA-9AFB-4D31-B626-9F9BAC1CCFEF,C36596,20260914,OT1_5,0,2,70FC22FC-0972-4261-99B3-226B15F00B33,2026-09-15 17:23:14.487,
C8A18E97-A4C1-4BAF-9CD1-98E405D58D13,C36596,20260915,OT1_5,0,2,70FC22FC-0972-4261-99B3-226B15F00B33,2026-09-16 10:01:54.980,
1B696BF7-0F60-42D5-9EA4-0DC610A28BB8,C36597,20260914,OT1_5,0,2,70FC22FC-0972-4261-99B3-226B15F00B33,2026-09-15 17:23:12.753,
F2B7F8EF-4C13-4C3A-824E-A19C08C50DA1,C36597,20260915,OT1_5,0,2,70FC22FC-0972-4261-99B3-226B15F00B33,2026-09-16 10:01:55.160,
35B9748D-382B-448C-AFFA-906FFFB2FFCB,C36598,20260914,OT1_5,0,2,70FC22FC-0972-4261-99B3-226B15F00B33,2026-09-15 17:23:14.600,
38756ABA-D9BF-4B35-97E2-80B72DE7DEC3,C36598,20260915,OT1_5,0,2,70FC22FC-0972-4261-99B3-226B15F00B33,2026-09-16 10:01:54.920,
97936DD8-0F2B-44A7-9EA0-2C4672692143,C36601,20260914,OT1_5,0,2,70FC22FC-0972-4261-99B3-226B15F00B33,2026-09-15 17:21:36.480,
B5D78C26-DCB5-46C2-8AD5-FCD2F849B1B9,C36601,20260915,OT1_5,0,2,70FC22FC-0972-4261-99B3-226B15F00B33,2026-09-16 10:00:12.687,
549954F5-0BFF-47B7-AD10-D023637F1679,C36603,20260914,OT1_5,0,2,70FC22FC-0972-4261-99B3-226B15F00B33,2026-09-15 17:23:15.957,
B85EF5AA-4A03-4937-92BB-EF4142950367,C36603,20260915,OT1_5,0,2,70FC22FC-0972-4261-99B3-226B15F00B33,2026-09-16 10:01:55.527,
29575CB1-7EC1-4240-B6BF-B2118A7C50AD,C36604,20260914,OT1_5,0,2,70FC22FC-0972-4261-99B3-226B15F00B33,2026-09-15 17:23:14.647,
48E2E82D-B75E-4110-BA78-9A1155815BDB,C36604,20260915,OT1_5,0,2,70FC22FC-0972-4261-99B3-226B15F00B33,2026-09-16 10:01:55.287,
E80FECCD-A438-4D78-94A2-D5632ABC6EF9,C36606,20260914,OT1_5,0,2,70FC22FC-0972-4261-99B3-226B15F00B33,2026-09-15 17:23:13.100,
C8DD4EAE-567C-4286-BEE5-15355DA39A46,C36606,20260915,OT1_5,0,2,70FC22FC-0972-4261-99B3-226B15F00B33,2026-09-16 10:01:50.580,
4C599A7D-FA29-4038-9B87-D4443A3493D6,C36613,20260914,OT1_5,0,2,70FC22FC-0972-4261-99B3-226B15F00B33,2026-09-15 17:18:04.713,
AB39D66D-1049-4152-A1CB-357F699F5495,C36614,20260914,OT1_5,0,2,70FC22FC-0972-4261-99B3-226B15F00B33,2026-09-15 17:18:10.127,
A2C9026C-004B-47B2-95FA-FD1907782FF7,C36617,20260914,OT1_5,0,2,70FC22FC-0972-4261-99B3-226B15F00B33,2026-09-15 17:18:09.737,
58D04933-8760-4640-9580-2B35FB6D4A02,C36617,20260915,OT1_5,0,2,70FC22FC-0972-4261-99B3-226B15F00B33,2026-09-16 09:56:58.350,
B60E769D-E8B6-465B-9125-5941988841CF,C36618,20260914,OT1_5,0,2,70FC22FC-0972-4261-99B3-226B15F00B33,2026-09-15 17:21:02.520,
7F2B91BE-41ED-43E4-9959-E188C4C10D99,C36618,20260915,OT1_5,0,2,70FC22FC-0972-4261-99B3-226B15F00B33,2026-09-16 09:59:38.467,
CC218DCB-2BD0-4719-93D9-B4632531FE45,C36619,20260914,OT1_5,0,2,70FC22FC-0972-4261-99B3-226B15F00B33,2026-09-15 17:20:47.207,
628BA8EE-90FD-43DE-8380-A423D61F9C72,C36619,20260915,OT1_5,0,2,70FC22FC-0972-4261-99B3-226B15F00B33,2026-09-16 09:59:29.827,
3FCDE267-AABB-4A6A-8DEB-B2E466BF4300,C36620,20260914,OT1_5,0,2,70FC22FC-0972-4261-99B3-226B15F00B33,2026-09-15 17:20:48.223,
397BB8C7-9B42-4F11-A4C7-B3D22A77A2C7,C36620,20260915,OT1_5,0,2,70FC22FC-0972-4261-99B3-226B15F00B33,2026-09-16 09:59:32.020,
F7501591-0291-49A3-BBFF-C5B9A1C7D8AD,C36621,20260914,OT1_5,0,2,70FC22FC-0972-4261-99B3-226B15F00B33,2026-09-15 17:21:02.580,
BB322646-5491-42B6-A555-91177CE4F36F,C36622,20260914,OT1_5,0,2,70FC22FC-0972-4261-99B3-226B15F00B33,2026-09-15 17:21:00.393,
A43CB318-F6C9-41D2-9D87-72F42414A514,C36622,20260915,OT1_5,0,2,70FC22FC-0972-4261-99B3-226B15F00B33,2026-09-16 09:59:38.567,
6287C8DE-4ADD-42A4-BDE3-2E44D96B4188,C36623,20260914,OT1_5,0,2,70FC22FC-0972-4261-99B3-226B15F00B33,2026-09-15 17:21:01.553,
AE87116F-ACC5-4978-AC61-21AAD7FDB6A1,C36623,20260915,OT1_5,0,2,70FC22FC-0972-4261-99B3-226B15F00B33,2026-09-16 09:59:38.203,
1D1A9047-00A9-4DA3-B332-C10DB7990394,C36624,20260914,OT1_5,0,2,70FC22FC-0972-4261-99B3-226B15F00B33,2026-09-15 17:21:00.283,
50F85E1D-0982-4A1D-9C9B-4F03A6D029D6,C36624,20260915,OT1_5,0,2,70FC22FC-0972-4261-99B3-226B15F00B33,2026-09-16 09:59:39.700,
74C954EB-FB73-4338-A072-8BD085F17D94,C36630,20260914,OT1_5,0,2,70FC22FC-0972-4261-99B3-226B15F00B33,2026-09-15 17:21:03.807,
397098F4-9E34-4509-B6D5-106598AF3AD1,C36630,20260915,OT1_5,0,2,70FC22FC-0972-4261-99B3-226B15F00B33,2026-09-16 09:59:40.883,
88C568AE-CA8C-4FD2-A6BB-080A4B099BD3,C36632,20260914,OT1_5,0,2,70FC22FC-0972-4261-99B3-226B15F00B33,2026-09-15 17:23:04.917,
D9F05A2B-74D1-4B06-BD71-F2BDF8BBD82A,C36633,20260914,OT1_5,0,2,70FC22FC-0972-4261-99B3-226B15F00B33,2026-09-15 17:23:06.943,
99F7B81F-D627-40D3-81FF-8C3193017A51,C36633,20260915,OT1_5,0,2,70FC22FC-0972-4261-99B3-226B15F00B33,2026-09-16 10:01:43.200,
7FA9333E-2A2D-4D47-850A-AF44C4CF0F9E,C36635,20260914,OT1_5,0,2,70FC22FC-0972-4261-99B3-226B15F00B33,2026-09-15 17:23:05.847,
22A314C6-0C9B-4324-81F4-4D62C209A3E1,C36637,20260914,OT1_5,0,2,70FC22FC-0972-4261-99B3-226B15F00B33,2026-09-15 17:23:12.710,
B2183623-3654-491C-AA3D-2694E6C13340,C36637,20260915,OT1_5,0,2,70FC22FC-0972-4261-99B3-226B15F00B33,2026-09-16 10:01:54.000,
D7D50FB8-162F-4472-B32E-56E4BE3D6432,C36638,20260914,OT1_5,0,2,70FC22FC-0972-4261-99B3-226B15F00B33,2026-09-15 17:23:12.720,
8F073E36-B7FB-4A41-98E6-8D3ADD246D36,C36638,20260915,OT1_5,0,2,70FC22FC-0972-4261-99B3-226B15F00B33,2026-09-16 10:01:52.630,
262F7446-08C9-4514-8DCF-8FD329C7D955,C36640,20260914,OT1_5,0,2,70FC22FC-0972-4261-99B3-226B15F00B33,2026-09-15 17:23:12.227,
C7265766-E9FE-479F-9AE2-D34009D9EB06,C36640,20260915,OT1_5,0,2,70FC22FC-0972-4261-99B3-226B15F00B33,2026-09-16 10:01:52.610,
F283CE59-F7BD-4736-AC66-E16E6FB56752,C36641,20260914,OT1_5,0,2,70FC22FC-0972-4261-99B3-226B15F00B33,2026-09-15 17:23:12.180,
C72EDC79-B64D-4B33-8639-35378B6000A1,C36641,20260915,OT1_5,0,2,70FC22FC-0972-4261-99B3-226B15F00B33,2026-09-16 10:01:53.670,
CBA90E6B-420F-4DB6-AF12-2873D83EFE94,C36642,20260914,OT1_5,0,2,70FC22FC-0972-4261-99B3-226B15F00B33,2026-09-15 17:23:11.663,
5B119EB6-A18B-49E5-8652-3C5F7B77389A,C36642,20260915,OT1_5,0,2,70FC22FC-0972-4261-99B3-226B15F00B33,2026-09-16 10:01:54.737,
1BABD510-1698-464F-BC64-9731D22B85D7,C36643,20260914,OT1_5,0,2,70FC22FC-0972-4261-99B3-226B15F00B33,2026-09-15 17:23:12.043,
A332F548-F1A6-4736-8907-93DD0DC5278A,C36643,20260915,OT1_5,0,2,70FC22FC-0972-4261-99B3-226B15F00B33,2026-09-16 10:01:53.000,
F374CD53-1452-4A2E-A8D7-F5A7CE154324,C36644,20260914,OT1_5,0,2,70FC22FC-0972-4261-99B3-226B15F00B33,2026-09-15 17:23:06.820,
84D577C0-C809-43F6-8849-1CBBF0885808,C36644,20260915,OT1_5,0,2,70FC22FC-0972-4261-99B3-226B15F00B33,2026-09-16 10:01:44.717,
6200043A-A7BB-43EE-AB27-662772FE5C10,C36645,20260914,OT1_5,0,2,70FC22FC-0972-4261-99B3-226B15F00B33,2026-09-15 17:23:06.800,
EF132EB9-C720-4DB2-848E-54846C1CEE84,C36645,20260915,OT1_5,0,2,70FC22FC-0972-4261-99B3-226B15F00B33,2026-09-16 10:01:44.890,
10DD83C9-DE49-4D38-BF63-C470F9E07194,C36649,20260915,OT1_5,0,2,70FC22FC-0972-4261-99B3-226B15F00B33,2026-09-16 09:59:31.543,
B984338F-058A-4D2A-B961-DA1D98C228C8,C36653,20260914,OT1_5,0,2,70FC22FC-0972-4261-99B3-226B15F00B33,2026-09-15 17:21:03.647,
B0AA5506-F870-40CA-9202-9F1B4FBA0FD4,C36653,20260915,OT1_5,0,2,70FC22FC-0972-4261-99B3-226B15F00B33,2026-09-16 09:59:38.770,
18F142DD-EF85-4273-853A-17A6F8B9FD61,C36654,20260914,OT1_5,0,2,70FC22FC-0972-4261-99B3-226B15F00B33,2026-09-15 17:21:00.057,
2FA9DCD3-C051-48F5-965C-1CE26263DF59,C36654,20260915,OT1_5,0,2,70FC22FC-0972-4261-99B3-226B15F00B33,2026-09-16 09:59:36.893,
9169DE70-4E82-4C44-A6E1-EBDAFF94EAFF,C36655,20260914,OT1_5,0,2,70FC22FC-0972-4261-99B3-226B15F00B33,2026-09-15 17:20:49.600,
2D332AB9-7941-4DBE-A57C-8DF68733CA83,C36655,20260915,OT1_5,0,2,70FC22FC-0972-4261-99B3-226B15F00B33,2026-09-16 09:59:32.310,
47118147-ECC6-4C8E-8966-82235B97BFAB,C36656,20260914,OT1_5,0,2,70FC22FC-0972-4261-99B3-226B15F00B33,2026-09-15 17:20:52.207,
DE8C3BCE-470A-4195-89C7-8D9E4C30C92D,C36656,20260915,OT1_5,0,2,70FC22FC-0972-4261-99B3-226B15F00B33,2026-09-16 09:59:34.613,
A1E8C139-B8AF-4B0E-8D2B-DAF5892ED4CE,C36657,20260914,OT1_5,0,2,70FC22FC-0972-4261-99B3-226B15F00B33,2026-09-15 17:20:51.450,
2EAB2D32-29BA-460F-A3E9-0FF6D88F725E,C36657,20260915,OT1_5,0,2,70FC22FC-0972-4261-99B3-226B15F00B33,2026-09-16 09:59:38.413,
3F1C7994-9D99-4CD7-A2B2-A3CD3ABEFAC3,C36660,20260914,OT1_5,0,2,70FC22FC-0972-4261-99B3-226B15F00B33,2026-09-15 17:21:04.360,
0251555C-7321-4262-8653-685A53F3A7FA,C36661,20260914,OT1_5,0,2,70FC22FC-0972-4261-99B3-226B15F00B33,2026-09-15 17:21:04.037,
343E18B1-2444-4395-8466-703B49C23EDF,C36661,20260915,OT1_5,0,2,70FC22FC-0972-4261-99B3-226B15F00B33,2026-09-16 09:59:39.627,
814F3BB7-8E05-4BA5-94FC-76FD6DCE3434,C36662,20260914,OT1_5,0,2,70FC22FC-0972-4261-99B3-226B15F00B33,2026-09-15 17:23:17.323,
D01C1D51-1C8B-4060-A425-CAE1FA93F1CF,C36662,20260915,OT1_5,0,2,70FC22FC-0972-4261-99B3-226B15F00B33,2026-09-16 10:01:56.240,
5ECCAA07-9C12-47C9-A539-F23CE5D3EC8C,C36664,20260915,OT1_5,0,2,70FC22FC-0972-4261-99B3-226B15F00B33,2026-09-16 10:01:50.360,
ECF70D8A-7354-4FF7-834D-3524AA8F2752,C36665,20260914,OT1_5,0,2,70FC22FC-0972-4261-99B3-226B15F00B33,2026-09-15 17:23:05.770,
2DBD005B-035A-4FB5-AD7B-A2517AD0E321,C36665,20260915,OT1_5,0,2,70FC22FC-0972-4261-99B3-226B15F00B33,2026-09-16 10:01:46.970,
45FC30BC-1B39-4D40-9C51-F75D2D4110DA,C36666,20260914,OT1_5,0,2,70FC22FC-0972-4261-99B3-226B15F00B33,2026-09-15 17:23:07.930,
BF7FC572-B8DF-47B5-824B-268A9C89A3BF,C36666,20260915,OT1_5,0,2,70FC22FC-0972-4261-99B3-226B15F00B33,2026-09-16 10:01:48.697,
87C87A71-8833-4F6D-8D1E-1A6CAA67108C,C36667,20260914,OT1_5,0,2,70FC22FC-0972-4261-99B3-226B15F00B33,2026-09-15 17:23:05.760,
87E27ADF-71C9-41BA-B547-3F983A05E378,C36668,20260914,OT1_5,0,2,70FC22FC-0972-4261-99B3-226B15F00B33,2026-09-15 17:23:06.683,
6E9CB29B-2279-497C-A869-81ED0EAEC6FE,C36668,20260915,OT1_5,0,2,70FC22FC-0972-4261-99B3-226B15F00B33,2026-09-16 10:01:46.880,
33819A05-2A0F-4C9E-816E-A387547829D7,C36670,20260914,OT1_5,0,2,70FC22FC-0972-4261-99B3-226B15F00B33,2026-09-15 17:21:35.400,
DB809EDD-50E7-4A40-8D9C-BA9654A67CAE,C36670,20260915,OT1_5,0,2,70FC22FC-0972-4261-99B3-226B15F00B33,2026-09-16 10:00:13.513,
501F6679-88B6-4E42-8319-06725FA28D8C,C36671,20260914,OT1_5,0,2,70FC22FC-0972-4261-99B3-226B15F00B33,2026-09-15 17:23:12.503,
AEE8597A-8292-412E-954C-66DC478C2BED,C36672,20260914,OT1_5,0,2,70FC22FC-0972-4261-99B3-226B15F00B33,2026-09-15 17:23:03.790,
B1B23C65-EE63-4714-B66D-7C0A9725E416,C36677,20260914,OT1_5,0,2,70FC22FC-0972-4261-99B3-226B15F00B33,2026-09-15 17:23:08.127,
79A210B1-9D1D-478C-9234-F5E42600A49D,C36677,20260915,OT1_5,0,2,70FC22FC-0972-4261-99B3-226B15F00B33,2026-09-16 10:01:48.727,
07DB1FB0-DB55-454E-B3EF-078363770981,C36679,20260914,OT1_5,0,2,70FC22FC-0972-4261-99B3-226B15F00B33,2026-09-15 17:18:00.407,
717A8698-F982-4B9F-9BA3-9F4E3F84DB48,C36679,20260915,OT1_5,0,2,70FC22FC-0972-4261-99B3-226B15F00B33,2026-09-16 09:56:52.810,
324949A5-1607-458D-86EE-103EBB8C0B12,C36680,20260914,OT1_5,0,2,70FC22FC-0972-4261-99B3-226B15F00B33,2026-09-15 17:18:03.117,
39EEB041-9689-4E9B-9838-4DB29060E212,C36681,20260915,OT1_5,0,2,70FC22FC-0972-4261-99B3-226B15F00B33,2026-09-16 09:56:55.970,
FAA231C1-3542-41AD-B221-274D924AE1C7,C36682,20260915,OT1_5,0,2,70FC22FC-0972-4261-99B3-226B15F00B33,2026-09-16 09:56:56.303,
17D9303B-6943-4B23-A74E-382697FE50C6,C36683,20260914,OT1_5,0,2,70FC22FC-0972-4261-99B3-226B15F00B33,2026-09-15 17:21:35.027,
CA5D5713-C945-46FB-BA12-6F3FCCBDF1F3,C36683,20260915,OT1_5,0,2,70FC22FC-0972-4261-99B3-226B15F00B33,2026-09-16 10:00:12.047,
D503B890-A5E2-4AF3-AEE6-2A5A80456839,C36685,20260914,OT1_5,0,2,70FC22FC-0972-4261-99B3-226B15F00B33,2026-09-15 17:23:06.767,
CC065439-7110-4220-A09B-36548AB92CEE,C36685,20260915,OT1_5,0,2,70FC22FC-0972-4261-99B3-226B15F00B33,2026-09-16 10:01:43.263,
C24AE5FD-CBC7-4C4E-9F4B-686F773DB41D,C36686,20260914,OT1_5,0,2,70FC22FC-0972-4261-99B3-226B15F00B33,2026-09-15 17:21:34.993,
C3838357-A034-452C-BFFF-AFE9B7F15B0A,C36687,20260914,OT1_5,0,2,70FC22FC-0972-4261-99B3-226B15F00B33,2026-09-15 17:21:34.817,
4208CABA-9FCC-4C80-BB04-E8B4651E3BAA,C36687,20260915,OT1_5,0,2,70FC22FC-0972-4261-99B3-226B15F00B33,2026-09-16 10:00:14.003,
233BF6C1-4304-44A8-979D-EDF8B33FC218,C36688,20260915,OT1_5,0,2,70FC22FC-0972-4261-99B3-226B15F00B33,2026-09-16 10:00:11.857,
0864BAA4-24D0-410C-9D88-CA5FB585974A,C36690,20260914,OT1_5,0,2,70FC22FC-0972-4261-99B3-226B15F00B33,2026-09-15 17:23:09.167,
D9E0FF2A-6CBB-4C18-87D6-C01014BB2A12,C36690,20260915,OT1_5,0,2,70FC22FC-0972-4261-99B3-226B15F00B33,2026-09-16 10:01:51.913,
5A19C30C-E174-4E14-A76D-A9A65AC75A2E,C36693,20260914,OT1_5,0,2,70FC22FC-0972-4261-99B3-226B15F00B33,2026-09-15 17:16:58.837,
E37BCFCE-D695-468B-9D0C-442221856995,C36693,20260915,OT1_5,0,2,70FC22FC-0972-4261-99B3-226B15F00B33,2026-09-16 09:56:11.570,
6C826BFB-6B22-4D4A-BEB0-33817A105E08,C36694,20260914,OT1_5,0,2,70FC22FC-0972-4261-99B3-226B15F00B33,2026-09-15 17:21:35.347,
1408CA2B-9E82-42BA-9B4A-87F58C03CA55,C36697,20260914,OT1_5,0,2,70FC22FC-0972-4261-99B3-226B15F00B33,2026-09-15 17:23:13.080,
722D20BA-5AA8-497C-9CDD-3918EAA687D0,C36697,20260915,OT1_5,0,2,70FC22FC-0972-4261-99B3-226B15F00B33,2026-09-16 10:01:52.357,
5E430F7B-D7D8-4C4F-8E4F-7745083F77A5,C36698,20260914,OT1_5,0,2,70FC22FC-0972-4261-99B3-226B15F00B33,2026-09-15 17:23:15.817,
B6D748E2-CFD9-4E5E-ADA4-E42F805DCD9E,C36698,20260915,OT1_5,0,2,70FC22FC-0972-4261-99B3-226B15F00B33,2026-09-16 10:01:56.137,
81EEF38D-D506-46B4-BBFD-B1605A9FA52C,C36703,20260914,OT1_5,0,2,70FC22FC-0972-4261-99B3-226B15F00B33,2026-09-15 17:23:09.637,
F9DC9A13-F5B0-4F41-8A5B-84697F24F000,C36703,20260915,OT1_5,0,2,70FC22FC-0972-4261-99B3-226B15F00B33,2026-09-16 10:01:51.017,
62AB96BD-18C3-46FE-B879-5F4C2ADBD136,C36705,20260914,OT1_5,0,2,70FC22FC-0972-4261-99B3-226B15F00B33,2026-09-15 17:20:59.367,
C7CEE570-8FF1-4C1C-B016-DF61B5EF5527,C36706,20260914,OT1_5,0,2,70FC22FC-0972-4261-99B3-226B15F00B33,2026-09-15 17:20:59.470,
754AD7A8-04BC-4B9D-BE8F-B09D72CC3E3D,C36708,20260915,OT1_5,0,2,70FC22FC-0972-4261-99B3-226B15F00B33,2026-09-16 09:59:39.167,
850986E8-CED3-4716-B0A4-A4AE4CA08A66,C36712,20260914,OT1_5,0,2,70FC22FC-0972-4261-99B3-226B15F00B33,2026-09-15 17:20:44.503,
19867E2B-9A40-4F41-8874-99CF3B8A3F4D,C36712,20260915,OT1_5,0,2,70FC22FC-0972-4261-99B3-226B15F00B33,2026-09-16 09:59:30.747,
BA4B2D6B-2047-4F8F-987D-F69C95D56EFF,C36713,20260914,OT1_5,0,2,70FC22FC-0972-4261-99B3-226B15F00B33,2026-09-15 17:20:48.470,
F95E9364-91C5-42E0-B10C-E3AAFB1A55A7,C36713,20260915,OT1_5,0,2,70FC22FC-0972-4261-99B3-226B15F00B33,2026-09-16 09:59:33.620,
343CD55E-EB6F-4755-8282-53366ED93344,C36714,20260914,OT1_5,0,2,70FC22FC-0972-4261-99B3-226B15F00B33,2026-09-15 17:18:58.197,
09194B5E-C034-4855-8011-4D7D11D2BFA6,C36714,20260915,OT1_5,0,2,70FC22FC-0972-4261-99B3-226B15F00B33,2026-09-16 09:57:40.040,
E8A86A9B-D36A-4EC5-BDDF-F3A1C2152BA0,C36716,20260914,OT1_5,0,2,70FC22FC-0972-4261-99B3-226B15F00B33,2026-09-15 17:21:05.550,
D5CEE20E-D77E-40EA-9F82-095F0D3924A2,C36717,20260914,OT1_5,0,2,70FC22FC-0972-4261-99B3-226B15F00B33,2026-09-15 17:20:43.600,
36FEF960-C7B7-4EEC-A0B9-892EF133C87F,C36717,20260915,OT1_5,0,2,70FC22FC-0972-4261-99B3-226B15F00B33,2026-09-16 09:59:30.473,
3C275205-B58B-4F93-A2CD-38DF61204EF5,C36718,20260914,OT1_5,0,2,70FC22FC-0972-4261-99B3-226B15F00B33,2026-09-15 17:20:54.777,
C3293D48-E437-427D-8D59-F56D580A927C,C36720,20260914,OT1_5,0,2,70FC22FC-0972-4261-99B3-226B15F00B33,2026-09-15 17:21:03.280,
3D756701-01C2-4950-A748-5D80636540C9,C36720,20260915,OT1_5,0,2,70FC22FC-0972-4261-99B3-226B15F00B33,2026-09-16 09:59:34.020,
B3FC5ADF-2CB5-4B33-9851-D7BD301FA07B,C36721,20260914,OT1_5,0,2,70FC22FC-0972-4261-99B3-226B15F00B33,2026-09-15 17:20:41.983,
D0A21992-CC16-4E3B-9448-BD9FE32A4DB2,C36725,20260914,OT1_5,0,2,70FC22FC-0972-4261-99B3-226B15F00B33,2026-09-15 17:21:00.853,
105F3833-332D-48D4-82C4-CECF1A21719D,C36725,20260915,OT1_5,0,2,70FC22FC-0972-4261-99B3-226B15F00B33,2026-09-16 09:59:35.123,
BF220A91-3A08-4DFB-8EFF-B62BDF3FA38F,C36726,20260914,OT1_5,0,2,70FC22FC-0972-4261-99B3-226B15F00B33,2026-09-15 17:23:11.227,
8D6F8654-B2C1-429F-A057-114D2F79C3A3,C36726,20260915,OT1_5,0,2,70FC22FC-0972-4261-99B3-226B15F00B33,2026-09-16 10:01:50.217,
369148F7-BC25-463F-A03D-EBDC195D20E1,C36729,20260914,OT1_5,0,2,70FC22FC-0972-4261-99B3-226B15F00B33,2026-09-15 17:20:47.487,
8DDBB9C3-97C0-4EA1-A7D5-33AF584922F8,C36730,20260914,OT1_5,0,2,70FC22FC-0972-4261-99B3-226B15F00B33,2026-09-15 17:21:04.503,
4C1CD3B9-5663-4CB3-8EA0-B3EF71CE640D,C36730,20260915,OT1_5,0,2,70FC22FC-0972-4261-99B3-226B15F00B33,2026-09-16 09:59:40.590,
FFA01FFC-EB23-4790-8BA9-4399D51CD353,C36731,20260914,OT1_5,0,2,70FC22FC-0972-4261-99B3-226B15F00B33,2026-09-15 17:21:01.980,
B9D65614-0E27-4603-B2D0-13C7136FDB0E,C36732,20260914,OT1_5,0,2,70FC22FC-0972-4261-99B3-226B15F00B33,2026-09-15 17:20:57.340,
5B5F16C3-1828-45FC-ADC7-3493594454E5,C36735,20260914,OT1_5,0,2,70FC22FC-0972-4261-99B3-226B15F00B33,2026-09-15 17:20:53.443,
6163D91C-FAA1-4536-A28A-564FEC93D15B,C36735,20260915,OT1_5,0,2,70FC22FC-0972-4261-99B3-226B15F00B33,2026-09-16 09:59:38.170,
DCE62CB6-DD75-4F58-B66C-D7B3FA30F670,C36738,20260914,OT1_5,0,2,70FC22FC-0972-4261-99B3-226B15F00B33,2026-09-15 17:21:02.750,
A313F62F-3ADB-468F-8141-BEFE29B3DCEB,C36740,20260914,OT1_5,0,2,70FC22FC-0972-4261-99B3-226B15F00B33,2026-09-15 17:20:47.173,
B7419D6B-4432-4612-9092-A74787F8BD31,C36742,20260914,OT1_5,0,2,70FC22FC-0972-4261-99B3-226B15F00B33,2026-09-15 17:21:02.507,
8028F246-1BD4-4142-98D5-FD8EB0068602,C36742,20260915,OT1_5,0,2,70FC22FC-0972-4261-99B3-226B15F00B33,2026-09-16 09:59:38.657,
1B61666E-5A3B-44E0-98F7-E60A864C0F87,C36744,20260915,OT1_5,0,2,70FC22FC-0972-4261-99B3-226B15F00B33,2026-09-16 09:59:40.183,
4C2212FC-18E5-441C-AD5E-660C449A23E4,C36745,20260914,OT1_5,0,2,70FC22FC-0972-4261-99B3-226B15F00B33,2026-09-15 17:20:57.280,
578BEB3E-03C4-44F4-AE5D-D91B9FAFA582,C36745,20260915,OT1_5,0,2,70FC22FC-0972-4261-99B3-226B15F00B33,2026-09-16 09:59:38.790,
CAE126B5-43D5-44DF-AD09-ED8F4358A821,C36746,20260914,OT1_5,0,2,70FC22FC-0972-4261-99B3-226B15F00B33,2026-09-15 17:20:57.273,
4E99B48D-C0E2-4B93-83CF-F5E484D5C19C,C36746,20260915,OT1_5,0,2,70FC22FC-0972-4261-99B3-226B15F00B33,2026-09-16 09:59:38.123,
5C7B0A2F-1044-4893-BC27-15499528F1FC,C36747,20260914,OT1_5,0,2,70FC22FC-0972-4261-99B3-226B15F00B33,2026-09-15 17:20:57.180,
E5612CDC-146A-4A7A-ADC1-7EEFE3AD3CE5,C36747,20260915,OT1_5,0,2,70FC22FC-0972-4261-99B3-226B15F00B33,2026-09-16 09:59:38.093,
E1E7D7AD-851E-456C-A6F6-35B049D7DC71,C36748,20260914,OT1_5,0,2,70FC22FC-0972-4261-99B3-226B15F00B33,2026-09-15 17:23:15.427,
5C7332D4-DD18-4A45-A82F-32E0D1F5D8F3,C36748,20260915,OT1_5,0,2,70FC22FC-0972-4261-99B3-226B15F00B33,2026-09-16 10:01:54.890,
324E464E-0FC3-4880-AD4A-636783F1D13F,C36750,20260914,OT1_5,0,2,70FC22FC-0972-4261-99B3-226B15F00B33,2026-09-15 17:18:02.823,
F0CBFC99-A5E7-48C7-A42D-31A4043687A9,C36751,20260914,OT1_5,0,2,70FC22FC-0972-4261-99B3-226B15F00B33,2026-09-15 17:17:53.847,
7EA1B7D9-EDF4-43EB-B1FD-83AA2C77C7EF,C36752,20260914,OT1_5,0,2,70FC22FC-0972-4261-99B3-226B15F00B33,2026-09-15 17:18:03.363,
80E03FCF-5548-4DD3-924F-B83EABD60725,C36752,20260915,OT1_5,0,2,70FC22FC-0972-4261-99B3-226B15F00B33,2026-09-16 09:56:54.750,
F11BE45F-5FA5-4B0B-BAC7-83E5149517D4,C36753,20260914,OT1_5,0,2,70FC22FC-0972-4261-99B3-226B15F00B33,2026-09-15 17:17:54.163,
A5581605-3E30-4ACD-8422-5E10FE05DE3E,C36755,20260914,OT1_5,0,2,70FC22FC-0972-4261-99B3-226B15F00B33,2026-09-15 17:18:00.243,
87A58B3C-A940-4094-A4DF-EE300943C1F2,C36757,20260914,OT1_5,0,2,70FC22FC-0972-4261-99B3-226B15F00B33,2026-09-15 17:17:56.417,
8130FC4E-E780-4173-91D5-36DA788A6ABC,C36760,20260914,OT1_5,0,2,70FC22FC-0972-4261-99B3-226B15F00B33,2026-09-15 17:21:35.067,
AFDEB2DD-1D65-4942-9FE3-732D83BC9030,C36760,20260915,OT1_5,0,2,70FC22FC-0972-4261-99B3-226B15F00B33,2026-09-16 10:00:13.727,
E7BF81E4-D8D8-4080-AC39-2A596974AFB5,C36763,20260914,OT1_5,0,2,70FC22FC-0972-4261-99B3-226B15F00B33,2026-09-15 17:18:06.980,
4D19A951-52FF-4570-88BB-71B7F2343E1A,C36763,20260915,OT1_5,0,2,70FC22FC-0972-4261-99B3-226B15F00B33,2026-09-16 09:56:57.220,
2358356A-F097-45A9-A3FE-406334C038EF,C36764,20260914,OT1_5,0,2,70FC22FC-0972-4261-99B3-226B15F00B33,2026-09-15 17:23:04.300,
0394DA6A-A50E-4DA1-AAA3-A153C16451CB,C36764,20260915,OT1_5,0,2,70FC22FC-0972-4261-99B3-226B15F00B33,2026-09-16 10:01:44.810,
54C982ED-7772-4860-BF6E-86C6D33FF708,C36765,20260914,OT1_5,0,2,70FC22FC-0972-4261-99B3-226B15F00B33,2026-09-15 17:23:08.057,
38F5E1B5-9183-41F7-A5B3-8AB1907C4030,C36765,20260915,OT1_5,0,2,70FC22FC-0972-4261-99B3-226B15F00B33,2026-09-16 10:01:49.110,
31B4CB84-6C89-4C82-A9F0-274FCD389DA3,C36768,20260914,OT1_5,0,1.5,70FC22FC-0972-4261-99B3-226B15F00B33,2026-09-15 17:23:00.890,
9C6F12A6-CC8D-4618-AC93-D97EE698E2F1,C36768,20260915,OT1_5,0,1.5,70FC22FC-0972-4261-99B3-226B15F00B33,2026-09-16 10:01:57.040,
32DB3977-8E84-4DDC-AB46-12293FB2D425,C36769,20260914,OT1_5,0,2,70FC22FC-0972-4261-99B3-226B15F00B33,2026-09-15 17:17:55.933,
93F877CE-F8C0-46E7-9D7E-D9227E4D6D60,C36770,20260914,OT1_5,0,2,70FC22FC-0972-4261-99B3-226B15F00B33,2026-09-15 17:18:06.287,
74DF22C7-ECCE-4E4D-AB8B-0B8687E9A95A,C36770,20260915,OT1_5,0,2,70FC22FC-0972-4261-99B3-226B15F00B33,2026-09-16 09:56:55.910,
1D230CC9-19EC-4291-ADEE-D20C6759F794,C36771,20260914,OT1_5,0,2,70FC22FC-0972-4261-99B3-226B15F00B33,2026-09-15 17:20:54.880,
894B0D54-6DEE-4C02-ABAB-C82DB6863630,C36771,20260915,OT1_5,0,2,70FC22FC-0972-4261-99B3-226B15F00B33,2026-09-16 09:59:34.363,
E188B54B-4639-48AC-A8EE-0E8C4121568F,C36772,20260914,OT1_5,0,2,70FC22FC-0972-4261-99B3-226B15F00B33,2026-09-15 17:21:02.073,
36F18916-0C5C-4CA7-AEE1-8EFDE119599E,C36772,20260915,OT1_5,0,2,70FC22FC-0972-4261-99B3-226B15F00B33,2026-09-16 09:59:39.423,
39D64C1C-9E8A-4CAB-8612-C348B8F0A61F,C36773,20260914,OT1_5,0,2,70FC22FC-0972-4261-99B3-226B15F00B33,2026-09-15 17:20:58.717,
97F70FF5-B028-46EB-A15E-BDE6730A8E4F,C36774,20260914,OT1_5,0,2,70FC22FC-0972-4261-99B3-226B15F00B33,2026-09-15 17:21:02.120,
ED29B927-C547-4689-9C56-042301BF3399,C36774,20260915,OT1_5,0,2,70FC22FC-0972-4261-99B3-226B15F00B33,2026-09-16 09:59:37.410,
923119E3-8C84-4ECB-AEE4-B4953ACC74C6,C36776,20260914,OT1_5,0,2,70FC22FC-0972-4261-99B3-226B15F00B33,2026-09-15 17:20:52.447,
1068B8E7-970B-4853-A798-4169A3495681,C36776,20260915,OT1_5,0,2,70FC22FC-0972-4261-99B3-226B15F00B33,2026-09-16 09:59:34.123,
E34189B4-4563-464E-BD8B-3F3D41F3112F,C36777,20260914,OT1_5,0,2,70FC22FC-0972-4261-99B3-226B15F00B33,2026-09-15 17:21:02.137,
ABE14218-B896-4E90-A2D3-F153DF36D145,C36777,20260915,OT1_5,0,2,70FC22FC-0972-4261-99B3-226B15F00B33,2026-09-16 09:59:40.467,
1B06621B-03E9-4A35-B919-3230B8C7F8BF,C36779,20260914,OT1_5,0,2,70FC22FC-0972-4261-99B3-226B15F00B33,2026-09-15 17:20:39.833,
7F182190-D53D-4C32-A4B8-57773DD77BEB,C36779,20260915,OT1_5,0,4,70FC22FC-0972-4261-99B3-226B15F00B33,2026-09-16 09:59:41.090,
9B0669F1-0AEE-4F41-835A-3AF102C640C6,C36780,20260914,OT1_5,0,2,70FC22FC-0972-4261-99B3-226B15F00B33,2026-09-15 17:20:46.310,
7BBC60F5-BCC7-460A-A7F7-B299B7A2B0A0,C36780,20260915,OT1_5,0,2,70FC22FC-0972-4261-99B3-226B15F00B33,2026-09-16 09:59:30.560,
A8B3CB63-8F2F-4962-AD94-A91E1F4C8816,C36783,20260914,OT1_5,0,2,70FC22FC-0972-4261-99B3-226B15F00B33,2026-09-15 17:20:44.980,
A973539B-2092-480D-8D7A-7DD6BC49A173,C36783,20260915,OT1_5,0,2,70FC22FC-0972-4261-99B3-226B15F00B33,2026-09-16 09:59:30.617,
9B57B2AE-DB80-434D-BF56-47C1DF0EBA01,C36785,20260914,OT1_5,0,2,70FC22FC-0972-4261-99B3-226B15F00B33,2026-09-15 17:18:06.523,
F82E5090-48DF-4129-92C6-296BC20E84AB,C36787,20260915,OT1_5,0,1.5,70FC22FC-0972-4261-99B3-226B15F00B33,2026-09-16 09:59:28.420,
0AD8E7B5-4148-4C73-9A0E-7A2C721C9FDC,C36788,20260914,OT1_5,0,2,70FC22FC-0972-4261-99B3-226B15F00B33,2026-09-15 17:20:57.087,
E943CEC7-6781-402E-877D-AC6C978B0CB1,C36788,20260915,OT1_5,0,2,70FC22FC-0972-4261-99B3-226B15F00B33,2026-09-16 09:59:37.750,
C11F93D3-69B9-4470-A8B2-CB87570FF3F5,C36789,20260914,OT1_5,0,2,70FC22FC-0972-4261-99B3-226B15F00B33,2026-09-15 17:21:35.390,
7BA0DB79-F845-4036-8972-1BF9041C1C83,C36789,20260915,OT1_5,0,2,70FC22FC-0972-4261-99B3-226B15F00B33,2026-09-16 10:00:14.033,
B86AB51F-5CB9-4E34-9B61-C2065EF970FC,C36790,20260914,OT1_5,0,2,70FC22FC-0972-4261-99B3-226B15F00B33,2026-09-15 17:23:09.690,
34535688-ED47-4960-98F6-1BBC30AA9390,C36790,20260915,OT1_5,0,2,70FC22FC-0972-4261-99B3-226B15F00B33,2026-09-16 10:01:53.037,
478C09C0-4D56-4BB5-AAFA-E56DF495641E,C36791,20260914,OT1_5,0,2,70FC22FC-0972-4261-99B3-226B15F00B33,2026-09-15 17:18:01.223,
46AEF2D5-760A-44A4-8E99-85B92D312519,C36795,20260914,OT1_5,0,2,70FC22FC-0972-4261-99B3-226B15F00B33,2026-09-15 17:20:42.977,
D931570E-AC8B-42D0-BD45-3358848A90C5,C36796,20260914,OT1_5,0,2,70FC22FC-0972-4261-99B3-226B15F00B33,2026-09-15 17:20:53.693,
AB75D64D-99C2-42CF-A08C-4AD3B587F9DF,C36797,20260914,OT1_5,0,2,70FC22FC-0972-4261-99B3-226B15F00B33,2026-09-15 17:21:00.100,
069FE923-0EDC-473D-8B7A-C3EE0A6DFD53,C36798,20260914,OT1_5,0,2,70FC22FC-0972-4261-99B3-226B15F00B33,2026-09-15 17:21:03.473,
D4F3AA48-2D3A-40CB-9422-1019F59AE51D,C36798,20260915,OT1_5,0,2,70FC22FC-0972-4261-99B3-226B15F00B33,2026-09-16 09:59:32.480,
76CB3358-3BE9-41AA-BEC8-D89B84D932B5,C36799,20260914,OT1_5,0,2,70FC22FC-0972-4261-99B3-226B15F00B33,2026-09-15 17:20:53.730,
C88C13D9-EFDA-4FB1-A9DF-58B80E029D3F,C36799,20260915,OT1_5,0,2,70FC22FC-0972-4261-99B3-226B15F00B33,2026-09-16 09:59:36.427,
09BC9725-5759-4C51-AEBD-60466758EF6A,C36802,20260914,OT1_5,0,2,70FC22FC-0972-4261-99B3-226B15F00B33,2026-09-15 17:21:02.237,
9D0E465E-1C84-4ADB-82B6-660C7BFB7FC5,C36803,20260914,OT1_5,0,2,70FC22FC-0972-4261-99B3-226B15F00B33,2026-09-15 17:20:57.037,
C8CBB9C1-0EA9-469F-BD41-7A0BF3C4BD67,C36803,20260915,OT1_5,0,2,70FC22FC-0972-4261-99B3-226B15F00B33,2026-09-16 09:59:34.763,
9BCD46EE-E93B-4468-8C21-7F4EA2B329F3,C36804,20260915,OT1_5,0,2,70FC22FC-0972-4261-99B3-226B15F00B33,2026-09-16 09:59:33.090,
ABD92B90-4045-402D-A550-BC95DD8E23C0,C36807,20260914,OT1_5,0,2,70FC22FC-0972-4261-99B3-226B15F00B33,2026-09-15 17:20:47.903,
B5DD348D-1D96-442B-BEE5-512EF3425E71,C36807,20260915,OT1_5,0,2,70FC22FC-0972-4261-99B3-226B15F00B33,2026-09-16 09:59:35.573,
87159B8C-89B8-4E10-A8FD-1372CB019C7D,C36808,20260914,OT1_5,0,2,70FC22FC-0972-4261-99B3-226B15F00B33,2026-09-15 17:20:59.027,
3338021E-D21C-4909-8A59-3139FA0A9E5D,C36808,20260915,OT1_5,0,2,70FC22FC-0972-4261-99B3-226B15F00B33,2026-09-16 09:59:39.040,
D2BD322A-72D4-435C-BF7F-1A5629866BE3,C36809,20260914,OT1_5,0,2,70FC22FC-0972-4261-99B3-226B15F00B33,2026-09-15 17:20:47.950,
7763671A-A60A-4FFA-8EBC-163ED8E411F7,C36809,20260915,OT1_5,0,2,70FC22FC-0972-4261-99B3-226B15F00B33,2026-09-16 09:59:35.193,
8F7C3A1B-F9EE-420A-A63C-84A27CFC29C1,C36810,20260915,OT1_5,0,2,70FC22FC-0972-4261-99B3-226B15F00B33,2026-09-16 09:59:30.643,
7061CDEE-DB7E-47D7-BE58-28D020E150F4,C36811,20260914,OT1_5,0,2,70FC22FC-0972-4261-99B3-226B15F00B33,2026-09-15 17:20:46.790,
7159218C-5279-4DD3-AAC2-F41C72D7FA7C,C36812,20260914,OT1_5,0,2,70FC22FC-0972-4261-99B3-226B15F00B33,2026-09-15 17:20:56.010,
76D8C8D6-9593-4F81-9852-8899CC734428,C36812,20260915,OT1_5,0,2,70FC22FC-0972-4261-99B3-226B15F00B33,2026-09-16 09:59:36.110,
A518E3B2-62B3-49CD-8290-B6C140D5950E,C36813,20260914,OT1_5,0,2,70FC22FC-0972-4261-99B3-226B15F00B33,2026-09-15 17:20:53.830,
B12670BD-788C-4044-BB1B-82F624AE168B,C36813,20260915,OT1_5,0,2,70FC22FC-0972-4261-99B3-226B15F00B33,2026-09-16 09:59:35.247,
0DD53B88-C75D-4B10-BD86-321825E8B286,C36814,20260914,OT1_5,0,2,70FC22FC-0972-4261-99B3-226B15F00B33,2026-09-15 17:23:16.577,
1D342024-44C4-4903-94E7-8A10EE3D7399,C36814,20260915,OT1_5,0,2,70FC22FC-0972-4261-99B3-226B15F00B33,2026-09-16 10:01:55.190,
AAD676D3-FE4E-4ED2-839D-4596929CC0BE,C36820,20260914,OT1_5,0,4,70FC22FC-0972-4261-99B3-226B15F00B33,2026-09-15 17:23:19.077,
2D2C7CBE-784B-4223-B54B-2F66526E9788,C36820,20260915,OT1_5,0,2,70FC22FC-0972-4261-99B3-226B15F00B33,2026-09-16 10:01:48.787,
864790F9-294A-4CF7-BF83-DD4CB6E5913A,C36821,20260914,OT1_5,0,2,70FC22FC-0972-4261-99B3-226B15F00B33,2026-09-15 17:23:14.380,
7791020F-ACCA-4479-969E-6D233C52CFC5,C36821,20260915,OT1_5,0,2,70FC22FC-0972-4261-99B3-226B15F00B33,2026-09-16 10:01:53.870,
90D5F555-533F-4974-992A-1BA05FF13209,C36822,20260914,OT1_5,0,2,70FC22FC-0972-4261-99B3-226B15F00B33,2026-09-15 17:21:36.323,
F609A243-7F79-40EE-BCA5-7416D5D677E8,C36822,20260915,OT1_5,0,2,70FC22FC-0972-4261-99B3-226B15F00B33,2026-09-16 10:00:13.070,
11E13FB6-B43C-429F-ABE9-7726D45C3C7A,C36823,20260914,OT1_5,0,2,70FC22FC-0972-4261-99B3-226B15F00B33,2026-09-15 17:20:47.520,
9BD733AE-2580-413E-B406-410918544563,C36823,20260915,OT1_5,0,2,70FC22FC-0972-4261-99B3-226B15F00B33,2026-09-16 09:59:31.640,
6DEBB846-B65B-4FD0-BAD3-511C0C2EB15B,C36824,20260914,OT1_5,0,2,70FC22FC-0972-4261-99B3-226B15F00B33,2026-09-15 17:20:39.993,
4F7B8105-95F5-410E-A6A5-5F2308EE8EC1,C36824,20260915,OT1_5,0,2,70FC22FC-0972-4261-99B3-226B15F00B33,2026-09-16 09:59:38.213,
F58A33EC-A922-4E4C-87AD-F6C62C2CA494,C36825,20260914,OT1_5,0,2,70FC22FC-0972-4261-99B3-226B15F00B33,2026-09-15 17:21:01.187,
C3B1CAD4-E678-463C-B06C-612DF9BA4FEC,C36825,20260915,OT1_5,0,2,70FC22FC-0972-4261-99B3-226B15F00B33,2026-09-16 09:59:40.750,
8A2014A1-022B-4626-9314-061895643457,C36827,20260914,OT1_5,0,2,70FC22FC-0972-4261-99B3-226B15F00B33,2026-09-15 17:21:03.540,
A76E94E8-572B-4F18-A84E-81F208927927,C36827,20260915,OT1_5,0,2,70FC22FC-0972-4261-99B3-226B15F00B33,2026-09-16 09:59:40.740,
542CE744-7B79-4973-B710-9CE4546C4644,C36828,20260914,OT1_5,0,2,70FC22FC-0972-4261-99B3-226B15F00B33,2026-09-15 17:20:50.560,
22461571-E84D-4794-9EFB-6A7E5B884CCF,C36828,20260915,OT1_5,0,2,70FC22FC-0972-4261-99B3-226B15F00B33,2026-09-16 09:59:39.177,
E69E91C8-889F-43ED-9E6C-D3E0F89BF19A,C36830,20260914,OT1_5,0,2,70FC22FC-0972-4261-99B3-226B15F00B33,2026-09-15 17:21:04.020,
26CA7636-D3E2-48DF-A770-200A2F33CD07,C36830,20260915,OT1_5,0,2,70FC22FC-0972-4261-99B3-226B15F00B33,2026-09-16 09:59:40.997,
21B63AB6-B6F6-4486-92F6-3FE3C7D595DA,C36831,20260914,OT1_5,0,2,70FC22FC-0972-4261-99B3-226B15F00B33,2026-09-15 17:20:59.230,
17042ACF-35DF-45D5-B15C-8FDFE64F403F,C36831,20260915,OT1_5,0,2,70FC22FC-0972-4261-99B3-226B15F00B33,2026-09-16 09:59:36.153,
3246D87D-D82E-447E-93FF-65A30D911086,C36832,20260914,OT1_5,0,2,70FC22FC-0972-4261-99B3-226B15F00B33,2026-09-15 17:20:50.547,
EAB89136-D8ED-43DD-B636-3AD03509A733,C36832,20260915,OT1_5,0,2,70FC22FC-0972-4261-99B3-226B15F00B33,2026-09-16 09:59:35.277,
FC3AD66C-8CFD-4C15-9DF3-50F84833E8DE,C36833,20260914,OT1_5,0,2,70FC22FC-0972-4261-99B3-226B15F00B33,2026-09-15 17:21:03.983,
381F52B5-5730-46AA-9B99-202AD85E212F,C36833,20260915,OT1_5,0,2,70FC22FC-0972-4261-99B3-226B15F00B33,2026-09-16 09:59:35.003,
81677EC0-24B8-4057-B79C-8B5A6B17C06E,C36836,20260914,OT1_5,0,2,70FC22FC-0972-4261-99B3-226B15F00B33,2026-09-15 17:21:04.783,
185D3794-F091-4E03-B37F-33BF2474165E,C36836,20260915,OT1_5,0,2,70FC22FC-0972-4261-99B3-226B15F00B33,2026-09-16 09:59:40.240,
C1B63683-A12E-4094-95ED-1DAC5B7F6C52,C36837,20260914,OT1_5,0,1,70FC22FC-0972-4261-99B3-226B15F00B33,2026-09-15 17:21:06.707,
4D5C94D8-D7A3-460D-A914-A264AFF15044,C36838,20260914,OT1_5,0,2,70FC22FC-0972-4261-99B3-226B15F00B33,2026-09-15 17:20:53.863,
9ABAD43B-7414-4F77-9B6C-E7B4FBE78AD0,C36838,20260915,OT1_5,0,2,70FC22FC-0972-4261-99B3-226B15F00B33,2026-09-16 09:59:36.163,
BD1A2921-0D10-450D-BCE2-4B3220F79815,C36840,20260914,OT1_5,0,2,70FC22FC-0972-4261-99B3-226B15F00B33,2026-09-15 17:20:55.300,
796B60B4-0437-4330-A0BA-F654199C7325,C36840,20260915,OT1_5,0,2,70FC22FC-0972-4261-99B3-226B15F00B33,2026-09-16 09:59:36.173,
95DB3CF6-B835-44E4-9D25-9B481F45000B,C36844,20260914,OT1_5,0,2,70FC22FC-0972-4261-99B3-226B15F00B33,2026-09-15 17:17:56.083,
72512281-5DCD-47FF-941D-BD950702C1CC,C36844,20260915,OT1_5,0,2,70FC22FC-0972-4261-99B3-226B15F00B33,2026-09-16 09:56:53.840,
C92536AA-3144-4830-A1EC-B21248C9E79E,C36845,20260914,OT1_5,0,2,70FC22FC-0972-4261-99B3-226B15F00B33,2026-09-15 17:18:00.680,
EF9CC1FC-FE49-4E99-9EA7-3F7E2361EB63,C36846,20260914,OT1_5,0,2,70FC22FC-0972-4261-99B3-226B15F00B33,2026-09-15 17:17:57.543,
A683B414-8973-4E91-9A75-0E0804DCC783,C36847,20260914,OT1_5,0,2,70FC22FC-0972-4261-99B3-226B15F00B33,2026-09-15 17:18:02.413,
138ABFEC-F008-40AF-8816-F1E0DB50FCF1,C36848,20260914,OT1_5,0,2,70FC22FC-0972-4261-99B3-226B15F00B33,2026-09-15 17:18:02.333,
18F30405-03C0-4F31-8F80-0E887CFCAAD8,C36848,20260915,OT1_5,0,2,70FC22FC-0972-4261-99B3-226B15F00B33,2026-09-16 09:56:55.223,
4ED85BEE-1494-408F-BD03-A872B943706A,C36849,20260914,OT1_5,0,2,70FC22FC-0972-4261-99B3-226B15F00B33,2026-09-15 17:18:09.500,
4BB36FEC-E3C7-486B-A0FB-D9C53C7F7077,C36850,20260914,OT1_5,0,2,70FC22FC-0972-4261-99B3-226B15F00B33,2026-09-15 17:17:58.393,
E31F0318-725F-4FEF-8805-B2FCD78692C7,C36851,20260914,OT1_5,0,2,70FC22FC-0972-4261-99B3-226B15F00B33,2026-09-15 17:18:00.057,
D29FAD5F-199D-4F4D-BEC1-CE3535293921,C36851,20260915,OT1_5,0,2,70FC22FC-0972-4261-99B3-226B15F00B33,2026-09-16 09:56:57.320,
BB671919-F598-4BF7-B5E4-A3798ED3D69D,C36852,20260914,OT1_5,0,2,70FC22FC-0972-4261-99B3-226B15F00B33,2026-09-15 17:23:11.390,
77ECCFA7-D43A-456D-B801-46CF9FAD4226,C36852,20260915,OT1_5,0,2,70FC22FC-0972-4261-99B3-226B15F00B33,2026-09-16 10:01:50.757,
DB5859B2-A44D-4275-84DE-5B96543FF258,C36854,20260915,OT1_5,0,2,70FC22FC-0972-4261-99B3-226B15F00B33,2026-09-16 10:01:47.580,
61B2EACC-B224-4A92-ABAC-A83A09C32A75,C36855,20260914,OT1_5,0,2,70FC22FC-0972-4261-99B3-226B15F00B33,2026-09-15 17:23:09.280,
84DDFC4C-9560-4471-8F1A-672DE607C980,C36857,20260915,OT1_5,0,6,70FC22FC-0972-4261-99B3-226B15F00B33,2026-09-16 10:00:11.417,
594F45B9-A613-457D-83F2-81754A833C5D,C36858,20260914,OT1_5,0,2,70FC22FC-0972-4261-99B3-226B15F00B33,2026-09-15 17:23:10.633,
3F585F70-D771-4FEB-A16B-B01136BDE530,C36859,20260914,OT1_5,0,2,70FC22FC-0972-4261-99B3-226B15F00B33,2026-09-15 17:21:04.607,
72379229-2640-48F9-B42D-497A0BF0DF5B,C36859,20260915,OT1_5,0,2,70FC22FC-0972-4261-99B3-226B15F00B33,2026-09-16 09:59:38.750,
4CE095FC-5466-4537-96A1-F3ED0BE3B808,C36861,20260914,OT1_5,0,2,70FC22FC-0972-4261-99B3-226B15F00B33,2026-09-15 17:20:48.840,
17C4ED08-5872-43BA-80DE-C315156E538E,C36861,20260915,OT1_5,0,2,70FC22FC-0972-4261-99B3-226B15F00B33,2026-09-16 09:59:33.060,
37613F18-019D-468A-807C-DE33EECB6E2D,C36865,20260914,OT1_5,0,2,70FC22FC-0972-4261-99B3-226B15F00B33,2026-09-15 17:17:53.640,
AFFE8F2C-A406-4AEC-B6F8-A9C877F08275,C36867,20260914,OT1_5,0,2,70FC22FC-0972-4261-99B3-226B15F00B33,2026-09-15 17:17:54.230,
083D860D-9AB1-4ED4-8536-3D83EE0E4D38,C36867,20260915,OT1_5,0,1,70FC22FC-0972-4261-99B3-226B15F00B33,2026-09-16 09:56:52.513,
41B5F34C-7819-41ED-B85D-56DBABAEF756,C36868,20260914,OT1_5,0,2,70FC22FC-0972-4261-99B3-226B15F00B33,2026-09-15 17:17:53.463,
20B00684-5A1B-43BC-8305-B231324F95A2,C36869,20260914,OT1_5,0,2,70FC22FC-0972-4261-99B3-226B15F00B33,2026-09-15 17:23:03.177,
17B8E363-479A-46AF-84FA-B0FE6176800E,C36869,20260915,OT1_5,0,2,70FC22FC-0972-4261-99B3-226B15F00B33,2026-09-16 10:01:43.283,
4959DB0E-C8ED-4BF3-8F1B-395590105560,C36870,20260914,OT1_5,0,2,70FC22FC-0972-4261-99B3-226B15F00B33,2026-09-15 17:23:16.903,
0583B973-D86A-4D06-B531-ED9BBA12DD8B,C36870,20260915,OT1_5,0,2,70FC22FC-0972-4261-99B3-226B15F00B33,2026-09-16 10:01:53.803,
AE81FBE5-6772-4860-BE2F-DFAF5BF7C50E,C36871,20260914,OT1_5,0,2,70FC22FC-0972-4261-99B3-226B15F00B33,2026-09-15 17:23:12.167,
F3E8CD90-8E50-49A4-B5C7-886CDEF9CAC5,C36871,20260915,OT1_5,0,2,70FC22FC-0972-4261-99B3-226B15F00B33,2026-09-16 10:01:51.760,
6CFC657D-39D2-41FB-8218-DE2898DDD448,C36875,20260914,OT1_5,0,2,70FC22FC-0972-4261-99B3-226B15F00B33,2026-09-15 17:20:55.867,
A8122533-B562-4E0B-9C23-0D03F691E6B2,C36875,20260915,OT1_5,0,2,70FC22FC-0972-4261-99B3-226B15F00B33,2026-09-16 09:59:36.527,
7490BE1E-54B5-4693-B7FD-55BE0E4F983F,C36876,20260914,OT1_5,0,2,70FC22FC-0972-4261-99B3-226B15F00B33,2026-09-15 17:21:35.307,
F4B36E3F-31BC-4553-A3DF-2D2C00C172AF,C36876,20260915,OT1_5,0,2,70FC22FC-0972-4261-99B3-226B15F00B33,2026-09-16 10:00:13.697,
0B240565-56F8-4969-B05D-6CE5C068AB8E,C36877,20260914,OT1_5,0,2,70FC22FC-0972-4261-99B3-226B15F00B33,2026-09-15 17:21:35.550,
30C43C07-2382-4593-B5F1-61B5FAE871AF,C36877,20260915,OT1_5,0,2,70FC22FC-0972-4261-99B3-226B15F00B33,2026-09-16 10:00:14.020,
9C1F759B-86C9-40BF-8826-8B76D746E2B1,C36879,20260914,OT1_5,0,2,70FC22FC-0972-4261-99B3-226B15F00B33,2026-09-15 17:20:59.407,
88035451-709A-4AF4-9503-061AC3BCBF96,C36879,20260915,OT1_5,0,2,70FC22FC-0972-4261-99B3-226B15F00B33,2026-09-16 09:59:36.537,
7F2509C9-8130-4473-8DA7-83856F850336,C36880,20260914,OT1_5,0,2,70FC22FC-0972-4261-99B3-226B15F00B33,2026-09-15 17:20:55.420,
A551FCD8-D2C6-40BD-A4D5-871D4D48597A,C36880,20260915,OT1_5,0,2,70FC22FC-0972-4261-99B3-226B15F00B33,2026-09-16 09:59:33.990,
A3D34850-163A-4E6F-9C60-74E7CD183B89,C36886,20260914,OT1_5,0,2,70FC22FC-0972-4261-99B3-226B15F00B33,2026-09-15 17:21:03.830,
AD03FDC3-AF7D-4598-9CB7-F3AE7632FBC9,C36886,20260915,OT1_5,0,2,70FC22FC-0972-4261-99B3-226B15F00B33,2026-09-16 09:59:39.377,
CDFE7D37-DBA6-4F58-9D2F-7C70560D8479,C36887,20260914,OT1_5,0,2,70FC22FC-0972-4261-99B3-226B15F00B33,2026-09-15 17:23:08.807,
7EAD6210-7778-4F91-8FBD-E2D631CCD462,C36887,20260915,OT1_5,0,2,70FC22FC-0972-4261-99B3-226B15F00B33,2026-09-16 10:01:50.467,
C0B216CE-B12F-4693-95C9-49539C3B7249,C36888,20260914,OT1_5,0,2,70FC22FC-0972-4261-99B3-226B15F00B33,2026-09-15 17:23:02.607,
AD03120A-C46A-4A1B-93CD-793D6F9FFDCC,C36888,20260915,OT1_5,0,2,70FC22FC-0972-4261-99B3-226B15F00B33,2026-09-16 10:01:43.190,
74CB6E90-59AE-4F27-8BF6-1375C8799E88,C36889,20260914,OT1_5,0,2,70FC22FC-0972-4261-99B3-226B15F00B33,2026-09-15 17:23:09.700,
9AABDE18-A699-4A4B-8B2A-E4055551CC83,C36890,20260914,OT1_5,0,2,70FC22FC-0972-4261-99B3-226B15F00B33,2026-09-15 17:23:09.010,
5D5EFDAF-1184-44FC-92EA-D86FD7266234,C36890,20260915,OT1_5,0,2,70FC22FC-0972-4261-99B3-226B15F00B33,2026-09-16 10:01:44.647,
2F362D7A-8E20-4A20-85A1-D55BB6148655,C36892,20260914,OT1_5,0,2,70FC22FC-0972-4261-99B3-226B15F00B33,2026-09-15 17:23:05.183,
FA831701-82DA-4DAE-A5E6-72D252B27DCD,C36892,20260915,OT1_5,0,2,70FC22FC-0972-4261-99B3-226B15F00B33,2026-09-16 10:01:44.133,
F53F522B-14CE-4471-AE4D-FCC130BCC307,C36893,20260914,OT1_5,0,2,70FC22FC-0972-4261-99B3-226B15F00B33,2026-09-15 17:23:07.347,
13298977-3BAF-4E72-B668-F80D246EAFA7,C36894,20260914,OT1_5,0,2,70FC22FC-0972-4261-99B3-226B15F00B33,2026-09-15 17:23:07.410,
840C7D6B-2FCA-402A-B155-ECB173E403F6,C36894,20260915,OT1_5,0,2,70FC22FC-0972-4261-99B3-226B15F00B33,2026-09-16 10:01:50.507,
F167BAE3-0D2B-43ED-A268-86462E1A7EC3,C36895,20260914,OT1_5,0,2,70FC22FC-0972-4261-99B3-226B15F00B33,2026-09-15 17:20:49.647,
20499D0C-CB1D-40A8-A928-503CF5CF83CB,C36895,20260915,OT1_5,0,2,70FC22FC-0972-4261-99B3-226B15F00B33,2026-09-16 09:59:33.297,
4BD02B4C-99DB-406A-AFD9-78CD024355CA,C36898,20260914,OT1_5,0,2,70FC22FC-0972-4261-99B3-226B15F00B33,2026-09-15 17:20:41.610,
0E26331D-5F51-4A82-B8C3-B3DEE433E0AA,C36898,20260915,OT1_5,0,2.5,70FC22FC-0972-4261-99B3-226B15F00B33,2026-09-16 09:58:26.130,
7D14821D-3C4E-40F6-B952-76871AB22136,C36899,20260914,OT1_5,0,2,70FC22FC-0972-4261-99B3-226B15F00B33,2026-09-15 17:20:59.280,
A1EC4FFE-8404-4E68-9129-D8502DA34470,C36899,20260915,OT1_5,0,2,70FC22FC-0972-4261-99B3-226B15F00B33,2026-09-16 09:59:30.663,
01849A4E-9773-4B3F-95BA-0D518AFD97F8,C36901,20260914,OT1_5,0,2,70FC22FC-0972-4261-99B3-226B15F00B33,2026-09-15 17:20:55.780,
E1DA3FC1-BA20-453B-91B8-0E09DA0B8B63,C36905,20260914,OT1_5,0,2,70FC22FC-0972-4261-99B3-226B15F00B33,2026-09-15 17:20:47.283,
088700D2-BCAB-4A6D-AD76-587026B2B12E,C36905,20260915,OT1_5,0,2,70FC22FC-0972-4261-99B3-226B15F00B33,2026-09-16 09:59:31.487,
552AEBFB-7FA5-4B4A-AA50-24698F02DCD2,C36906,20260915,OT1_5,0,2,70FC22FC-0972-4261-99B3-226B15F00B33,2026-09-16 09:59:37.653,
FAD12C7A-E5BC-49B7-A7DD-DC595841DD61,C36907,20260914,OT1_5,0,2,70FC22FC-0972-4261-99B3-226B15F00B33,2026-09-15 17:20:49.750,
A2DBC778-8427-496B-8DF4-07882B48998B,C36907,20260915,OT1_5,0,2,70FC22FC-0972-4261-99B3-226B15F00B33,2026-09-16 09:59:33.573,
F528C90C-754A-42A7-B982-FE9560694CBF,C36909,20260914,OT1_5,0,2,70FC22FC-0972-4261-99B3-226B15F00B33,2026-09-15 17:20:49.760,
9B8254D3-CE5E-4FA5-BF43-B0F79469DBCA,C36909,20260915,OT1_5,0,2,70FC22FC-0972-4261-99B3-226B15F00B33,2026-09-16 09:59:33.540,
29BB2FD5-2753-47D1-938D-FB20584105F0,C36910,20260914,OT1_5,0,2,70FC22FC-0972-4261-99B3-226B15F00B33,2026-09-15 17:20:49.903,
C3C28B3E-9114-4965-94DD-9FF995864A8F,C36910,20260915,OT1_5,0,2,70FC22FC-0972-4261-99B3-226B15F00B33,2026-09-16 09:59:33.360,
67D8660C-6C57-4D79-96D8-A10383FDAF97,C36911,20260914,OT1_5,0,2,70FC22FC-0972-4261-99B3-226B15F00B33,2026-09-15 17:23:08.400,
0ECD3122-B535-4515-8895-7BF08CCACC5A,C36911,20260915,OT1_5,0,2,70FC22FC-0972-4261-99B3-226B15F00B33,2026-09-16 10:01:50.230,
B26C3268-8B49-4AAD-AF4D-9C2FAE1A8FC6,C36913,20260914,OT1_5,0,2,70FC22FC-0972-4261-99B3-226B15F00B33,2026-09-15 17:17:56.173,
BB745230-5647-4074-A592-D53254E6F19F,C36914,20260914,OT1_5,0,2,70FC22FC-0972-4261-99B3-226B15F00B33,2026-09-15 17:17:55.160,
B6166C72-245B-49C6-8500-1CEC1F555B3D,C36915,20260914,OT1_5,0,2,70FC22FC-0972-4261-99B3-226B15F00B33,2026-09-15 17:17:58.930,
DF934E63-D8D7-428A-AE0F-769207AE19B9,C36918,20260914,OT1_5,0,2,70FC22FC-0972-4261-99B3-226B15F00B33,2026-09-15 17:23:09.317,
8C89C86F-94BF-4E72-9E8F-B9B8219AF8EB,C36920,20260914,OT1_5,0,2,70FC22FC-0972-4261-99B3-226B15F00B33,2026-09-15 17:23:14.557,
1BB6D503-4F68-4AD5-A69A-89E58014F313,C36920,20260915,OT1_5,0,2,70FC22FC-0972-4261-99B3-226B15F00B33,2026-09-16 10:01:54.173,
E8024D55-95AC-486A-9A59-4D7AD6B12B26,C36921,20260914,OT1_5,0,2,70FC22FC-0972-4261-99B3-226B15F00B33,2026-09-15 17:23:08.657,
C294687F-CE72-4F19-B089-6149EEA1FBC5,C36921,20260915,OT1_5,0,2,70FC22FC-0972-4261-99B3-226B15F00B33,2026-09-16 10:01:50.613,
41FE20D1-C377-4D87-A191-081D67EB9907,C36923,20260914,OT1_5,0,2,70FC22FC-0972-4261-99B3-226B15F00B33,2026-09-15 17:20:43.857,
AF0DF512-C4C2-46E9-82B6-3C379F3B76C0,C36923,20260915,OT1_5,0,2,70FC22FC-0972-4261-99B3-226B15F00B33,2026-09-16 09:59:30.090,
C67FA332-D719-4A94-902F-E3AF38276EAE,C36926,20260914,OT1_5,0,2,70FC22FC-0972-4261-99B3-226B15F00B33,2026-09-15 17:20:55.703,
204DEECC-CC2D-4A74-BFB7-71AD5CC70D24,C36926,20260915,OT1_5,0,2,70FC22FC-0972-4261-99B3-226B15F00B33,2026-09-16 09:59:31.163,
489BABC3-2E4C-412E-9F50-6A5D16A919CC,C36927,20260914,OT1_5,0,2,70FC22FC-0972-4261-99B3-226B15F00B33,2026-09-15 17:20:47.967,
BBF66646-D52A-440F-9E89-A201FD93DAFF,C36929,20260914,OT1_5,0,2,70FC22FC-0972-4261-99B3-226B15F00B33,2026-09-15 17:20:46.407,
3FE5FB79-109E-4980-AF9C-B1C5A6157006,C36929,20260915,OT1_5,0,2,70FC22FC-0972-4261-99B3-226B15F00B33,2026-09-16 09:59:40.570,
58A0F055-4C9C-494C-8982-FB841DA8617E,C36931,20260914,OT1_5,0,2,70FC22FC-0972-4261-99B3-226B15F00B33,2026-09-15 17:20:50.047,
380E0100-7FA1-46F3-8EE2-1127A3C0AF0F,C36931,20260915,OT1_5,0,2,70FC22FC-0972-4261-99B3-226B15F00B33,2026-09-16 09:59:35.367,
FA428528-141D-4151-89B7-1AB352DCA610,C36932,20260914,OT1_5,0,2,70FC22FC-0972-4261-99B3-226B15F00B33,2026-09-15 17:18:12.263,
CB5DDD1B-914D-4ED9-9153-3E08CC0AA023,C36933,20260915,OT1_5,0,2,70FC22FC-0972-4261-99B3-226B15F00B33,2026-09-16 09:56:53.313,
AF69D9F9-332B-45E3-8784-F7832171966C,C36934,20260914,OT1_5,0,2,70FC22FC-0972-4261-99B3-226B15F00B33,2026-09-15 17:23:12.460,
E313D2F6-674F-4569-A54F-6F886861EBA5,C36934,20260915,OT1_5,0,2,70FC22FC-0972-4261-99B3-226B15F00B33,2026-09-16 10:01:53.447,
3DE0396E-4018-4010-85ED-4A2BD9F721B4,C36935,20260914,OT1_5,0,2,70FC22FC-0972-4261-99B3-226B15F00B33,2026-09-15 17:23:12.580,
09E39DD7-9159-4936-9D0C-A5B879CC4F11,C36935,20260915,OT1_5,0,2,70FC22FC-0972-4261-99B3-226B15F00B33,2026-09-16 10:01:53.467,
63EB7DC6-DCDB-40D3-BF0D-1824F9BEB885,C36937,20260914,OT1_5,0,2,70FC22FC-0972-4261-99B3-226B15F00B33,2026-09-15 17:23:12.290,
D29E2E45-9A62-4216-AF39-5757FB603AD7,C36937,20260915,OT1_5,0,2,70FC22FC-0972-4261-99B3-226B15F00B33,2026-09-16 10:01:53.603,
7E15F949-44DB-4D42-8050-F019FC2EF25B,C36938,20260914,OT1_5,0,2,70FC22FC-0972-4261-99B3-226B15F00B33,2026-09-15 17:23:14.017,
B4A2E1D6-3F4A-416A-9053-44B726B9F3D3,C36939,20260914,OT1_5,0,2,70FC22FC-0972-4261-99B3-226B15F00B33,2026-09-15 17:23:14.253,
C4DAAD0D-A6B1-46DE-8B8A-FBEC2B7D53FE,C36940,20260914,OT1_5,0,2,70FC22FC-0972-4261-99B3-226B15F00B33,2026-09-15 17:23:12.400,
92066DE8-270D-4AB1-A47E-CF09BDE67D7A,C36940,20260915,OT1_5,0,2,70FC22FC-0972-4261-99B3-226B15F00B33,2026-09-16 10:01:53.023,
A67BBE3C-9FB5-4C12-A1F8-69316EAD9F83,C36941,20260915,OT1_5,0,2,70FC22FC-0972-4261-99B3-226B15F00B33,2026-09-16 10:01:53.570,
26E47F2A-9721-474D-A237-85981684AF81,C36942,20260914,OT1_5,0,2,70FC22FC-0972-4261-99B3-226B15F00B33,2026-09-15 17:23:07.717,
D150C1EB-25EB-4E42-87D3-3D96E0BA6A83,C36942,20260915,OT1_5,0,2,70FC22FC-0972-4261-99B3-226B15F00B33,2026-09-16 10:01:44.503,
3E309262-F08D-47A6-8753-CC1B2B90CD95,C36943,20260914,OT1_5,0,2,70FC22FC-0972-4261-99B3-226B15F00B33,2026-09-15 17:23:07.730,
7CEDE450-48DC-4222-9192-B511FE505FFB,C36943,20260915,OT1_5,0,2,70FC22FC-0972-4261-99B3-226B15F00B33,2026-09-16 10:01:44.490,
75E8252E-7A90-4CA3-8322-A6F5D15B740E,C36945,20260914,OT1_5,0,2,70FC22FC-0972-4261-99B3-226B15F00B33,2026-09-15 17:23:17.640,
3E548C6E-A7BC-4D66-A002-5866A3691111,C36946,20260914,OT1_5,0,2,70FC22FC-0972-4261-99B3-226B15F00B33,2026-09-15 17:23:08.503,
91F6A2FD-432C-4B4A-8996-778DF66EA383,C36946,20260915,OT1_5,0,2,70FC22FC-0972-4261-99B3-226B15F00B33,2026-09-16 10:01:46.613,
B623F304-948C-460F-BAEF-DE208897F2E9,C36947,20260914,OT1_5,0,2,70FC22FC-0972-4261-99B3-226B15F00B33,2026-09-15 17:23:08.490,
CC03CE83-F94A-4AA9-A681-4561BD117A1E,C36947,20260915,OT1_5,0,2,70FC22FC-0972-4261-99B3-226B15F00B33,2026-09-16 10:01:46.583,
294F9DE3-2148-46D2-A87C-772C9BF5F46D,C36948,20260914,OT1_5,0,2,70FC22FC-0972-4261-99B3-226B15F00B33,2026-09-15 17:23:07.180,
6C2C518B-5D50-41DE-B69F-05989EF42E3B,C36948,20260915,OT1_5,0,2,70FC22FC-0972-4261-99B3-226B15F00B33,2026-09-16 10:01:47.747,
2B71F382-F840-4741-ABB5-D69EE584838D,C36950,20260914,OT1_5,0,2,70FC22FC-0972-4261-99B3-226B15F00B33,2026-09-15 17:23:03.160,
EE62F2BD-CF05-4922-93FF-EE52683BE117,C36951,20260914,OT1_5,0,2,70FC22FC-0972-4261-99B3-226B15F00B33,2026-09-15 17:23:09.733,
3F12423C-98CE-4DE2-91F2-6414198BB502,C36951,20260915,OT1_5,0,2,70FC22FC-0972-4261-99B3-226B15F00B33,2026-09-16 10:01:43.810,
D80F1F39-1765-4769-AB06-D9249FBEA2FF,C36952,20260914,OT1_5,0,2,70FC22FC-0972-4261-99B3-226B15F00B33,2026-09-15 17:23:17.260,
35CC756A-72D8-400F-B030-A07482F3265A,C36952,20260915,OT1_5,0,2,70FC22FC-0972-4261-99B3-226B15F00B33,2026-09-16 10:01:55.730,
84327A04-4F6A-4A13-81E3-0757AD76013F,C36953,20260914,OT1_5,0,2,70FC22FC-0972-4261-99B3-226B15F00B33,2026-09-15 17:23:08.207,
CFE4B381-AB01-4B9A-BDF8-EE99827BE32A,C36953,20260915,OT1_5,0,2,70FC22FC-0972-4261-99B3-226B15F00B33,2026-09-16 10:01:47.373,
140C0732-D4D8-4DE9-AABC-99DD62B009FD,C36956,20260914,OT1_5,0,2,70FC22FC-0972-4261-99B3-226B15F00B33,2026-09-15 17:23:07.377,
E319DFB5-88E6-40C1-8700-179451C0F9F5,C36956,20260915,OT1_5,0,2,70FC22FC-0972-4261-99B3-226B15F00B33,2026-09-16 10:01:42.720,
34FC7841-3D6F-4749-B416-B0D1D034663B,C36957,20260914,OT1_5,0,2,70FC22FC-0972-4261-99B3-226B15F00B33,2026-09-15 17:23:16.540,
3AB5586F-75CD-4F24-BC69-0FD0325DC6B2,C36957,20260915,OT1_5,0,2,70FC22FC-0972-4261-99B3-226B15F00B33,2026-09-16 10:01:55.440,
474CEC42-1F89-407A-9045-515F7D91316E,C36959,20260914,OT1_5,0,2,70FC22FC-0972-4261-99B3-226B15F00B33,2026-09-15 17:23:01.380,
DEB75E58-30C0-489E-8788-0A2CE13620AE,C36959,20260915,OT1_5,0,2,70FC22FC-0972-4261-99B3-226B15F00B33,2026-09-16 10:01:42.730,
0B54D187-B48D-4784-9B42-B06F8E1471B2,C36960,20260914,OT1_5,0,2,70FC22FC-0972-4261-99B3-226B15F00B33,2026-09-15 17:23:14.110,
FCE027C0-BF89-47E1-BA0C-AB1B64F6B60C,C36960,20260915,OT1_5,0,2,70FC22FC-0972-4261-99B3-226B15F00B33,2026-09-16 10:01:51.000,
84E2FA75-F99D-4C70-B7C2-A7BAE786BA17,C36961,20260914,OT1_5,0,2,70FC22FC-0972-4261-99B3-226B15F00B33,2026-09-15 17:23:16.563,
20633A10-4E4B-43C3-9B45-43AC91C06125,C36961,20260915,OT1_5,0,2,70FC22FC-0972-4261-99B3-226B15F00B33,2026-09-16 10:01:55.313,
F9F78955-121B-49CD-B795-8AD64EB24113,C36962,20260914,OT1_5,0,2,70FC22FC-0972-4261-99B3-226B15F00B33,2026-09-15 17:23:10.523,
AAED2297-B54C-4DF4-8B95-DA5B9FEB133E,C36962,20260915,OT1_5,0,2,70FC22FC-0972-4261-99B3-226B15F00B33,2026-09-16 10:01:46.527,
31758643-66D3-4FAD-9E66-8C2369BC8D3B,C36965,20260914,OT1_5,0,2,70FC22FC-0972-4261-99B3-226B15F00B33,2026-09-15 17:21:36.770,
E37D69CA-CBCB-4994-9B3F-4AD50B7C9A36,C36965,20260915,OT1_5,0,2,70FC22FC-0972-4261-99B3-226B15F00B33,2026-09-16 10:00:13.660,
50451396-2A04-47C3-B20D-6D4269947D66,C36966,20260914,OT1_5,0,2,70FC22FC-0972-4261-99B3-226B15F00B33,2026-09-15 17:21:35.057,
FFABB665-302C-46A9-A918-2AB3215319BD,C36966,20260915,OT1_5,0,2,70FC22FC-0972-4261-99B3-226B15F00B33,2026-09-16 10:00:12.017,
D990B5F3-9F18-4A57-9BA4-DB738E2FD1AF,C36967,20260914,OT1_5,0,2,70FC22FC-0972-4261-99B3-226B15F00B33,2026-09-15 17:18:10.750,
993C404D-31ED-44FA-8B95-33C865087CEE,C36967,20260915,OT1_5,0,2,70FC22FC-0972-4261-99B3-226B15F00B33,2026-09-16 09:56:58.053,
7C4E1B72-61EC-47B9-97B6-6CAD0CB0F6DF,C36969,20260914,OT1_5,0,2,70FC22FC-0972-4261-99B3-226B15F00B33,2026-09-15 17:18:57.847,
5835040F-1505-43E9-B9C1-E04F294C5B65,C36970,20260914,OT1_5,0,2,70FC22FC-0972-4261-99B3-226B15F00B33,2026-09-15 17:20:50.850,
8EBD743A-7623-4C5E-8E71-3C183E2DD6B1,C36971,20260914,OT1_5,0,1.5,70FC22FC-0972-4261-99B3-226B15F00B33,2026-09-15 17:18:58.513,
B84A49E1-6245-45EC-A6C2-B6A329D94CFA,C36975,20260914,OT1_5,0,2,70FC22FC-0972-4261-99B3-226B15F00B33,2026-09-15 17:20:41.970,
2173BAFC-3224-4E3C-927D-1D9CC48890F3,C36977,20260914,OT1_5,0,2,70FC22FC-0972-4261-99B3-226B15F00B33,2026-09-15 17:18:11.900,
20E2F3E2-F6D1-4FE2-BC78-CC2500926DD1,C36977,20260915,OT1_5,0,2,70FC22FC-0972-4261-99B3-226B15F00B33,2026-09-16 09:56:58.707,
A75EA9F1-ADE1-4592-BD01-353B7A765AFE,C36978,20260914,OT1_5,0,2,70FC22FC-0972-4261-99B3-226B15F00B33,2026-09-15 17:17:54.500,
E32E049B-E3AE-49BF-A5BD-5C20AD76597C,C36979,20260914,OT1_5,0,2,70FC22FC-0972-4261-99B3-226B15F00B33,2026-09-15 17:21:05.777,
3B559A70-4C2B-4C6A-996A-95241440502D,C36979,20260915,OT1_5,0,2,70FC22FC-0972-4261-99B3-226B15F00B33,2026-09-16 09:59:40.943,
BDF05424-735D-4045-BE49-E772B1DCB0AB,C36980,20260914,OT1_5,0,2,70FC22FC-0972-4261-99B3-226B15F00B33,2026-09-15 17:20:59.103,
394B8B9B-BCA4-4015-A41A-EB4C7F068825,C36982,20260914,OT1_5,0,2,70FC22FC-0972-4261-99B3-226B15F00B33,2026-09-15 17:23:16.493,
5DE07F54-B8E1-46B5-A127-488F6145F914,C36982,20260915,OT1_5,0,2,70FC22FC-0972-4261-99B3-226B15F00B33,2026-09-16 10:01:55.467,
D763BDC9-4605-463B-AC74-7B71CCE1E35C,C36983,20260914,OT1_5,0,2,70FC22FC-0972-4261-99B3-226B15F00B33,2026-09-15 17:21:35.317,
5CFB8AE7-3C35-493A-B834-4EC5373975EF,C36983,20260915,OT1_5,0,2,70FC22FC-0972-4261-99B3-226B15F00B33,2026-09-16 10:00:13.627,
B8039612-026A-428D-B448-F31403BBF14F,C36987,20260914,OT1_5,0,2,70FC22FC-0972-4261-99B3-226B15F00B33,2026-09-15 17:23:17.277,
6F03B047-91FA-4CA3-A438-BD887410584D,C36987,20260915,OT1_5,0,2,70FC22FC-0972-4261-99B3-226B15F00B33,2026-09-16 10:01:55.147,
81AE16D0-17E5-467E-B42A-6C220D0EA0D3,C36988,20260914,OT1_5,0,2,70FC22FC-0972-4261-99B3-226B15F00B33,2026-09-15 17:17:55.453,
611D2C1F-0D50-412D-824A-53A3886B2C8E,C36988,20260915,OT1_5,0,2,70FC22FC-0972-4261-99B3-226B15F00B33,2026-09-16 09:56:57.620,
0CAF83D9-E231-4F82-829C-4BEB28EDB24F,C36989,20260914,OT1_5,0,2,70FC22FC-0972-4261-99B3-226B15F00B33,2026-09-15 17:23:16.750,
33FE7B6B-B4D3-4130-8022-4197D0D7F3EF,C36989,20260915,OT1_5,0,2,70FC22FC-0972-4261-99B3-226B15F00B33,2026-09-16 10:01:55.710,
2C46ECD0-E370-4F88-BE8C-A015077A311B,C36990,20260914,OT1_5,0,2,70FC22FC-0972-4261-99B3-226B15F00B33,2026-09-15 17:20:54.000,
770359A7-C48A-4BCD-94E2-258D541F718E,C36990,20260915,OT1_5,0,2,70FC22FC-0972-4261-99B3-226B15F00B33,2026-09-16 09:59:31.420,
FBB14A50-4CCE-4B07-BF08-FBE450729A86,C36991,20260914,OT1_5,0,2,70FC22FC-0972-4261-99B3-226B15F00B33,2026-09-15 17:20:51.740,
6DA7A714-1E21-4990-A32B-698E14ED246B,C36991,20260915,OT1_5,0,2,70FC22FC-0972-4261-99B3-226B15F00B33,2026-09-16 09:59:34.150,
9E5BBF0A-2DDC-4500-B805-13C23C2E9C88,C36992,20260914,OT1_5,0,2,70FC22FC-0972-4261-99B3-226B15F00B33,2026-09-15 17:18:58.160,
D3007100-57BD-4216-A8AE-9F31BE7F5F3A,C36992,20260915,OT1_5,0,2,70FC22FC-0972-4261-99B3-226B15F00B33,2026-09-16 09:57:40.017,
2B227E85-56D0-4BDC-B156-FB9B7B2667BA,C36993,20260914,OT1_5,0,2,70FC22FC-0972-4261-99B3-226B15F00B33,2026-09-15 17:18:58.267,
BB8FCC71-407D-4E46-A50D-025D18093204,C36993,20260915,OT1_5,0,2,70FC22FC-0972-4261-99B3-226B15F00B33,2026-09-16 09:57:39.920,
EC8E6F42-6F51-43EB-A3BA-DDA281A26A0B,C36995,20260914,OT1_5,0,2,70FC22FC-0972-4261-99B3-226B15F00B33,2026-09-15 17:18:57.740,
B5C59B10-407B-4035-9DBF-885D48366C1F,C36995,20260915,OT1_5,0,2,70FC22FC-0972-4261-99B3-226B15F00B33,2026-09-16 09:57:40.710,
03C55723-BA56-4E0D-9B5B-2DB1F5E403CC,C36996,20260914,OT1_5,0,2,70FC22FC-0972-4261-99B3-226B15F00B33,2026-09-15 17:18:57.930,
143DAFAB-EFA0-4A34-A367-7AC5613D91C4,C36999,20260914,OT1_5,0,2,70FC22FC-0972-4261-99B3-226B15F00B33,2026-09-15 17:23:05.670,
06DE2319-7A0F-46CC-97D1-2404614531DD,C36999,20260915,OT1_5,0,2,70FC22FC-0972-4261-99B3-226B15F00B33,2026-09-16 10:01:50.893,
13500181-2892-44DC-A5B0-D9B46C5ADF80,C37000,20260914,OT1_5,0,2,70FC22FC-0972-4261-99B3-226B15F00B33,2026-09-15 17:21:04.900,
FC35C845-C579-4238-A64D-3972804D303C,C37001,20260914,OT1_5,0,2.5,70FC22FC-0972-4261-99B3-226B15F00B33,2026-09-15 17:18:10.383,
938B61D0-6B14-4808-913E-4DF4EAB50531,C37001,20260915,OT1_5,0,2.5,70FC22FC-0972-4261-99B3-226B15F00B33,2026-09-16 09:56:59.207,
BABC96F7-F4CB-43F0-B54B-652D4AB59E0C,C37002,20260914,OT1_5,0,2,70FC22FC-0972-4261-99B3-226B15F00B33,2026-09-15 17:17:55.743,
25B4E18B-5519-4CDF-8720-849FA3298A9C,C37002,20260915,OT1_5,0,2,70FC22FC-0972-4261-99B3-226B15F00B33,2026-09-16 09:56:53.527,
EDECFA46-FD73-4C32-9943-B54C90F2DA7C,C37004,20260914,OT1_5,0,2,70FC22FC-0972-4261-99B3-226B15F00B33,2026-09-15 17:20:55.827,
8D9EC281-661D-4C76-8DF1-C9C1B18C06FE,C37006,20260914,OT1_5,0,2,70FC22FC-0972-4261-99B3-226B15F00B33,2026-09-15 17:20:47.070,
7208705A-FC88-451A-B6C5-D6BFAE18A11E,C37006,20260915,OT1_5,0,2,70FC22FC-0972-4261-99B3-226B15F00B33,2026-09-16 09:59:37.250,
212469E4-8F3D-4E04-B83A-992B39D11BFF,C37007,20260914,OT1_5,0,2,70FC22FC-0972-4261-99B3-226B15F00B33,2026-09-15 17:18:57.913,
6A61A5E3-E5CA-41F9-AF4E-BEDA30A78F2C,C37007,20260915,OT1_5,0,2,70FC22FC-0972-4261-99B3-226B15F00B33,2026-09-16 09:57:40.113,
E67FEC6F-F234-486A-985A-46A359172E79,C37008,20260914,OT1_5,0,2,70FC22FC-0972-4261-99B3-226B15F00B33,2026-09-15 17:18:58.073,
07D41C28-89AC-44DB-856F-A6BB35E18BB3,C37008,20260915,OT1_5,0,2,70FC22FC-0972-4261-99B3-226B15F00B33,2026-09-16 09:57:39.930,
01479DDD-8898-4193-A371-DD6A4D507BCC,C37009,20260914,OT1_5,0,2,70FC22FC-0972-4261-99B3-226B15F00B33,2026-09-15 17:18:58.287,
5B0E678D-9DF3-49DE-BD9B-217CEDB9D31D,C37009,20260915,OT1_5,0,2,70FC22FC-0972-4261-99B3-226B15F00B33,2026-09-16 09:57:40.080,
ECAA07CB-8C9A-4A73-BDAC-6D16477764DA,C37010,20260915,OT1_5,0,2,70FC22FC-0972-4261-99B3-226B15F00B33,2026-09-16 09:57:39.853,
7AD5FE01-7F5D-4C05-94C7-A98BD87B0727,C37011,20260915,OT1_5,0,2,70FC22FC-0972-4261-99B3-226B15F00B33,2026-09-16 09:57:40.160,
851913C3-0B78-4A06-BFBF-A6960191FA52,C37012,20260914,OT1_5,0,2,70FC22FC-0972-4261-99B3-226B15F00B33,2026-09-15 17:21:04.187,
DB282CEF-CF3D-488C-B0F2-34352A58318F,C37013,20260914,OT1_5,0,2,70FC22FC-0972-4261-99B3-226B15F00B33,2026-09-15 17:18:58.040,
6A9FB11B-41E2-42D6-AC80-6913F8D19A92,C37013,20260915,OT1_5,0,2,70FC22FC-0972-4261-99B3-226B15F00B33,2026-09-16 09:57:40.180,
F40B0696-C833-4609-81A1-A08FEF00AF8E,C37014,20260914,OT1_5,0,2,70FC22FC-0972-4261-99B3-226B15F00B33,2026-09-15 17:18:57.857,
C0CBFC47-258C-45BF-B75B-1F8D40ACB0AD,C37014,20260915,OT1_5,0,2,70FC22FC-0972-4261-99B3-226B15F00B33,2026-09-16 09:57:39.863,
86648945-04EC-4006-9562-F0B46C74BE56,C37015,20260914,OT1_5,0,2,70FC22FC-0972-4261-99B3-226B15F00B33,2026-09-15 17:18:57.550,
EE0D40CA-8BC7-4C09-A1A1-4AB598129C2A,C37015,20260915,OT1_5,0,2,70FC22FC-0972-4261-99B3-226B15F00B33,2026-09-16 09:57:40.193,
C43DDAFF-5602-4517-B76A-B2BAD43CC26C,C37016,20260914,OT1_5,0,2,70FC22FC-0972-4261-99B3-226B15F00B33,2026-09-15 17:20:50.933,
28664454-81B9-41F0-81E1-C26447329EC3,C37016,20260915,OT1_5,0,2,70FC22FC-0972-4261-99B3-226B15F00B33,2026-09-16 09:59:38.193,
D3B79CBA-311E-44EC-AFE7-1B341B1ACC5E,C37017,20260914,OT1_5,0,2,70FC22FC-0972-4261-99B3-226B15F00B33,2026-09-15 17:20:48.337,
8294FD72-3E59-4F2B-BA9C-419A7F683E73,C37018,20260915,OT1_5,0,2,70FC22FC-0972-4261-99B3-226B15F00B33,2026-09-16 09:59:39.670,
45F41FB4-0992-4F0B-BB00-B2DEA02D8641,C37019,20260914,OT1_5,0,2,70FC22FC-0972-4261-99B3-226B15F00B33,2026-09-15 17:20:45.887,
BD9C0091-7BEA-4A49-A8C8-DB40DBB47F78,C37019,20260915,OT1_5,0,2,70FC22FC-0972-4261-99B3-226B15F00B33,2026-09-16 09:59:31.410,
16F3F1DE-5941-4EA4-ABE7-A93BD133F383,C37020,20260914,OT1_5,0,2,70FC22FC-0972-4261-99B3-226B15F00B33,2026-09-15 17:18:57.677,
00E89EDB-9365-4D06-8D63-26E6B648938E,C37023,20260914,OT1_5,0,2,70FC22FC-0972-4261-99B3-226B15F00B33,2026-09-15 17:18:58.130,
7823007A-559E-4A44-B985-CAF7AABC9A8B,C37024,20260914,OT1_5,0,2,70FC22FC-0972-4261-99B3-226B15F00B33,2026-09-15 17:20:59.937,
3645D94B-9078-46FC-B576-8CC2699B2F94,C37024,20260915,OT1_5,0,2,70FC22FC-0972-4261-99B3-226B15F00B33,2026-09-16 09:59:37.237,
3388D370-7A69-4542-888A-620CCDE93EC5,C37033,20260914,OT1_5,0,2,70FC22FC-0972-4261-99B3-226B15F00B33,2026-09-15 17:17:59.513,
1111FF01-FBAB-4D27-B61F-9E585A6349A0,C37034,20260914,OT1_5,0,2,70FC22FC-0972-4261-99B3-226B15F00B33,2026-09-15 17:21:34.970,
0FA3DA03-FA4A-410D-A7A4-79526E1DF6B4,C37034,20260915,OT1_5,0,2,70FC22FC-0972-4261-99B3-226B15F00B33,2026-09-16 10:00:11.987,
F11BC85B-3F12-4B11-95B7-B5EFF6C36ED4,C37036,20260914,OT1_5,0,2,70FC22FC-0972-4261-99B3-226B15F00B33,2026-09-15 17:17:59.453,
10DA5BDB-605E-445B-B44B-24D73F7971DB,C37036,20260915,OT1_5,0,2,70FC22FC-0972-4261-99B3-226B15F00B33,2026-09-16 09:56:55.287,
A1FD0A4A-8A7B-4C5E-A990-1D53CD2F730D,C37037,20260914,OT1_5,0,2,70FC22FC-0972-4261-99B3-226B15F00B33,2026-09-15 17:17:59.437,
4DBB6CC0-E44D-4712-B386-2B62536E380C,C37037,20260915,OT1_5,0,2,70FC22FC-0972-4261-99B3-226B15F00B33,2026-09-16 09:56:55.043,
07CAD8E9-8B67-425A-B94C-36B8F8394176,C37039,20260914,OT1_5,0,2,70FC22FC-0972-4261-99B3-226B15F00B33,2026-09-15 17:23:15.370,
907DA85A-FE56-4F3C-9AB0-6ECD76195F6C,C37039,20260915,OT1_5,0,2,70FC22FC-0972-4261-99B3-226B15F00B33,2026-09-16 10:01:54.413,
E06505D1-20EE-4AC0-A72B-1AED89CF51D8,C37042,20260914,OT1_5,0,2,70FC22FC-0972-4261-99B3-226B15F00B33,2026-09-15 17:23:08.150,
165F21FD-42DC-4BE1-8430-9BDBD3DC65EC,C37042,20260915,OT1_5,0,2,70FC22FC-0972-4261-99B3-226B15F00B33,2026-09-16 10:01:49.370,
B4B02D3F-85DF-44EE-BC56-29A4116B69BB,C37044,20260914,OT1_5,0,2,70FC22FC-0972-4261-99B3-226B15F00B33,2026-09-15 17:20:50.997,
7F2D2064-4BEC-4D70-95D8-1322307C46BB,C37044,20260915,OT1_5,0,2,70FC22FC-0972-4261-99B3-226B15F00B33,2026-09-16 09:59:32.433,
50D72070-8616-490D-A957-C4CD77484AE4,C37045,20260914,OT1_5,0,2,70FC22FC-0972-4261-99B3-226B15F00B33,2026-09-15 17:20:39.783,
7395B7C8-B48F-4FA2-B1C7-0E3B169B6DA7,C37045,20260915,OT1_5,0,2,70FC22FC-0972-4261-99B3-226B15F00B33,2026-09-16 09:59:30.180,
3CE5D020-CDC0-4C1F-BB60-F458D1D23E5B,C37046,20260914,OT1_5,0,2,70FC22FC-0972-4261-99B3-226B15F00B33,2026-09-15 17:20:51.083,
37C24C9A-1FCC-4BCB-BC78-5A17C9AB0D07,C37046,20260915,OT1_5,0,6,70FC22FC-0972-4261-99B3-226B15F00B33,2026-09-16 09:59:41.150,
F0C7E901-5762-4566-9D16-3C798D42283A,C37050,20260914,OT1_5,0,2,70FC22FC-0972-4261-99B3-226B15F00B33,2026-09-15 17:21:04.237,
AAE8CCEF-EF17-4D87-9F34-2ED1BE4A69E1,C37050,20260915,OT1_5,0,2,70FC22FC-0972-4261-99B3-226B15F00B33,2026-09-16 09:59:40.600,
723DFD7F-DC8D-4952-8BC9-2CEC306770AF,C37052,20260914,OT1_5,0,2,70FC22FC-0972-4261-99B3-226B15F00B33,2026-09-15 17:20:40.350,
4745B99B-52F4-4AD9-ACAC-8BFB23B46F08,C37054,20260915,OT1_5,0,2,70FC22FC-0972-4261-99B3-226B15F00B33,2026-09-16 09:59:37.877,
C05960E4-5F91-4793-BFBD-A00857CAF0CD,C37058,20260914,OT1_5,0,2,70FC22FC-0972-4261-99B3-226B15F00B33,2026-09-15 17:18:06.767,
17088D1B-D230-4BC9-946B-1496A29931C6,C37058,20260915,OT1_5,0,2,70FC22FC-0972-4261-99B3-226B15F00B33,2026-09-16 09:56:57.030,
A1F64046-F3F6-494B-8E20-E2CCE4F477D7,C37059,20260914,OT1_5,0,2,70FC22FC-0972-4261-99B3-226B15F00B33,2026-09-15 17:18:06.630,
24990F4B-B5EB-4633-97E7-D22A546A5D33,C37059,20260915,OT1_5,0,2,70FC22FC-0972-4261-99B3-226B15F00B33,2026-09-16 09:56:56.780,
3D2C1A3D-12D6-49FC-9CE5-EE83BE864886,C37060,20260914,OT1_5,0,2,70FC22FC-0972-4261-99B3-226B15F00B33,2026-09-15 17:18:05.640,
5F7013F8-74C8-40A4-BB43-36827561D6F2,C37060,20260915,OT1_5,0,2,70FC22FC-0972-4261-99B3-226B15F00B33,2026-09-16 09:56:54.840,
99F25BC3-816A-4AC4-9DED-A54BAB88E374,C37061,20260914,OT1_5,0,2,70FC22FC-0972-4261-99B3-226B15F00B33,2026-09-15 17:17:59.727,
F09E75AD-A2A9-40B0-938B-EB496BC07F85,C37061,20260915,OT1_5,0,2,70FC22FC-0972-4261-99B3-226B15F00B33,2026-09-16 09:56:54.050,
F6AB7DA8-6FE9-40E3-999F-D3A617E57305,C37062,20260914,OT1_5,0,2,70FC22FC-0972-4261-99B3-226B15F00B33,2026-09-15 17:18:06.693,
14287BC7-945A-47CF-9141-2D8E7261CE43,C37062,20260915,OT1_5,0,2,70FC22FC-0972-4261-99B3-226B15F00B33,2026-09-16 09:56:55.693,
57237946-CE71-485A-8D12-C33CBA1F1F21,C37065,20260914,OT1_5,0,2,70FC22FC-0972-4261-99B3-226B15F00B33,2026-09-15 17:21:03.917,
FC0F6A57-4D46-4EA0-8061-B616077D5B05,C37065,20260915,OT1_5,0,2,70FC22FC-0972-4261-99B3-226B15F00B33,2026-09-16 09:59:38.730,
3704148F-64D9-4BCE-B316-B738668AC4EE,C37068,20260914,OT1_5,0,2,70FC22FC-0972-4261-99B3-226B15F00B33,2026-09-15 17:17:59.083,
F89B68D5-58B8-45EF-8B3C-8F575198C620,C37068,20260915,OT1_5,0,2,70FC22FC-0972-4261-99B3-226B15F00B33,2026-09-16 09:56:57.627,
CD0E72B2-2EF7-4B7D-9954-9B918C826CB4,C37069,20260914,OT1_5,0,2,70FC22FC-0972-4261-99B3-226B15F00B33,2026-09-15 17:18:10.157,
0ABD83D1-9632-44D2-9CE2-292136E4C799,C37069,20260915,OT1_5,0,2,70FC22FC-0972-4261-99B3-226B15F00B33,2026-09-16 09:56:58.007,
B6B26BBB-9EA9-45A4-BF92-C6A0F34C4CB5,C37070,20260914,OT1_5,0,2,70FC22FC-0972-4261-99B3-226B15F00B33,2026-09-15 17:23:11.700,
D28E5273-D36F-4585-B7FF-EA2A9A208D32,C37070,20260915,OT1_5,0,2,70FC22FC-0972-4261-99B3-226B15F00B33,2026-09-16 10:01:47.433,
DD4E95C3-71E0-424D-A6FC-5800D3707D08,C37072,20260914,OT1_5,0,2,70FC22FC-0972-4261-99B3-226B15F00B33,2026-09-15 17:22:21.953,
CAE84478-80A0-4F78-AB38-05450F42842C,C37072,20260915,OT1_5,0,2,70FC22FC-0972-4261-99B3-226B15F00B33,2026-09-16 10:01:56.477,
77FA7CD6-2DEC-42B8-9FAD-4CB43DB73976,C37075,20260914,OT1_5,0,2,70FC22FC-0972-4261-99B3-226B15F00B33,2026-09-15 17:23:01.987,
B40FF97F-944B-4A79-BC62-82A5CD105107,C37075,20260915,OT1_5,0,2,70FC22FC-0972-4261-99B3-226B15F00B33,2026-09-16 10:01:43.730,
8698024C-ECDA-4446-A90A-2D58E08BAEFD,C37076,20260914,OT1_5,0,2,70FC22FC-0972-4261-99B3-226B15F00B33,2026-09-15 17:23:16.007,
9F801667-BD41-4D30-AC89-87668B7065FD,C37076,20260915,OT1_5,0,2,70FC22FC-0972-4261-99B3-226B15F00B33,2026-09-16 10:01:55.750,
8AC3519F-3421-4AE0-B8B4-25AAFA433CC6,C37077,20260914,OT1_5,0,2,70FC22FC-0972-4261-99B3-226B15F00B33,2026-09-15 17:23:11.987,
7C658E5A-27AA-446C-813D-1A75EEB88C64,C37077,20260915,OT1_5,0,2,70FC22FC-0972-4261-99B3-226B15F00B33,2026-09-16 10:01:51.927,
674BC5C8-9BAE-43FA-BFB9-D46DC6BBCA8F,C37080,20260914,OT1_5,0,2,70FC22FC-0972-4261-99B3-226B15F00B33,2026-09-15 17:23:12.003,
8425D1A7-8858-44EB-97CF-1FBCBAF0AC8B,C37080,20260915,OT1_5,0,2,70FC22FC-0972-4261-99B3-226B15F00B33,2026-09-16 10:01:52.433,
6A8D65D4-4C92-4C16-A9E4-4124A8C2CB4A,C37081,20260914,OT1_5,0,2,70FC22FC-0972-4261-99B3-226B15F00B33,2026-09-15 17:23:04.423,
963BE6C7-1594-41FD-B273-4CE8923F6D52,C37081,20260915,OT1_5,0,2,70FC22FC-0972-4261-99B3-226B15F00B33,2026-09-16 10:01:53.593,
637CD1E9-74DC-439B-9FAF-65AE9A0688D2,C37082,20260914,OT1_5,0,2,70FC22FC-0972-4261-99B3-226B15F00B33,2026-09-15 17:23:03.080,
870948A8-21D0-4A35-98E7-A0F4A1F1C8C8,C37083,20260914,OT1_5,0,2,70FC22FC-0972-4261-99B3-226B15F00B33,2026-09-15 17:23:07.493,
53D045AA-B5B4-4637-9F1B-4639C5220FCF,C37083,20260915,OT1_5,0,2,70FC22FC-0972-4261-99B3-226B15F00B33,2026-09-16 10:01:47.283,
27C1AF37-0C19-4F3F-8C80-62F30D667E24,C37084,20260914,OT1_5,0,2,70FC22FC-0972-4261-99B3-226B15F00B33,2026-09-15 17:23:06.067,
281169C9-EBC2-4622-B72D-7B13B6C5F70F,C37085,20260914,OT1_5,0,2,70FC22FC-0972-4261-99B3-226B15F00B33,2026-09-15 17:23:16.093,
63E718CE-1E01-4BDE-8040-4B4E4605B21A,C37085,20260915,OT1_5,0,2,70FC22FC-0972-4261-99B3-226B15F00B33,2026-09-16 10:01:55.127,
0DFB4FE6-AC4A-4F49-86F1-2572C5289DC7,C37086,20260914,OT1_5,0,2.5,70FC22FC-0972-4261-99B3-226B15F00B33,2026-09-15 17:18:11.430,
A0EA6052-E531-40C9-B56E-12A81CF7C1E4,C37086,20260915,OT1_5,0,2.5,70FC22FC-0972-4261-99B3-226B15F00B33,2026-09-16 09:56:59.130,
F54E107D-8289-4C93-8FFE-FF1AEB818CC4,C37087,20260914,OT1_5,0,2,70FC22FC-0972-4261-99B3-226B15F00B33,2026-09-15 17:20:58.913,
563BE269-A360-4C52-BD0E-C3297281AB33,C37087,20260915,OT1_5,0,2,70FC22FC-0972-4261-99B3-226B15F00B33,2026-09-16 09:59:39.730,
A1AC768B-D294-4A0F-97B2-A8293A142B24,C37088,20260914,OT1_5,0,2,70FC22FC-0972-4261-99B3-226B15F00B33,2026-09-15 17:21:03.590,
2E94F789-AA4D-4CC5-A3CE-EE562945A111,C37088,20260915,OT1_5,0,2,70FC22FC-0972-4261-99B3-226B15F00B33,2026-09-16 09:59:38.240,
12909665-5C78-48E6-B89A-E5786DA430F5,C37089,20260914,OT1_5,0,2,70FC22FC-0972-4261-99B3-226B15F00B33,2026-09-15 17:21:00.657,
A9AAF185-1615-4641-8011-A04BF40C8644,C37089,20260915,OT1_5,0,2,70FC22FC-0972-4261-99B3-226B15F00B33,2026-09-16 09:59:36.227,
252FCAAB-3321-4E29-832D-7CCE68A95222,C37090,20260914,OT1_5,0,2,70FC22FC-0972-4261-99B3-226B15F00B33,2026-09-15 17:21:02.610,
1C2D2E0C-5EBF-4324-AA09-ED1A8049B8B4,C37090,20260915,OT1_5,0,2,70FC22FC-0972-4261-99B3-226B15F00B33,2026-09-16 09:59:38.807,
C5BAC12D-2EBD-43B5-9E33-7E3A0715B7A5,C37091,20260914,OT1_5,0,2,70FC22FC-0972-4261-99B3-226B15F00B33,2026-09-15 17:21:06.210,
15041063-78CC-4A8F-9360-C8AEA064CF68,C37092,20260914,OT1_5,0,2,70FC22FC-0972-4261-99B3-226B15F00B33,2026-09-15 17:20:07.060,
A93BE289-3F39-48F4-ADC4-2AECF3B09701,C37092,20260915,OT1_5,0,2.5,70FC22FC-0972-4261-99B3-226B15F00B33,2026-09-16 09:58:26.140,
B0BEA8B4-1B0A-49C6-86D0-AD3D45DE7D9E,C37093,20260914,OT1_5,0,2,70FC22FC-0972-4261-99B3-226B15F00B33,2026-09-15 17:20:41.910,
8F0EF19C-BD17-4249-A789-688B4F2DDC03,C37093,20260915,OT1_5,0,2,70FC22FC-0972-4261-99B3-226B15F00B33,2026-09-16 09:59:30.220,
2265181F-9D38-4138-92AF-88C69493EC83,C37096,20260914,OT1_5,0,2,70FC22FC-0972-4261-99B3-226B15F00B33,2026-09-15 17:21:02.213,
69D4067F-70B1-4EB3-8779-43B45ADEF4E5,C37098,20260914,OT1_5,0,2,70FC22FC-0972-4261-99B3-226B15F00B33,2026-09-15 17:20:57.063,
9239AF6F-11DB-43D1-84AA-B86BD78D1C0B,C37098,20260915,OT1_5,0,2,70FC22FC-0972-4261-99B3-226B15F00B33,2026-09-16 09:59:33.007,
7424F74F-C321-4035-AB3F-4714B29FB0E9,C37100,20260914,OT1_5,0,2,70FC22FC-0972-4261-99B3-226B15F00B33,2026-09-15 17:20:53.263,
019D6ED5-0511-4821-864C-329CDB7BEF82,C37100,20260915,OT1_5,0,2,70FC22FC-0972-4261-99B3-226B15F00B33,2026-09-16 09:59:37.583,
98C5D736-F064-4C68-9D6F-C5467491AA12,C37103,20260914,OT1_5,0,2,70FC22FC-0972-4261-99B3-226B15F00B33,2026-09-15 17:20:42.287,
18FBC1C7-B251-475B-8527-BC9525481D43,C37103,20260915,OT1_5,0,2,70FC22FC-0972-4261-99B3-226B15F00B33,2026-09-16 09:59:29.963,
37105BA0-B6BE-483E-934F-2EF3D7466B8D,C37104,20260914,OT1_5,0,2,70FC22FC-0972-4261-99B3-226B15F00B33,2026-09-15 17:20:54.110,
40CE69E6-D55A-4C24-8F1E-F70443E2AE6A,C37107,20260914,OT1_5,0,2,70FC22FC-0972-4261-99B3-226B15F00B33,2026-09-15 17:21:05.003,
8A1592CB-8134-43BC-AC54-07DB307CD92F,C37108,20260914,OT1_5,0,2,70FC22FC-0972-4261-99B3-226B15F00B33,2026-09-15 17:20:41.130,
C8F28EBE-79CB-4F56-B808-2E6935F36A43,C37108,20260915,OT1_5,0,2,70FC22FC-0972-4261-99B3-226B15F00B33,2026-09-16 09:59:29.413,
56E69F7A-D087-4D99-97DC-DB0C72876659,C37110,20260914,OT1_5,0,2,70FC22FC-0972-4261-99B3-226B15F00B33,2026-09-15 17:20:58.810,
7078AE64-95E8-48E3-BD59-81AC768E1210,C37110,20260915,OT1_5,0,2,70FC22FC-0972-4261-99B3-226B15F00B33,2026-09-16 09:59:36.623,
9D1349C1-044A-4AF5-88ED-FCADC7A167A4,C37111,20260914,OT1_5,0,2,70FC22FC-0972-4261-99B3-226B15F00B33,2026-09-15 17:21:03.657,
88B1B907-7AAE-4F23-AFD2-3BCCA008A15B,C37112,20260914,OT1_5,0,2,70FC22FC-0972-4261-99B3-226B15F00B33,2026-09-15 17:21:05.057,
DF63BA44-2BBA-4235-8C57-4890D1BE145E,C37116,20260914,OT1_5,0,2,70FC22FC-0972-4261-99B3-226B15F00B33,2026-09-15 17:21:05.273,
2153C6F5-5618-4495-9324-EE9401787169,C37117,20260914,OT1_5,0,2,70FC22FC-0972-4261-99B3-226B15F00B33,2026-09-15 17:20:51.857,
4C8F1692-AF94-4E5F-81CA-3B182A864142,C37118,20260914,OT1_5,0,2,70FC22FC-0972-4261-99B3-226B15F00B33,2026-09-15 17:21:06.443,
4FCA4567-8796-444C-A727-A848EC468560,C37118,20260915,OT1_5,0,2,70FC22FC-0972-4261-99B3-226B15F00B33,2026-09-16 09:59:40.730,
53A26FDC-169E-4C58-8F48-2ED40952C427,C37119,20260914,OT1_5,0,2,70FC22FC-0972-4261-99B3-226B15F00B33,2026-09-15 17:21:35.637,
35100E85-BC17-453C-9550-9A754AD5CFA2,C37119,20260915,OT1_5,0,2,70FC22FC-0972-4261-99B3-226B15F00B33,2026-09-16 10:00:13.253,
EE36A02E-E0DE-46FA-9191-E0D5F36FB5C4,C37120,20260914,OT1_5,0,2,70FC22FC-0972-4261-99B3-226B15F00B33,2026-09-15 17:18:08.373,
119CE381-D60B-4CE1-98AA-7FC296B3B0B1,C37122,20260914,OT1_5,0,2,70FC22FC-0972-4261-99B3-226B15F00B33,2026-09-15 17:21:00.297,
313A40E9-B1D0-474C-9F5C-D37743EF7CFD,C37124,20260914,OT1_5,0,2,70FC22FC-0972-4261-99B3-226B15F00B33,2026-09-15 17:20:51.163,
453F3F45-A68E-407C-BA0B-3CC4BBF0F387,C37124,20260915,OT1_5,0,2,70FC22FC-0972-4261-99B3-226B15F00B33,2026-09-16 09:59:32.367,
252A4CCA-3773-4539-9C96-41DDE05D9B85,C37126,20260914,OT1_5,0,2,70FC22FC-0972-4261-99B3-226B15F00B33,2026-09-15 17:20:55.363,
F745D7DF-F030-447E-85E5-3A3573F2291C,C37127,20260914,OT1_5,0,2,70FC22FC-0972-4261-99B3-226B15F00B33,2026-09-15 17:21:00.237,
CF31471B-0990-44FB-9359-2EF7804F9472,C37127,20260915,OT1_5,0,2,70FC22FC-0972-4261-99B3-226B15F00B33,2026-09-16 09:59:39.157,
3AD3897D-8E40-49FF-9102-6BBDBA6BD1F0,C37128,20260914,OT1_5,0,2,70FC22FC-0972-4261-99B3-226B15F00B33,2026-09-15 17:20:53.353,
0BA530A5-6B81-4C58-9C8D-3090BF10821E,C37128,20260915,OT1_5,0,2,70FC22FC-0972-4261-99B3-226B15F00B33,2026-09-16 09:59:36.633,
8384329A-A31D-4420-846E-F433F5392D4A,C37129,20260914,OT1_5,0,2,70FC22FC-0972-4261-99B3-226B15F00B33,2026-09-15 17:20:51.400,
040E11FD-F157-459B-8D53-B14884333D18,C37129,20260915,OT1_5,0,2,70FC22FC-0972-4261-99B3-226B15F00B33,2026-09-16 09:59:37.633,
2696FDB5-13D2-4305-91A8-294F42C5C585,C37130,20260914,OT1_5,0,2,70FC22FC-0972-4261-99B3-226B15F00B33,2026-09-15 17:23:14.133,
012DE1A5-A7A5-4FCA-9ADB-2E4A79D8EE01,C37130,20260915,OT1_5,0,2,70FC22FC-0972-4261-99B3-226B15F00B33,2026-09-16 10:01:52.443,
E620A35A-5A76-4457-B7D4-0696020C4074,C37131,20260914,OT1_5,0,2,70FC22FC-0972-4261-99B3-226B15F00B33,2026-09-15 17:23:09.797,
9272024C-F783-411B-9D2A-6E93E3EC7A8A,C37131,20260915,OT1_5,0,2,70FC22FC-0972-4261-99B3-226B15F00B33,2026-09-16 10:01:49.197,
FBD62BCA-552F-4781-BAD6-7BBB3677CCC3,C37132,20260914,OT1_5,0,2,70FC22FC-0972-4261-99B3-226B15F00B33,2026-09-15 17:23:13.750,
0C553AF7-FF7D-4F47-A218-63640C8037AA,C37132,20260915,OT1_5,0,2,70FC22FC-0972-4261-99B3-226B15F00B33,2026-09-16 10:01:51.993,
CB6C82D1-EE9A-4E05-A319-5778CB66F0A8,C37134,20260914,OT1_5,0,2,70FC22FC-0972-4261-99B3-226B15F00B33,2026-09-15 17:23:09.047,
AA9391B8-FFB9-4E44-B5DC-FBD2DA70AF88,C37134,20260915,OT1_5,0,2,70FC22FC-0972-4261-99B3-226B15F00B33,2026-09-16 10:01:55.000,
913D7ECB-FE60-417C-BFFE-377FB19006F3,C37135,20260914,OT1_5,0,2,70FC22FC-0972-4261-99B3-226B15F00B33,2026-09-15 17:23:03.010,
8B93116F-1D63-47E1-9445-24A097FB403A,C37135,20260915,OT1_5,0,2,70FC22FC-0972-4261-99B3-226B15F00B33,2026-09-16 10:01:44.167,
23867E9B-0A28-4AEE-90C6-6E651FAEB45B,C37136,20260914,OT1_5,0,2,70FC22FC-0972-4261-99B3-226B15F00B33,2026-09-15 17:21:35.570,
83291232-9CC7-4C67-A84B-417D56E51E88,C37136,20260915,OT1_5,0,2,70FC22FC-0972-4261-99B3-226B15F00B33,2026-09-16 10:00:13.453,
BC2A9E79-B1C2-4BEF-9828-38510F3BDEBB,C37138,20260914,OT1_5,0,2,70FC22FC-0972-4261-99B3-226B15F00B33,2026-09-15 17:23:10.453,
E1F07B65-9876-4D0F-BB09-4749B3E7DFF3,C37138,20260915,OT1_5,0,2,70FC22FC-0972-4261-99B3-226B15F00B33,2026-09-16 10:01:48.933,
EEEE4641-EA5F-4610-B846-336E27C1BD9B,C37139,20260914,OT1_5,0,2,70FC22FC-0972-4261-99B3-226B15F00B33,2026-09-15 17:23:08.463,
46106CC7-C477-462A-8DA1-E321153DB098,C37139,20260915,OT1_5,0,2,70FC22FC-0972-4261-99B3-226B15F00B33,2026-09-16 10:01:47.403,
24D47292-E474-4C5A-A6F6-64C3820A7140,C37140,20260914,OT1_5,0,2,70FC22FC-0972-4261-99B3-226B15F00B33,2026-09-15 17:23:10.047,
FC883596-0AE4-4E34-A1FD-F33CFC5EB872,C37140,20260915,OT1_5,0,2,70FC22FC-0972-4261-99B3-226B15F00B33,2026-09-16 10:01:50.180,
EEAEAD1D-299C-4D31-B37B-5EF20171F94F,C37141,20260914,OT1_5,0,2,70FC22FC-0972-4261-99B3-226B15F00B33,2026-09-15 17:23:06.830,
54EFFDC3-D4BE-4400-B693-FDF349821871,C37141,20260915,OT1_5,0,2,70FC22FC-0972-4261-99B3-226B15F00B33,2026-09-16 10:01:47.833,
EC5EA67E-344C-4DC6-8796-E6A1956C5751,C37143,20260915,OT1_5,0,2,70FC22FC-0972-4261-99B3-226B15F00B33,2026-09-16 09:57:40.170,
738F4981-E664-4029-A962-76F73C503E0E,C37144,20260914,OT1_5,0,2,70FC22FC-0972-4261-99B3-226B15F00B33,2026-09-15 17:23:13.300,
AF30ED51-D676-46D7-A21A-642D07E98B10,C37144,20260915,OT1_5,0,2,70FC22FC-0972-4261-99B3-226B15F00B33,2026-09-16 10:01:53.903,
F06CA3F7-58E9-4029-81CB-045F131E6701,C37145,20260914,OT1_5,0,4,70FC22FC-0972-4261-99B3-226B15F00B33,2026-09-15 17:23:19.030,
896C5D7B-B06F-4E49-8B63-30AA837BD67F,C37146,20260914,OT1_5,0,2,70FC22FC-0972-4261-99B3-226B15F00B33,2026-09-15 17:23:05.297,
E1713946-7DED-4AA4-A2F9-045868F78DB6,C37146,20260915,OT1_5,0,2,70FC22FC-0972-4261-99B3-226B15F00B33,2026-09-16 10:01:43.600,
A8664CE8-9A3F-45D9-BB72-D33BF51D775F,C37147,20260914,OT1_5,0,2,70FC22FC-0972-4261-99B3-226B15F00B33,2026-09-15 17:23:06.953,
8BD6D0BA-33A4-4B0A-8465-1D448C113996,C37147,20260915,OT1_5,0,2,70FC22FC-0972-4261-99B3-226B15F00B33,2026-09-16 10:01:48.217,
154B51E5-3BA5-4BCB-AB1F-E89A79E1D73D,C37148,20260914,OT1_5,0,2,70FC22FC-0972-4261-99B3-226B15F00B33,2026-09-15 17:20:48.060,
3239DC2A-EE81-4930-AB8D-7132A415E816,C37148,20260915,OT1_5,0,2,70FC22FC-0972-4261-99B3-226B15F00B33,2026-09-16 09:59:36.290,
C62DA53D-A0BB-43D2-A1AF-610E859D1554,C37149,20260914,OT1_5,0,2,70FC22FC-0972-4261-99B3-226B15F00B33,2026-09-15 17:21:00.227,
F533AD46-7377-4436-A5D9-A861F6FFF277,C37149,20260915,OT1_5,0,2,70FC22FC-0972-4261-99B3-226B15F00B33,2026-09-16 09:59:38.103,
171C7918-824C-4D66-9F9C-20CD6A54D28D,C37150,20260914,OT1_5,0,2,70FC22FC-0972-4261-99B3-226B15F00B33,2026-09-15 17:21:06.123,
C4073EF8-D127-4B91-835C-084C8AE158C0,C37151,20260914,OT1_5,0,2,70FC22FC-0972-4261-99B3-226B15F00B33,2026-09-15 17:20:55.850,
6E84253A-D426-4F4F-AF09-FA2F0AAAF3CF,C37152,20260914,OT1_5,0,2,70FC22FC-0972-4261-99B3-226B15F00B33,2026-09-15 17:23:10.080,
670ECBA0-DFEE-482E-BE94-535A80BD7C40,C37152,20260915,OT1_5,0,2,70FC22FC-0972-4261-99B3-226B15F00B33,2026-09-16 10:01:50.087,
7BBFDC61-656A-4A29-A5F8-A50F16D3F8F6,C37153,20260914,OT1_5,0,2,70FC22FC-0972-4261-99B3-226B15F00B33,2026-09-15 17:23:13.290,
082E6644-31D2-4F53-984D-572609CFEFEF,C37153,20260915,OT1_5,0,2,70FC22FC-0972-4261-99B3-226B15F00B33,2026-09-16 10:01:54.147,
D4B40063-0653-4E63-B6BC-C7A15B62F3E8,C37154,20260914,OT1_5,0,2,70FC22FC-0972-4261-99B3-226B15F00B33,2026-09-15 17:21:35.380,
829DB35B-8391-4C5D-8D3D-021AED198921,C37155,20260914,OT1_5,0,2,70FC22FC-0972-4261-99B3-226B15F00B33,2026-09-15 17:21:35.210,
55B6C4D3-B20D-4E30-B7B2-DB3382E4EF54,C37155,20260915,OT1_5,0,2,70FC22FC-0972-4261-99B3-226B15F00B33,2026-09-16 10:00:13.747,
E42D413C-215D-4144-BBBC-231596D8122F,C37156,20260914,OT1_5,0,2,70FC22FC-0972-4261-99B3-226B15F00B33,2026-09-15 17:23:06.287,
B8AD7DCB-C66C-4798-B775-F77563B136A1,C37156,20260915,OT1_5,0,2,70FC22FC-0972-4261-99B3-226B15F00B33,2026-09-16 10:01:50.443,
1315220B-F8FA-40E2-82C6-35292E3A293A,C37158,20260914,OT1_5,0,2,70FC22FC-0972-4261-99B3-226B15F00B33,2026-09-15 17:20:40.243,
2918E6D7-3FF5-4929-A96D-DA6C0DC68FF3,C37159,20260915,OT1_5,0,2,70FC22FC-0972-4261-99B3-226B15F00B33,2026-09-16 09:59:30.023,
49CD1247-79A3-48F6-9016-EFF355F1EE75,C37160,20260914,OT1_5,0,2,70FC22FC-0972-4261-99B3-226B15F00B33,2026-09-15 17:21:02.003,
4B98BD44-F7F7-4FA7-AB78-940D3F8B1D87,C37164,20260914,OT1_5,0,2,70FC22FC-0972-4261-99B3-226B15F00B33,2026-09-15 17:18:09.460,
1981C792-7533-4361-B240-D7F65E6E2B7A,C37164,20260915,OT1_5,0,2,70FC22FC-0972-4261-99B3-226B15F00B33,2026-09-16 09:56:58.413,
E9DAE621-DC19-45A5-A490-4E5A059F11F3,C37165,20260914,OT1_5,0,2,70FC22FC-0972-4261-99B3-226B15F00B33,2026-09-15 17:23:15.020,
C720BE9A-4E38-43D8-B455-42F53CCA1A1D,C37165,20260915,OT1_5,0,2,70FC22FC-0972-4261-99B3-226B15F00B33,2026-09-16 10:01:54.543,
D24ADBB1-B070-4635-941B-1A0FE15979AA,C37166,20260914,OT1_5,0,2,70FC22FC-0972-4261-99B3-226B15F00B33,2026-09-15 17:23:15.033,
9F2460CD-8A5F-4891-93E6-23B141969AD0,C37166,20260915,OT1_5,0,2,70FC22FC-0972-4261-99B3-226B15F00B33,2026-09-16 10:01:54.523,
E20BC447-7478-40A7-93D6-F0486B86B6EF,C37169,20260914,OT1_5,0,2,70FC22FC-0972-4261-99B3-226B15F00B33,2026-09-15 17:23:03.773,
993858AC-2A00-407C-A6C5-B15CD4DBE8BB,C37170,20260914,OT1_5,0,2,70FC22FC-0972-4261-99B3-226B15F00B33,2026-09-15 17:23:03.693,
4B02A1A9-1BB3-44A1-A8DE-023F218AED85,C37171,20260914,OT1_5,0,2,70FC22FC-0972-4261-99B3-226B15F00B33,2026-09-15 17:23:03.757,
FD5C996B-D505-4946-8058-8D83FF4D2DC6,C37172,20260914,OT1_5,0,2,70FC22FC-0972-4261-99B3-226B15F00B33,2026-09-15 17:23:15.287,
214CBB8F-D082-4A58-8E05-CE4DBEFC0BDB,C37172,20260915,OT1_5,0,2,70FC22FC-0972-4261-99B3-226B15F00B33,2026-09-16 10:01:56.073,
6D5C0D75-D1F9-4D80-8540-985713F7D198,C37174,20260914,OT1_5,0,2,70FC22FC-0972-4261-99B3-226B15F00B33,2026-09-15 17:20:45.137,
D816C230-5E43-4860-8455-DC02B60B6F5C,C37174,20260915,OT1_5,0,2,70FC22FC-0972-4261-99B3-226B15F00B33,2026-09-16 09:59:30.720,
33483A88-169B-4CDD-898E-CD033AB784B4,C37175,20260914,OT1_5,0,2,70FC22FC-0972-4261-99B3-226B15F00B33,2026-09-15 17:20:58.550,
56235DFC-0539-4A17-B193-E2E700F36048,C37178,20260914,OT1_5,0,1.5,70FC22FC-0972-4261-99B3-226B15F00B33,2026-09-15 17:18:58.647,
530F8A29-F80E-4979-8E2D-603414B4B4D6,C37178,20260915,OT1_5,0,1.5,70FC22FC-0972-4261-99B3-226B15F00B33,2026-09-16 09:57:40.837,
11A59D0B-8494-49AC-892D-0D90EE187D88,C37179,20260914,OT1_5,0,2,70FC22FC-0972-4261-99B3-226B15F00B33,2026-09-15 17:20:45.120,
D694431F-CF18-4E5B-8A43-FEFCA7D87B81,C37179,20260915,OT1_5,0,2,70FC22FC-0972-4261-99B3-226B15F00B33,2026-09-16 09:59:31.877,
3E7DF9EE-31A1-4ADF-BD67-DE6F191AE02E,C37180,20260915,OT1_5,0,2,70FC22FC-0972-4261-99B3-226B15F00B33,2026-09-16 09:57:40.280,
4C5D03F0-70FF-4D48-BEBC-F3650A23B274,C37181,20260914,OT1_5,0,2,70FC22FC-0972-4261-99B3-226B15F00B33,2026-09-15 17:18:57.640,
366D821A-5EAB-499A-87C0-CDDD9A50B97A,C37182,20260914,OT1_5,0,2,70FC22FC-0972-4261-99B3-226B15F00B33,2026-09-15 17:21:35.910,
8E7E5AA4-B503-4FAD-8B23-6D60D38AF4CD,C37182,20260915,OT1_5,0,2,70FC22FC-0972-4261-99B3-226B15F00B33,2026-09-16 10:00:12.803,
202F2E4A-527C-4D94-8E6A-BBD81EBFF65C,C37183,20260915,OT1_5,0,1.5,70FC22FC-0972-4261-99B3-226B15F00B33,2026-09-16 09:57:41.027,
E5E27C6C-825E-4ED7-ACAB-2A6787B34F21,C37184,20260914,OT1_5,0,2,70FC22FC-0972-4261-99B3-226B15F00B33,2026-09-15 17:18:57.893,
86B45254-2693-4A52-9213-F9DBF471DDB2,C37184,20260915,OT1_5,0,2,70FC22FC-0972-4261-99B3-226B15F00B33,2026-09-16 09:57:39.820,
93E9D292-AD08-4E03-917E-8C60E8CF64F6,C37185,20260914,OT1_5,0,2,70FC22FC-0972-4261-99B3-226B15F00B33,2026-09-15 17:18:57.810,
5B0C7154-7FD6-46ED-A964-D0F1B6B5F442,C37185,20260915,OT1_5,0,2,70FC22FC-0972-4261-99B3-226B15F00B33,2026-09-16 09:57:40.030,
B848C662-D8BB-4D6A-A1B0-9D8B0A2F7BED,C37186,20260914,OT1_5,0,2,70FC22FC-0972-4261-99B3-226B15F00B33,2026-09-15 17:21:35.253,
31B76987-4584-4BAD-8FDC-67E05D7F732E,C37186,20260915,OT1_5,0,2,70FC22FC-0972-4261-99B3-226B15F00B33,2026-09-16 10:00:13.780,
DE0A55BA-145F-4163-A79A-6F2D0B0A5B58,C37187,20260914,OT1_5,0,2,70FC22FC-0972-4261-99B3-226B15F00B33,2026-09-15 17:20:46.570,
69901F1F-DE97-4416-8A8A-2DEAF22F4FB7,C37187,20260915,OT1_5,0,3,70FC22FC-0972-4261-99B3-226B15F00B33,2026-09-16 09:59:41.070,
B89C8C83-6210-4AE6-A2AE-76C9584BDBAB,C37188,20260914,OT1_5,0,2,70FC22FC-0972-4261-99B3-226B15F00B33,2026-09-15 17:21:36.123,
02E541E4-801E-440D-919E-5A5982D06F35,C37188,20260915,OT1_5,0,1.5,70FC22FC-0972-4261-99B3-226B15F00B33,2026-09-16 10:00:14.073,
1E32E554-E6CE-4795-BF18-1DA72DA960E1,C37191,20260914,OT1_5,0,2,70FC22FC-0972-4261-99B3-226B15F00B33,2026-09-15 17:21:35.940,
349AFF44-C680-4017-A9BB-141636EA35F4,C37191,20260915,OT1_5,0,1.5,70FC22FC-0972-4261-99B3-226B15F00B33,2026-09-16 10:00:14.083,
4DED29F7-B4BB-453B-AADF-EE8C25545814,C37192,20260914,OT1_5,0,2,70FC22FC-0972-4261-99B3-226B15F00B33,2026-09-15 17:21:36.613,
BF95B319-D86E-4EC1-8B04-2C4B71807050,C37192,20260915,OT1_5,0,1.5,70FC22FC-0972-4261-99B3-226B15F00B33,2026-09-16 10:00:14.143,
2BE26097-D19B-43FB-9579-6B07DD667460,C37193,20260914,OT1_5,0,2,70FC22FC-0972-4261-99B3-226B15F00B33,2026-09-15 17:21:36.000,
436A7821-B14A-44F7-A1BA-5946F4E2A60E,C37193,20260915,OT1_5,0,2,70FC22FC-0972-4261-99B3-226B15F00B33,2026-09-16 10:00:12.887,
37ED1FD9-E67F-4AFC-BCF6-C82DFC622B39,C37194,20260914,OT1_5,0,2,70FC22FC-0972-4261-99B3-226B15F00B33,2026-09-15 17:21:36.147,
2571B95D-C5C2-46C6-8AB8-CD261E53FC05,C37194,20260915,OT1_5,0,1.5,70FC22FC-0972-4261-99B3-226B15F00B33,2026-09-16 10:00:14.100,
02015368-2986-41C6-81DF-1C19EF690F6A,C37195,20260914,OT1_5,0,2,70FC22FC-0972-4261-99B3-226B15F00B33,2026-09-15 17:21:35.953,
BA891FC8-E30D-40D5-BF05-B3933169EA8C,C37195,20260915,OT1_5,0,2,70FC22FC-0972-4261-99B3-226B15F00B33,2026-09-16 10:00:12.933,
7B2FE7BE-59BB-4946-BBB3-C2C766F1BBFC,C37196,20260914,OT1_5,0,2,70FC22FC-0972-4261-99B3-226B15F00B33,2026-09-15 17:21:35.830,
785EC2E7-E134-48A9-9670-5AE8E478AE85,C37196,20260915,OT1_5,0,2,70FC22FC-0972-4261-99B3-226B15F00B33,2026-09-16 10:00:13.443,
E4481ED8-09CC-4AA1-B3AC-80555224C187,C37197,20260914,OT1_5,0,2,70FC22FC-0972-4261-99B3-226B15F00B33,2026-09-15 17:21:36.063,
E14A7961-7B0D-4C92-B9CA-EC03AA37E33C,C37197,20260915,OT1_5,0,1.5,70FC22FC-0972-4261-99B3-226B15F00B33,2026-09-16 10:00:14.173,
93C18F36-1F3D-4685-BFD5-036EF6326A0B,C37199,20260915,OT1_5,0,2,70FC22FC-0972-4261-99B3-226B15F00B33,2026-09-16 10:01:56.190,
A7A1CBB8-B8DA-44C6-B2AE-245465716029,C37202,20260915,OT1_5,0,2,70FC22FC-0972-4261-99B3-226B15F00B33,2026-09-16 10:01:53.560,
B6A90BCB-D391-4CB7-8EDB-61E246098466,C37203,20260915,OT1_5,0,2,70FC22FC-0972-4261-99B3-226B15F00B33,2026-09-16 10:01:53.353,
B83AE1EE-C2C6-4B1F-9DCE-F3ACC1B86966,C37205,20260914,OT1_5,0,2,70FC22FC-0972-4261-99B3-226B15F00B33,2026-09-15 17:21:36.603,
3DE7628C-43F9-4A77-B3DC-5D590495F89D,C37205,20260915,OT1_5,0,1.5,70FC22FC-0972-4261-99B3-226B15F00B33,2026-09-16 10:00:14.090,
A3EF9489-C5B9-457D-B5D8-44FB99CE51AF,C37206,20260914,OT1_5,0,2,70FC22FC-0972-4261-99B3-226B15F00B33,2026-09-15 17:21:35.973,
4140FD9A-C5A5-41F2-A2A4-CEAD211FB2EB,C37206,20260915,OT1_5,0,1.5,70FC22FC-0972-4261-99B3-226B15F00B33,2026-09-16 10:00:14.137,
905C8EBE-5036-4008-8B80-2EEE4B290508,C37207,20260914,OT1_5,0,2,70FC22FC-0972-4261-99B3-226B15F00B33,2026-09-15 17:21:34.867,
49E5CBF8-9411-448D-8E7B-C61395691C16,C37207,20260915,OT1_5,0,1.5,70FC22FC-0972-4261-99B3-226B15F00B33,2026-09-16 10:00:14.123,
4E457B98-5A0A-4CA8-9410-A50B642A059D,C37208,20260914,OT1_5,0,2,70FC22FC-0972-4261-99B3-226B15F00B33,2026-09-15 17:21:34.857,
182C4448-1E62-40A9-9B12-85CDB8A36313,C37208,20260915,OT1_5,0,2,70FC22FC-0972-4261-99B3-226B15F00B33,2026-09-16 10:00:13.950,
2D97FCEF-6BA5-48D1-8D52-3C6B72ABD141,C37210,20260914,OT1_5,0,2,70FC22FC-0972-4261-99B3-226B15F00B33,2026-09-15 17:21:35.433,
43FAA597-679F-40DC-9594-C195862BAB4C,C37210,20260915,OT1_5,0,1.5,70FC22FC-0972-4261-99B3-226B15F00B33,2026-09-16 10:00:14.110,
4B051B28-B61B-4FCE-BE9E-28ABCA2BF3A9,C37211,20260914,OT1_5,0,2,70FC22FC-0972-4261-99B3-226B15F00B33,2026-09-15 17:21:36.820,
EC0F40F9-3C04-46C6-B4C4-3A2F36B08055,C37211,20260915,OT1_5,0,2,70FC22FC-0972-4261-99B3-226B15F00B33,2026-09-16 10:00:13.913,
2B7E6073-B2AF-48AE-95AF-492F8B909B02,C37212,20260914,OT1_5,0,2,70FC22FC-0972-4261-99B3-226B15F00B33,2026-09-15 17:21:36.043,
24B1A84E-0132-4CDC-AE50-81EBF8A3897A,C37212,20260915,OT1_5,0,2,70FC22FC-0972-4261-99B3-226B15F00B33,2026-09-16 10:00:13.923,
89C5390F-BA23-4C67-9891-D91C70B0408D,C37213,20260914,OT1_5,0,2,70FC22FC-0972-4261-99B3-226B15F00B33,2026-09-15 17:21:36.230,
27A84438-66C4-453F-B2F7-B3F1C8183B79,C37213,20260915,OT1_5,0,1.5,70FC22FC-0972-4261-99B3-226B15F00B33,2026-09-16 10:00:14.040,
1B083DF0-288D-4F5A-A341-967880D32A47,C37214,20260914,OT1_5,0,2,70FC22FC-0972-4261-99B3-226B15F00B33,2026-09-15 17:21:36.590,
F9E493C2-AD00-49E7-9097-FB3F849FA725,C37214,20260915,OT1_5,0,1.5,70FC22FC-0972-4261-99B3-226B15F00B33,2026-09-16 10:00:14.117,
10E2C310-0E6E-4C31-8EEF-F77DB7675953,C37215,20260914,OT1_5,0,2,70FC22FC-0972-4261-99B3-226B15F00B33,2026-09-15 17:21:36.567,
D8BCD0C8-37D0-43CB-8423-C9172137F0A3,C37215,20260915,OT1_5,0,1.5,70FC22FC-0972-4261-99B3-226B15F00B33,2026-09-16 10:00:14.060,
E1CDC544-F4B1-41E9-AA0D-B9E45D1F1952,C37216,20260914,OT1_5,0,2,70FC22FC-0972-4261-99B3-226B15F00B33,2026-09-15 17:21:36.580,
2767356C-BA91-4260-9CC1-BB63D4222A43,C37216,20260915,OT1_5,0,1.5,70FC22FC-0972-4261-99B3-226B15F00B33,2026-09-16 10:00:14.050,
A17D8446-A803-472B-8233-F3ECC7D226FD,C37218,20260914,OT1_5,0,2,70FC22FC-0972-4261-99B3-226B15F00B33,2026-09-15 17:21:36.393,
20325749-5E7F-4964-A36A-5AE7AC3B6197,C37218,20260915,OT1_5,0,2,70FC22FC-0972-4261-99B3-226B15F00B33,2026-09-16 10:00:12.657,
5EBEEC73-919A-4B11-928F-7DE78E1E9B34,C37221,20260914,OT1_5,0,2,70FC22FC-0972-4261-99B3-226B15F00B33,2026-09-15 17:21:36.077,
3D99DA75-EE53-41B0-AACC-9F921061D31D,C37221,20260915,OT1_5,0,1.5,70FC22FC-0972-4261-99B3-226B15F00B33,2026-09-16 10:00:14.200,
E916D3BD-BDA3-4639-AD53-2DEDD6A51ECD,C37222,20260914,OT1_5,0,2,70FC22FC-0972-4261-99B3-226B15F00B33,2026-09-15 17:21:35.540,
15B2680B-6747-47B7-952E-90A4DFE31F3B,C37222,20260915,OT1_5,0,1.5,70FC22FC-0972-4261-99B3-226B15F00B33,2026-09-16 10:00:14.163,
801DD527-0FC5-4A6D-9686-D3D755610F41,C37223,20260915,OT1_5,0,1.5,70FC22FC-0972-4261-99B3-226B15F00B33,2026-09-16 10:00:14.190,
6C779D95-3399-4AE1-A434-794EA5373696,C37226,20260915,OT1_5,0,2,70FC22FC-0972-4261-99B3-226B15F00B33,2026-09-16 09:57:40.103,
55D4695C-E06B-4619-84F6-A93D720F3CFC,C37227,20260915,OT1_5,0,2,70FC22FC-0972-4261-99B3-226B15F00B33,2026-09-16 09:57:40.397,
B32068F1-B8FC-4AC5-A278-4A53003DE88C,C37228,20260914,OT1_5,0,2,70FC22FC-0972-4261-99B3-226B15F00B33,2026-09-15 17:18:57.973,
E86B3031-222D-46E4-90E7-727229DF9A37,C37228,20260915,OT1_5,0,2,70FC22FC-0972-4261-99B3-226B15F00B33,2026-09-16 09:57:39.887,
61EF0166-D307-4370-B64F-19A054F2CE26,C37229,20260914,OT1_5,0,4,70FC22FC-0972-4261-99B3-226B15F00B33,2026-09-15 17:20:39.467,
3A021D2F-40AD-4B07-8DE2-15A2F6669A53,C37229,20260915,OT1_5,0,4,70FC22FC-0972-4261-99B3-226B15F00B33,2026-09-16 09:59:41.120,
96667DF1-99C4-47AD-B4FD-D38724324C1F,C37230,20260914,OT1_5,0,1.5,70FC22FC-0972-4261-99B3-226B15F00B33,2026-09-15 17:18:58.817,
86C2C177-FF23-4968-9506-6B5EA79EDA3F,C37230,20260915,OT1_5,0,2,70FC22FC-0972-4261-99B3-226B15F00B33,2026-09-16 09:57:40.267,
0A0B2C7C-71F8-465F-80C3-DD984896B360,C37232,20260914,OT1_5,0,2,70FC22FC-0972-4261-99B3-226B15F00B33,2026-09-15 17:21:36.100,
2949C4D5-9C17-4340-A4DD-800600EB2998,C37232,20260915,OT1_5,0,2,70FC22FC-0972-4261-99B3-226B15F00B33,2026-09-16 10:00:13.140,
455F23D1-158B-4A44-AC3E-C106EA6F7ECC,C37234,20260914,OT1_5,0,2,70FC22FC-0972-4261-99B3-226B15F00B33,2026-09-15 17:21:35.763,
6C6D26B1-5073-4B00-8A52-835D0FEF5D14,C37234,20260915,OT1_5,0,2,70FC22FC-0972-4261-99B3-226B15F00B33,2026-09-16 10:00:13.560,
04816741-6C40-43B9-BB1E-D2B2E50DFAAB,C37235,20260914,OT1_5,0,2,70FC22FC-0972-4261-99B3-226B15F00B33,2026-09-15 17:21:36.843,
0DC3F96A-BD98-4F8E-A8DF-5E4D0F8702BA,C37235,20260915,OT1_5,0,2,70FC22FC-0972-4261-99B3-226B15F00B33,2026-09-16 10:00:13.573,
81C6BBAF-34D8-46F7-A0E4-25A5C60F1AEA,C37236,20260914,OT1_5,0,2,70FC22FC-0972-4261-99B3-226B15F00B33,2026-09-15 17:21:36.447,
041F7F8B-3973-4F6F-8864-62478F23F4B9,C37236,20260915,OT1_5,0,2,70FC22FC-0972-4261-99B3-226B15F00B33,2026-09-16 10:00:12.527,
7166B7A9-A567-47EA-AFDA-352A6A6AD352,C37237,20260914,OT1_5,0,2,70FC22FC-0972-4261-99B3-226B15F00B33,2026-09-15 17:21:36.457,
A388434C-6EBD-4464-847E-5AFE62F74817,C37237,20260915,OT1_5,0,2,70FC22FC-0972-4261-99B3-226B15F00B33,2026-09-16 10:00:12.500,
EF09D507-6FB8-4BBF-968A-FB0C75C263F2,C37238,20260914,OT1_5,0,2,70FC22FC-0972-4261-99B3-226B15F00B33,2026-09-15 17:21:36.433,
6A6953F6-FD73-4911-AB39-D1B0C72A0E02,C37238,20260915,OT1_5,0,2,70FC22FC-0972-4261-99B3-226B15F00B33,2026-09-16 10:00:12.593,
6F694E4D-E3EE-492F-A99E-482BDBE8CF8C,C37239,20260914,OT1_5,0,2,70FC22FC-0972-4261-99B3-226B15F00B33,2026-09-15 17:21:36.260,
B1753732-C837-468F-B33F-D717654B5937,C37239,20260915,OT1_5,0,2,70FC22FC-0972-4261-99B3-226B15F00B33,2026-09-16 10:00:12.730,
1614FB4C-52C5-4BBF-912E-5868BFA19769,C37240,20260914,OT1_5,0,2,70FC22FC-0972-4261-99B3-226B15F00B33,2026-09-15 17:21:36.423,
D9C0BA4D-B1E3-4D8E-8A47-D02EC69FFF6A,C37240,20260915,OT1_5,0,2,70FC22FC-0972-4261-99B3-226B15F00B33,2026-09-16 10:00:12.480,
1815157D-78E1-4A7D-93CB-06D6E4D961A3,C37241,20260914,OT1_5,0,2,70FC22FC-0972-4261-99B3-226B15F00B33,2026-09-15 17:21:35.797,
689F7075-5248-433F-AA2E-E8F003F9A10C,C37241,20260915,OT1_5,0,2,70FC22FC-0972-4261-99B3-226B15F00B33,2026-09-16 10:00:13.093,
A788FB32-7678-418A-BDF0-D5459D066D46,C37242,20260914,OT1_5,0,2,70FC22FC-0972-4261-99B3-226B15F00B33,2026-09-15 17:21:35.147,
D2DA9682-891D-47AE-A5B6-D70BC002CBDE,C37242,20260915,OT1_5,0,2,70FC22FC-0972-4261-99B3-226B15F00B33,2026-09-16 10:00:12.387,
36950F0B-B712-4390-BC11-8A3C0CC35B34,C37244,20260914,OT1_5,0,2,70FC22FC-0972-4261-99B3-226B15F00B33,2026-09-15 17:18:58.447,
6A901432-7330-4A37-B7A5-0C76C38E315A,C37244,20260915,OT1_5,0,2,70FC22FC-0972-4261-99B3-226B15F00B33,2026-09-16 09:57:40.613,
DC6530D6-7421-4ABF-845A-32D3CAEB7E29,C37249,20260914,OT1_5,0,4,70FC22FC-0972-4261-99B3-226B15F00B33,2026-09-15 17:18:57.163,
5624C1B8-2E46-4283-9B1F-29A4DD9A9993,C37249,20260915,OT1_5,0,4,70FC22FC-0972-4261-99B3-226B15F00B33,2026-09-16 09:57:39.457,
6B3AA8B8-1835-4F04-BC19-52BF5797DDED,C37250,20260914,OT1_5,0,4,70FC22FC-0972-4261-99B3-226B15F00B33,2026-09-15 17:18:57.180,
1A1C6E5E-3B8D-4FB1-817F-2FB06C19B3F0,C37250,20260915,OT1_5,0,4,70FC22FC-0972-4261-99B3-226B15F00B33,2026-09-16 09:57:39.367,
901CF5C4-1BF1-47AB-8DB6-E28FCE8796D9,C37252,20260915,OT1_5,0,4,70FC22FC-0972-4261-99B3-226B15F00B33,2026-09-16 09:57:39.250,
1C1D2065-1D87-4D92-AFA9-7A13E12BF5D2,C37253,20260914,OT1_5,0,2,70FC22FC-0972-4261-99B3-226B15F00B33,2026-09-15 17:21:35.650,
486E32E0-CE26-4A06-91D3-87DD9C31F4D6,C37253,20260915,OT1_5,0,2,70FC22FC-0972-4261-99B3-226B15F00B33,2026-09-16 10:00:13.650,
940C1398-C383-4E5A-A77F-3A86195E91AB,C37254,20260914,OT1_5,0,2,70FC22FC-0972-4261-99B3-226B15F00B33,2026-09-15 17:18:57.710,
1ED4B92A-349A-4AF7-922C-0BCC9FE4161F,C37254,20260915,OT1_5,0,2,70FC22FC-0972-4261-99B3-226B15F00B33,2026-09-16 09:57:40.550,
45EDE8E9-203F-4819-80F4-D36A2C8029BD,C37255,20260915,OT1_5,0,2,70FC22FC-0972-4261-99B3-226B15F00B33,2026-09-16 09:57:40.090,
4F790743-4040-4A7E-8CDB-FC37C638A31D,C37256,20260914,OT1_5,0,2,70FC22FC-0972-4261-99B3-226B15F00B33,2026-09-15 17:18:58.210,
B84FA856-6B66-4A5D-9CCC-428DC201C7F8,C37256,20260915,OT1_5,0,2,70FC22FC-0972-4261-99B3-226B15F00B33,2026-09-16 09:57:40.123,
A0747D3F-337D-4398-99BB-CC2AAE5C465F,F00003,20260914,OT1_5,0,2,70FC22FC-0972-4261-99B3-226B15F00B33,2026-09-15 17:16:58.867,
D84EA2E2-175D-404B-8267-7CAB4D89E7D2,F00003,20260915,OT1_5,0,2,70FC22FC-0972-4261-99B3-226B15F00B33,2026-09-16 09:56:11.613,
25D777AC-DC4D-4F97-B4B0-82EDF1785235,F00005,20260914,OT1_5,0,2,70FC22FC-0972-4261-99B3-226B15F00B33,2026-09-15 17:16:58.873,
BB3602B2-8217-451B-AFAC-F84F054CAE97,F00005,20260915,OT1_5,0,2,70FC22FC-0972-4261-99B3-226B15F00B33,2026-09-16 09:56:11.793,
4A0673CD-8DDD-477C-AC38-B3C9499AD388,F00009,20260914,OT1_5,0,3.5,70FC22FC-0972-4261-99B3-226B15F00B33,2026-09-15 17:21:34.670,
6C0F6283-D1D6-4018-83F9-3FD25F871301,F00009,20260915,OT1_5,0,5.5,70FC22FC-0972-4261-99B3-226B15F00B33,2026-09-16 10:00:11.580,
5764051B-0D9E-47C5-B04D-F96BB09B020D,F00011,20260914,OT1_5,0,3.5,70FC22FC-0972-4261-99B3-226B15F00B33,2026-09-15 17:21:34.737,
ED5DB647-2FAA-4130-938A-7A909ECDDE06,F00011,20260915,OT1_5,0,5.5,70FC22FC-0972-4261-99B3-226B15F00B33,2026-09-16 10:00:11.480,
E0ACAE68-8E90-4452-BD88-080C03256739,F00013,20260914,OT1_5,0,3.5,70FC22FC-0972-4261-99B3-226B15F00B33,2026-09-15 17:21:34.707,
68F5E5C0-5C17-492B-83E4-3CB2C4636C4A,F00013,20260915,OT1_5,0,5.5,70FC22FC-0972-4261-99B3-226B15F00B33,2026-09-16 10:00:11.667,
407E53C6-01FB-4099-BCE0-FB9A6804D1B6,F00016,20260914,OT1_5,0,1.5,70FC22FC-0972-4261-99B3-226B15F00B33,2026-09-15 17:18:58.707,
ADB331A3-B37A-4BF5-B800-CF2B5B529ABD,F00016,20260915,OT1_5,0,1.5,70FC22FC-0972-4261-99B3-226B15F00B33,2026-09-16 09:57:40.850,
02A33219-7358-4E65-9FF7-9CA8AF1742B4,F00021,20260914,OT1_5,0,3.5,70FC22FC-0972-4261-99B3-226B15F00B33,2026-09-15 17:21:34.770,
043C572F-0839-4700-A6EF-56352181426E,F00021,20260915,OT1_5,0,5.5,70FC22FC-0972-4261-99B3-226B15F00B33,2026-09-16 10:00:11.697,
419A6AA2-39E6-4ABF-A6EC-243DB830B09F,F00025,20260914,OT1_5,0,1.5,70FC22FC-0972-4261-99B3-226B15F00B33,2026-09-15 17:18:58.680,
BFC638C1-3892-4BF0-BBD7-6F09C97BFC91,F00025,20260915,OT1_5,0,1.5,70FC22FC-0972-4261-99B3-226B15F00B33,2026-09-16 09:57:40.940,
A703807C-0DA5-40DC-8BE1-9E8DAB93CDA5,F00027,20260915,OT1_5,0,5.5,70FC22FC-0972-4261-99B3-226B15F00B33,2026-09-16 10:00:11.450,
7FCE91FE-F949-4D85-932C-F9B78188D0ED,F00041,20260914,OT1_5,0,2,70FC22FC-0972-4261-99B3-226B15F00B33,2026-09-15 17:21:35.123,
70D6E693-2227-4D74-BD84-9C9F4E5697BB,F00041,20260915,OT1_5,0,2,70FC22FC-0972-4261-99B3-226B15F00B33,2026-09-16 10:00:13.810,
F8BE92CC-9C0A-4DD8-9D35-8C71ED4E5D3F,F00044,20260914,OT1_5,0,2,70FC22FC-0972-4261-99B3-226B15F00B33,2026-09-15 17:21:35.137,
C5454020-DA29-462A-8E2F-1956A6314981,F00044,20260915,OT1_5,0,2,70FC22FC-0972-4261-99B3-226B15F00B33,2026-09-16 10:00:13.800,
BF002A71-97A0-4E4C-8695-66EC6C2D10C9,F00045,20260914,OT1_5,0,2,70FC22FC-0972-4261-99B3-226B15F00B33,2026-09-15 17:23:15.117,
B412671D-5BEC-440D-8A6D-7039876ED1E6,F00045,20260915,OT1_5,0,2,70FC22FC-0972-4261-99B3-226B15F00B33,2026-09-16 10:01:53.180,
5BC7DB4B-D500-449C-874C-6D7FB2C7CE43,F00053,20260914,OT1_5,0,2,70FC22FC-0972-4261-99B3-226B15F00B33,2026-09-15 17:21:36.403,
51879E7B-2FCD-49C3-9C0C-56AC37649DC5,F00053,20260915,OT1_5,0,2,70FC22FC-0972-4261-99B3-226B15F00B33,2026-09-16 10:00:12.717,
352941DC-3763-4586-9ACA-B7FC6439F2BE,F00054,20260914,OT1_5,0,2,70FC22FC-0972-4261-99B3-226B15F00B33,2026-09-15 17:21:35.170,
9F9A3B21-D29E-43AF-BCC9-8BAFCA56FBA2,F00054,20260915,OT1_5,0,2,70FC22FC-0972-4261-99B3-226B15F00B33,2026-09-16 10:00:13.830,
4D6A8926-5413-436D-94EF-D892FBE01A88,F00055,20260914,OT1_5,0,3.5,70FC22FC-0972-4261-99B3-226B15F00B33,2026-09-15 17:18:57.347,
551490A6-67A9-434A-A1A1-52A10D7C4F60,F00055,20260915,OT1_5,0,5.5,70FC22FC-0972-4261-99B3-226B15F00B33,2026-09-16 09:57:38.980,
C46A6217-1B11-4BE9-881B-A71BD74F685B,F00056,20260914,OT1_5,0,2,70FC22FC-0972-4261-99B3-226B15F00B33,2026-09-15 17:21:35.930,
86DCB779-D960-4432-942E-2F88573E3403,F00056,20260915,OT1_5,0,2,70FC22FC-0972-4261-99B3-226B15F00B33,2026-09-16 10:00:13.013,
AD7539FF-F249-4708-B6D6-4C85C29EA83E,F00058,20260914,OT1_5,0,3.5,70FC22FC-0972-4261-99B3-226B15F00B33,2026-09-15 17:18:57.207,
3F41DFC3-A796-43D2-A7C5-B810EC399DF8,F00058,20260915,OT1_5,0,5.5,70FC22FC-0972-4261-99B3-226B15F00B33,2026-09-16 09:57:39.043,
A41E6DDB-56F0-4A42-BC6B-86314EE14D3A,F00067,20260914,OT1_5,0,2,70FC22FC-0972-4261-99B3-226B15F00B33,2026-09-15 17:21:36.727,
1C3D41DF-9A4D-4FBC-8B93-4E9F60993285,F00067,20260915,OT1_5,0,2,70FC22FC-0972-4261-99B3-226B15F00B33,2026-09-16 10:00:12.410,
D20A171A-0252-4C24-9278-732CFE4819DA,F00069,20260914,OT1_5,0,2,70FC22FC-0972-4261-99B3-226B15F00B33,2026-09-15 17:21:36.750,
45021A50-C97F-466F-8E63-12D8A69D5BCD,F00069,20260915,OT1_5,0,2,70FC22FC-0972-4261-99B3-226B15F00B33,2026-09-16 10:00:12.450,
D5527326-8CBE-4092-8FE4-B58E49A6D286,F00071,20260914,OT1_5,0,2,70FC22FC-0972-4261-99B3-226B15F00B33,2026-09-15 17:18:02.713,
9B35FB6A-3DED-441E-BA78-1966B03AB8D7,F00071,20260915,OT1_5,0,2,70FC22FC-0972-4261-99B3-226B15F00B33,2026-09-16 09:56:58.767,
34CD8916-961A-4CE6-99C3-510FC34C030B,F00072,20260914,OT1_5,0,2,70FC22FC-0972-4261-99B3-226B15F00B33,2026-09-15 17:16:58.887,
BCBAF870-1736-45E5-A036-6F6921CF7EFE,F00072,20260915,OT1_5,0,2,70FC22FC-0972-4261-99B3-226B15F00B33,2026-09-16 09:56:11.673,
1E225A70-9715-470C-9D62-0942F3E3EA9D,F00075,20260914,OT1_5,0,2,70FC22FC-0972-4261-99B3-226B15F00B33,2026-09-15 17:18:02.670,
8EE5FF8C-07F3-408B-ACDF-FF7C5548C897,F00075,20260915,OT1_5,0,2,70FC22FC-0972-4261-99B3-226B15F00B33,2026-09-16 09:56:58.733,
243DE92A-BB7B-4B20-ACB5-9B9A7DA96C45,F00076,20260914,OT1_5,0,2,70FC22FC-0972-4261-99B3-226B15F00B33,2026-09-15 17:21:35.157,
47A91A0C-A295-4BCA-99D8-C578F7BC203F,F00076,20260915,OT1_5,0,2,70FC22FC-0972-4261-99B3-226B15F00B33,2026-09-16 10:00:13.820,
470B42E6-F049-4B63-85EC-0B5E25CC8FE6,F00079,20260914,OT1_5,0,2,70FC22FC-0972-4261-99B3-226B15F00B33,2026-09-15 17:21:36.203,
EF88E827-62B9-44CC-ABB2-BA75CBD17C67,F00079,20260915,OT1_5,0,2,70FC22FC-0972-4261-99B3-226B15F00B33,2026-09-16 10:00:13.173,
8AEB8549-501C-4D31-AFD7-05DE7B28B2C8,F00081,20260914,OT1_5,0,2,70FC22FC-0972-4261-99B3-226B15F00B33,2026-09-15 17:21:35.723,
7BAA812E-276F-43AE-BAF2-3EEDA8BA2E28,F00081,20260915,OT1_5,0,2,70FC22FC-0972-4261-99B3-226B15F00B33,2026-09-16 10:00:13.353,
061DC9E2-9F18-478D-AD36-25C431AFE2F1,F00082,20260914,OT1_5,0,2,70FC22FC-0972-4261-99B3-226B15F00B33,2026-09-15 17:21:35.713,
E28B8571-5A04-42B1-87C8-27E1DB6634F2,F00083,20260914,OT1_5,0,2,70FC22FC-0972-4261-99B3-226B15F00B33,2026-09-15 17:21:36.183,
53777D62-645E-4EFD-B749-84358265A226,F00083,20260915,OT1_5,0,2,70FC22FC-0972-4261-99B3-226B15F00B33,2026-09-16 10:00:13.197,
34826A41-CBA8-417B-8324-23F677410B0F,F00085,20260914,OT1_5,0,2,70FC22FC-0972-4261-99B3-226B15F00B33,2026-09-15 17:21:36.170,
407E0F28-3CAF-4D1E-87F8-2D7AE25EDC11,F00085,20260915,OT1_5,0,2,70FC22FC-0972-4261-99B3-226B15F00B33,2026-09-16 10:00:13.117,
EBA961C3-78B7-447D-85BA-E739A3F41DC6,F00086,20260914,OT1_5,0,2,70FC22FC-0972-4261-99B3-226B15F00B33,2026-09-15 17:21:36.217,
0A1DB7FD-9B42-4FC5-9121-67B934F8EC85,F00086,20260915,OT1_5,0,2,70FC22FC-0972-4261-99B3-226B15F00B33,2026-09-16 10:00:13.127,
E260351F-E1F3-473E-B16B-709CED98B3E3,F00087,20260914,OT1_5,0,2,70FC22FC-0972-4261-99B3-226B15F00B33,2026-09-15 17:18:07.717,
C83CA5CC-3E8A-4AD5-88F4-A91A8F8B010F,F00087,20260915,OT1_5,0,2,70FC22FC-0972-4261-99B3-226B15F00B33,2026-09-16 09:56:56.537,
FA6ED0C4-2C42-46A3-A5D5-4788BBE2DE96,F00088,20260914,OT1_5,0,2,70FC22FC-0972-4261-99B3-226B15F00B33,2026-09-15 17:23:15.130,
DEDC1C1B-7633-439B-B350-2D704ED475A6,F00088,20260915,OT1_5,0,2,70FC22FC-0972-4261-99B3-226B15F00B33,2026-09-16 10:01:52.640,
4287FFEA-DF9C-4BEB-A6B9-F06180AF83B1,F00089,20260914,OT1_5,0,2,70FC22FC-0972-4261-99B3-226B15F00B33,2026-09-15 17:21:36.157,
D31B29AA-2C6C-4B70-A0FD-BC910AEEE394,F00089,20260915,OT1_5,0,2,70FC22FC-0972-4261-99B3-226B15F00B33,2026-09-16 10:00:13.153,
EA69EB7F-B892-4534-B969-778378C84A22,F00090,20260914,OT1_5,0,2,70FC22FC-0972-4261-99B3-226B15F00B33,2026-09-15 17:21:35.753,
A768EB0E-4081-4E44-9889-085C51ADF9BE,F00090,20260915,OT1_5,0,2,70FC22FC-0972-4261-99B3-226B15F00B33,2026-09-16 10:00:13.387,
E474C42C-5110-4A76-B282-DD2AB98DE628,F00091,20260914,OT1_5,0,2,70FC22FC-0972-4261-99B3-226B15F00B33,2026-09-15 17:21:35.483,
7E36772D-D3E4-4792-9657-DB04B7EC7A2F,F00091,20260915,OT1_5,0,2,70FC22FC-0972-4261-99B3-226B15F00B33,2026-09-16 10:00:13.343,
F5446884-332B-4118-96A1-361E79ACD30C,F00092,20260914,OT1_5,0,2,70FC22FC-0972-4261-99B3-226B15F00B33,2026-09-15 17:21:36.370,
086690B7-BF9F-4A35-8BD1-BB5C138082AA,F00092,20260915,OT1_5,0,2,70FC22FC-0972-4261-99B3-226B15F00B33,2026-09-16 10:00:12.970,
EEB28024-47D6-45C5-A49F-FD110ABAC2C9,F00093,20260914,OT1_5,0,3.5,70FC22FC-0972-4261-99B3-226B15F00B33,2026-09-15 17:21:34.697,
26FAEC07-593C-46A6-A8DF-F379432C8BB8,F00093,20260915,OT1_5,0,5.5,70FC22FC-0972-4261-99B3-226B15F00B33,2026-09-16 10:00:11.610,
1CB540AD-C4EE-4585-9F05-F900B2FB694A,F00094,20260914,OT1_5,0,2,70FC22FC-0972-4261-99B3-226B15F00B33,2026-09-15 17:21:36.193,
04851D47-15FE-4390-80C0-EC50F3442D38,F00094,20260915,OT1_5,0,2,70FC22FC-0972-4261-99B3-226B15F00B33,2026-09-16 10:00:13.187,
CD966405-8ACD-4DE0-AE73-28931EE4C5F8,F00095,20260914,OT1_5,0,2,70FC22FC-0972-4261-99B3-226B15F00B33,2026-09-15 17:21:35.807,
C4989DF9-E3D3-4E9B-815C-8159F009A257,F00096,20260914,OT1_5,0,2,70FC22FC-0972-4261-99B3-226B15F00B33,2026-09-15 17:21:36.030,
1EA050A1-2EF0-4806-A402-A4DC87914FE5,F00096,20260915,OT1_5,0,2,70FC22FC-0972-4261-99B3-226B15F00B33,2026-09-16 10:00:13.163,
57E6C3D0-FC55-44D9-97AC-E7608C57D159,F00097,20260914,OT1_5,0,2,70FC22FC-0972-4261-99B3-226B15F00B33,2026-09-15 17:18:07.850,
73E6FB0A-8F83-49A5-AB63-548F6D50BA39,F00097,20260915,OT1_5,0,2,70FC22FC-0972-4261-99B3-226B15F00B33,2026-09-16 09:56:56.590,
F9304BA3-3F92-43F7-8F47-40BF158DA41A,F00100,20260914,OT1_5,0,2,70FC22FC-0972-4261-99B3-226B15F00B33,2026-09-15 17:21:35.617,
A7B5413E-CF0B-4945-84EA-4E44A659CF11,F00100,20260915,OT1_5,0,2,70FC22FC-0972-4261-99B3-226B15F00B33,2026-09-16 10:00:11.827,
18D0F977-F38B-4DFD-9335-F84592790246,F00102,20260914,OT1_5,0,2,70FC22FC-0972-4261-99B3-226B15F00B33,2026-09-15 17:21:36.357,
CFB033D0-7DFB-47D6-8A5A-857BFA1499FB,F00102,20260915,OT1_5,0,2,70FC22FC-0972-4261-99B3-226B15F00B33,2026-09-16 10:00:12.957,
FBE6DD97-29BC-4BD9-A30C-844FFCC60E93,F00103,20260914,OT1_5,0,2,70FC22FC-0972-4261-99B3-226B15F00B33,2026-09-15 17:21:35.700,
8CF55C09-100E-43A7-A82A-3DDB5B115D01,F00103,20260915,OT1_5,0,2,70FC22FC-0972-4261-99B3-226B15F00B33,2026-09-16 10:00:13.423,
7846B81D-D206-4036-AC7E-624AB861B0E1,F00104,20260914,OT1_5,0,2,70FC22FC-0972-4261-99B3-226B15F00B33,2026-09-15 17:21:35.503,
3D1909C1-9DEB-4152-87F9-13550A81A5C9,F00104,20260915,OT1_5,0,2,70FC22FC-0972-4261-99B3-226B15F00B33,2026-09-16 10:00:13.400,
943DD43E-49F4-47A5-B5EE-D982DDC20CBD,F00105,20260914,OT1_5,0,2,70FC22FC-0972-4261-99B3-226B15F00B33,2026-09-15 17:21:35.420,
A7EBC890-6B54-4984-943D-67EB147925E4,F00105,20260915,OT1_5,0,2,70FC22FC-0972-4261-99B3-226B15F00B33,2026-09-16 10:00:13.410,
D3F78990-71A3-492F-9940-4A43134578D9,F00106,20260914,OT1_5,0,2,70FC22FC-0972-4261-99B3-226B15F00B33,2026-09-15 17:21:35.450,
FDB059CE-C76B-4BAD-A30F-4A90059B46CC,F00106,20260915,OT1_5,0,2,70FC22FC-0972-4261-99B3-226B15F00B33,2026-09-16 10:00:13.377,
B9E4B573-9565-403A-A34D-572BAE6D92EC,F00108,20260914,OT1_5,0,2,70FC22FC-0972-4261-99B3-226B15F00B33,2026-09-15 17:21:36.347,
292E04D9-FD72-441A-8281-7FE803808EC9,F00108,20260915,OT1_5,0,2,70FC22FC-0972-4261-99B3-226B15F00B33,2026-09-16 10:00:12.947,
AE300C14-F52C-4270-B583-17CC820C9ED5,F00109,20260914,OT1_5,0,1.5,70FC22FC-0972-4261-99B3-226B15F00B33,2026-09-15 17:18:58.463,
67124EC8-FBEA-4DD4-8443-977E3F3E2112,F00109,20260915,OT1_5,0,1.5,70FC22FC-0972-4261-99B3-226B15F00B33,2026-09-16 09:57:40.890,
E676C012-3D1E-4B43-99A1-DB17CDF9EFC8,F00110,20260915,OT1_5,0,5.5,70FC22FC-0972-4261-99B3-226B15F00B33,2026-09-16 09:57:39.103,
D6302815-7526-4413-9A74-5AC2C5658924,F00111,20260914,OT1_5,0,3.5,70FC22FC-0972-4261-99B3-226B15F00B33,2026-09-15 17:21:34.720,
CD1DA230-CE4D-4E66-B100-0E88B0505DC3,F00111,20260915,OT1_5,0,5.5,70FC22FC-0972-4261-99B3-226B15F00B33,2026-09-16 10:00:11.637,
DC890A03-C8FB-4DD1-90A7-8D873DF35704,F00113,20260914,OT1_5,0,2,70FC22FC-0972-4261-99B3-226B15F00B33,2026-09-15 17:21:35.853,
ADE9EC0B-6553-4342-9F37-A8E23CDB410C,F00114,20260914,OT1_5,0,2,70FC22FC-0972-4261-99B3-226B15F00B33,2026-09-15 17:16:58.900,
01A13891-7D08-40F4-81B7-4CED22553EAC,F00114,20260915,OT1_5,0,2,70FC22FC-0972-4261-99B3-226B15F00B33,2026-09-16 09:56:11.747,
379B3EAC-F4C3-4E8B-9E69-AFF25C508161,F00116,20260914,OT1_5,0,2,70FC22FC-0972-4261-99B3-226B15F00B33,2026-09-15 17:18:07.777,
D2109985-82D8-4972-B4B4-2A4AF0146F0E,F00116,20260915,OT1_5,0,2,70FC22FC-0972-4261-99B3-226B15F00B33,2026-09-16 09:56:56.547,
DB1DFE83-8A2C-4480-8A4E-7E8BFF4EAC02,F00117,20260914,OT1_5,0,2,70FC22FC-0972-4261-99B3-226B15F00B33,2026-09-15 17:18:07.057,
428AEF2E-A18C-4C36-8D8C-B492661F664D,F00117,20260915,OT1_5,0,2,70FC22FC-0972-4261-99B3-226B15F00B33,2026-09-16 09:56:55.610,
F2FBD5FA-613A-45E6-AE73-DBE79280F572,F00118,20260914,OT1_5,0,2,70FC22FC-0972-4261-99B3-226B15F00B33,2026-09-15 17:18:09.883,
677F02B7-D042-4C02-871A-A07733DF0586,F00118,20260915,OT1_5,0,2,70FC22FC-0972-4261-99B3-226B15F00B33,2026-09-16 09:56:57.797,
43F9F532-9165-4645-A0CC-79B8F8B73D6F,F00119,20260914,OT1_5,0,2,70FC22FC-0972-4261-99B3-226B15F00B33,2026-09-15 17:18:07.730,
27E51C33-5DDF-4B62-9717-F75723CA9623,F00119,20260915,OT1_5,0,2,70FC22FC-0972-4261-99B3-226B15F00B33,2026-09-16 09:56:56.457,
25F3F152-1AEC-4604-B353-1CBAD4209B9C,F00120,20260914,OT1_5,0,2,70FC22FC-0972-4261-99B3-226B15F00B33,2026-09-15 17:16:58.913,
D2AAA562-63F8-42C7-93A3-951861E42961,F00120,20260915,OT1_5,0,2,70FC22FC-0972-4261-99B3-226B15F00B33,2026-09-16 09:56:11.623,
93B0808D-F2E4-4370-B135-56EB0BB5BB12,F00121,20260914,OT1_5,0,2,70FC22FC-0972-4261-99B3-226B15F00B33,2026-09-15 17:16:58.933,
A1EC1A73-448E-4697-8BD4-5C70CA288340,F00121,20260915,OT1_5,0,2,70FC22FC-0972-4261-99B3-226B15F00B33,2026-09-16 09:56:11.687,
EB6D4B09-C3A5-4E40-BD7F-329475D31D9C,F00122,20260914,OT1_5,0,2,70FC22FC-0972-4261-99B3-226B15F00B33,2026-09-15 17:21:35.517,
47D62AC5-4DFC-44D1-B639-96ACD30350B0,F00122,20260915,OT1_5,0,2,70FC22FC-0972-4261-99B3-226B15F00B33,2026-09-16 10:00:13.367,
74780B75-245A-4147-A419-477C73AD843B,F00123,20260914,OT1_5,0,2,70FC22FC-0972-4261-99B3-226B15F00B33,2026-09-15 17:21:35.740,
B48EA729-4F6C-48BA-8158-4B7A9A470DC3,F00123,20260915,OT1_5,0,2,70FC22FC-0972-4261-99B3-226B15F00B33,2026-09-16 10:00:13.330,
BDAD43F9-0116-40BC-BA4A-5B8E052769B4,F00124,20260914,OT1_5,0,2,70FC22FC-0972-4261-99B3-226B15F00B33,2026-09-15 17:18:11.197,
35F3FF05-D200-4B88-B36C-EF270CCAEC1E,F00124,20260915,OT1_5,0,2,70FC22FC-0972-4261-99B3-226B15F00B33,2026-09-16 09:56:58.260,
7964972C-0B7F-4782-9B5B-770B5B2459A9,F00125,20260914,OT1_5,0,1.5,70FC22FC-0972-4261-99B3-226B15F00B33,2026-09-15 17:18:58.480,
C3290FEE-218D-4FF4-AA6B-47A39BA5D2CE,F00125,20260915,OT1_5,0,1.5,70FC22FC-0972-4261-99B3-226B15F00B33,2026-09-16 09:57:40.907,
398358E0-1306-4BB3-ACC2-21F4A5F66CB2,F00126,20260914,OT1_5,0,3.5,70FC22FC-0972-4261-99B3-226B15F00B33,2026-09-15 17:18:57.310,
33A4A015-E2EE-439A-8F3C-4D3D61442E05,F00126,20260915,OT1_5,0,5.5,70FC22FC-0972-4261-99B3-226B15F00B33,2026-09-16 09:57:39.160,
A3026D21-078C-4BE9-98CC-2EC5B6B0EE37,F00127,20260914,OT1_5,0,3.5,70FC22FC-0972-4261-99B3-226B15F00B33,2026-09-15 17:18:57.277,
C13920DA-198A-43F1-B619-AD9E8AEAFC2C,F00127,20260915,OT1_5,0,5.5,70FC22FC-0972-4261-99B3-226B15F00B33,2026-09-16 09:57:39.070,
AD7337C0-9332-4CEB-BB1A-D83342DBB2B3,F00128,20260914,OT1_5,0,3.5,70FC22FC-0972-4261-99B3-226B15F00B33,2026-09-15 17:18:57.320,
0FB7EC78-71D8-42FC-8024-DE4D7EC2E44C,F00128,20260915,OT1_5,0,5.5,70FC22FC-0972-4261-99B3-226B15F00B33,2026-09-16 09:57:39.190,
C8ED74D9-7FB2-47D6-9BC9-75AE6B7C3AC3,F00129,20260914,OT1_5,0,3.5,70FC22FC-0972-4261-99B3-226B15F00B33,2026-09-15 17:18:57.253,
51194DF8-34C1-4A21-9E0C-7B82B6715EF2,F00129,20260915,OT1_5,0,5.5,70FC22FC-0972-4261-99B3-226B15F00B33,2026-09-16 09:57:39.130,
544D8D26-9C94-4B6A-AF6D-66ABBA765613,F00131,20260914,OT1_5,0,2,70FC22FC-0972-4261-99B3-226B15F00B33,2026-09-15 17:21:36.490,
9AC20C0B-F09F-4E28-8743-8EA5BDC28A8D,F00131,20260915,OT1_5,0,2,70FC22FC-0972-4261-99B3-226B15F00B33,2026-09-16 10:00:12.790,
6C724477-589C-44BE-BFB4-8A8832B2511B,F00132,20260914,OT1_5,0,2,70FC22FC-0972-4261-99B3-226B15F00B33,2026-09-15 17:18:10.017,
770F2EC2-5205-4A88-8596-9B4EE49C9FDF,F00132,20260915,OT1_5,0,2,70FC22FC-0972-4261-99B3-226B15F00B33,2026-09-16 09:56:58.020,
069D3BFB-D06F-4702-80E6-930B46553BA1,F00133,20260914,OT1_5,0,2,70FC22FC-0972-4261-99B3-226B15F00B33,2026-09-15 17:21:36.507,
CC9F2A77-4F90-4B49-ACB8-E4AC1B54B3CF,F00133,20260915,OT1_5,0,2,70FC22FC-0972-4261-99B3-226B15F00B33,2026-09-16 10:00:12.780,
0D7A06F6-3A90-4A5A-9B33-6FD0212FB546,F00136,20260914,OT1_5,0,3.5,70FC22FC-0972-4261-99B3-226B15F00B33,2026-09-15 17:18:57.293,
468AD801-111A-48F7-82BB-C695B6470488,F00136,20260915,OT1_5,0,5.5,70FC22FC-0972-4261-99B3-226B15F00B33,2026-09-16 09:57:39.013,
9FE96C3C-6E88-49BF-99A6-119A4646C74A,F00137,20260914,OT1_5,0,1.5,70FC22FC-0972-4261-99B3-226B15F00B33,2026-09-15 17:18:58.580,
CCDCB834-A830-42DC-A07F-3CF79CB6B044,F00137,20260915,OT1_5,0,1.5,70FC22FC-0972-4261-99B3-226B15F00B33,2026-09-16 09:57:40.863,
98AA385A-A2CA-4D5C-B191-16381401F763,M00022,20260914,OT1_5,0,2,70FC22FC-0972-4261-99B3-226B15F00B33,2026-09-15 17:18:08.283,
9FCBFB98-5EA5-4DD9-8441-90B91AED5373,M00022,20260915,OT1_5,0,2,70FC22FC-0972-4261-99B3-226B15F00B33,2026-09-16 09:56:57.590,
B972DC11-76E9-41A9-8B39-3B9F456AF594,M00023,20260914,OT1_5,0,2,70FC22FC-0972-4261-99B3-226B15F00B33,2026-09-15 17:20:42.087,
05E31BD0-F1C9-48AA-ADF5-C2D613897C58,M00023,20260915,OT1_5,0,2,70FC22FC-0972-4261-99B3-226B15F00B33,2026-09-16 09:59:29.797,
0F1F4E10-30AF-4684-B2BA-51A950AA2CAF,M00025,20260914,OT1_5,0,3.5,70FC22FC-0972-4261-99B3-226B15F00B33,2026-09-15 17:21:34.783,
63B689D5-C588-4893-BE1A-B44F4694D38F,M00025,20260915,OT1_5,0,5.5,70FC22FC-0972-4261-99B3-226B15F00B33,2026-09-16 10:00:11.550,
0534DF44-0CA8-441F-A2DA-E264FE1D1787,M00026,20260914,OT1_5,0,2,70FC22FC-0972-4261-99B3-226B15F00B33,2026-09-15 17:18:04.613,
27DECE2E-3720-4F34-AF7B-26874875C194,M00026,20260915,OT1_5,0,1,70FC22FC-0972-4261-99B3-226B15F00B33,2026-09-16 09:56:52.533,
54E55EFF-4B7C-49D5-A770-566E763E9167,M00036,20260914,OT1_5,0,2,70FC22FC-0972-4261-99B3-226B15F00B33,2026-09-15 17:20:40.710,
5888AB3F-0FE4-4CB1-B4A1-0C7FAEE624AA,M00036,20260915,OT1_5,0,2,70FC22FC-0972-4261-99B3-226B15F00B33,2026-09-16 09:59:28.993,
2A29D654-34A8-44DC-9B75-97AABE1B1C60,M00040,20260914,OT1_5,0,2,70FC22FC-0972-4261-99B3-226B15F00B33,2026-09-15 17:23:17.337,
05B44068-7253-4B35-BB61-9D700EDF9A60,M00040,20260915,OT1_5,0,2,70FC22FC-0972-4261-99B3-226B15F00B33,2026-09-16 10:01:55.623,
98B81356-F14A-4145-8074-7A001EAF4D24,M00055,20260914,OT1_5,0,1.5,70FC22FC-0972-4261-99B3-226B15F00B33,2026-09-15 17:18:58.840,
CB02BFE0-8CCE-42FA-B46A-25B4B13B210D,M00055,20260915,OT1_5,0,1.5,70FC22FC-0972-4261-99B3-226B15F00B33,2026-09-16 09:57:40.967,
0036A204-97B5-4387-856C-C0B8AB8B63AB,M00057,20260914,OT1_5,0,2,70FC22FC-0972-4261-99B3-226B15F00B33,2026-09-15 17:20:49.667,
A434F0E8-536A-4CDF-9206-5772F1CB9D09,M00057,20260915,OT1_5,0,2,70FC22FC-0972-4261-99B3-226B15F00B33,2026-09-16 09:59:28.607,
1A21E8F0-681B-49A7-B401-4B71BBD03BA1,M00058,20260914,OT1_5,0,2,70FC22FC-0972-4261-99B3-226B15F00B33,2026-09-15 17:20:39.960,
AB3AF359-6BB9-40FD-882B-DF8622C9B2CD,M00058,20260915,OT1_5,0,2,70FC22FC-0972-4261-99B3-226B15F00B33,2026-09-16 09:59:28.550,
7A2DECB2-B6A5-4FA6-A8A2-A73DDEB1F35C,M00059,20260914,OT1_5,0,2,70FC22FC-0972-4261-99B3-226B15F00B33,2026-09-15 17:16:58.943,
061A0F0B-0768-4642-92E3-4188E26F946A,M00059,20260915,OT1_5,0,2,70FC22FC-0972-4261-99B3-226B15F00B33,2026-09-16 09:56:11.840,
A79DA047-0A1D-4846-965B-6C76B78CDE06,M00060,20260914,OT1_5,0,2,70FC22FC-0972-4261-99B3-226B15F00B33,2026-09-15 17:20:58.017,
831A2F28-3865-40E2-BB73-6DB7330B2BF6,M00090,20260914,OT1_5,0,2,70FC22FC-0972-4261-99B3-226B15F00B33,2026-09-15 17:18:00.283,
46280073-F51C-4B8C-B2ED-6772E204D500,M00092,20260914,OT1_5,0,2,70FC22FC-0972-4261-99B3-226B15F00B33,2026-09-15 17:16:58.970,
2908F6B3-9102-432E-8395-F31CCABFB028,M00092,20260915,OT1_5,0,2,70FC22FC-0972-4261-99B3-226B15F00B33,2026-09-16 09:56:11.653,
A0D0BA5B-89AB-43A0-AE8B-F7C00BD493A5,M00093,20260914,OT1_5,0,2,70FC22FC-0972-4261-99B3-226B15F00B33,2026-09-15 17:18:58.010,
69696592-648C-4A78-9A67-3FE68C7F8357,M00117,20260914,OT1_5,0,2,70FC22FC-0972-4261-99B3-226B15F00B33,2026-09-15 17:23:10.667,
4A34B616-45EF-41DA-A2A6-A1457FC3423C,M00117,20260915,OT1_5,0,2,70FC22FC-0972-4261-99B3-226B15F00B33,2026-09-16 10:01:50.830,
09F8CA6A-51C4-4B59-A846-B4EAEEE2581A,M00119,20260914,OT1_5,0,2,70FC22FC-0972-4261-99B3-226B15F00B33,2026-09-15 17:18:11.007,
DDCD92B2-F3AF-473B-AC44-302A178376A2,M00119,20260915,OT1_5,0,2,70FC22FC-0972-4261-99B3-226B15F00B33,2026-09-16 09:56:58.550,
78A1E01B-4C9B-44E0-A805-D08BB4783741,M00120,20260914,OT1_5,0,2,70FC22FC-0972-4261-99B3-226B15F00B33,2026-09-15 17:20:57.530,
161155B8-D0BC-47D3-BD69-1C39504DD78C,M00120,20260915,OT1_5,0,2,70FC22FC-0972-4261-99B3-226B15F00B33,2026-09-16 09:59:39.587,
DB27DAEC-3CA4-4163-B4E6-A1C4B985C286,M00122,20260914,OT1_5,0,2,70FC22FC-0972-4261-99B3-226B15F00B33,2026-09-15 17:16:58.980,
4BD7238B-E986-48B7-ADF4-67AA32DA2980,M00122,20260915,OT1_5,0,2,70FC22FC-0972-4261-99B3-226B15F00B33,2026-09-16 09:56:11.520,
D34AC463-57DF-4EFE-9A0F-DEDA14D527DB,M00128,20260914,OT1_5,0,2,70FC22FC-0972-4261-99B3-226B15F00B33,2026-09-15 17:23:18.907,
68302902-0D18-4E61-8EC3-C2CB548FD6C7,M00128,20260915,OT1_5,0,2,70FC22FC-0972-4261-99B3-226B15F00B33,2026-09-16 10:01:56.970,
2361E9B9-8366-4254-AEDD-DA71A4E6B325,M00142,20260914,OT1_5,0,2,70FC22FC-0972-4261-99B3-226B15F00B33,2026-09-15 17:17:55.560,
C3462F83-DF14-4C37-BEC2-024A0A4EDCBA,M00142,20260915,OT1_5,0,2,70FC22FC-0972-4261-99B3-226B15F00B33,2026-09-16 09:56:52.820,
CC7F9B73-429B-4179-8A1D-F17E7F158DE9,M00166,20260914,OT1_5,0,2,70FC22FC-0972-4261-99B3-226B15F00B33,2026-09-15 17:18:12.387,
BADAE97E-C798-49ED-8C55-EA03E596B74D,M00166,20260915,OT1_5,0,2,70FC22FC-0972-4261-99B3-226B15F00B33,2026-09-16 09:56:58.640,
38030805-0622-4BB2-91CF-5DE004F798F2,M00177,20260914,OT1_5,0,2,70FC22FC-0972-4261-99B3-226B15F00B33,2026-09-15 17:20:42.133,
D9BE8C74-D5FF-4A03-8991-F45405E36136,M00177,20260915,OT1_5,0,2,70FC22FC-0972-4261-99B3-226B15F00B33,2026-09-16 09:59:29.067,
9F55E14E-ABC0-4F1C-8757-C2AFF62A5F77,M00178,20260914,OT1_5,0,2,70FC22FC-0972-4261-99B3-226B15F00B33,2026-09-15 17:17:55.177,
B855A955-821E-4B2B-A32C-AC2CDD42B9C2,M00178,20260915,OT1_5,0,2,70FC22FC-0972-4261-99B3-226B15F00B33,2026-09-16 09:56:53.650,
3CD78F00-85FD-407F-93D5-DEF969E9AA6D,M00198,20260914,OT1_5,0,2,70FC22FC-0972-4261-99B3-226B15F00B33,2026-09-15 17:20:41.950,
19CB564D-6104-4845-8399-AF92C2883B49,M00198,20260915,OT1_5,0,2,70FC22FC-0972-4261-99B3-226B15F00B33,2026-09-16 09:59:30.247,
B5F5007A-C419-4AE5-A0BE-AC4B307D4469,M00201,20260914,OT1_5,0,2,70FC22FC-0972-4261-99B3-226B15F00B33,2026-09-15 17:20:42.860,
96BAB1BB-1CFB-4B33-881A-A9535E661AE9,M00201,20260915,OT1_5,0,2,70FC22FC-0972-4261-99B3-226B15F00B33,2026-09-16 09:59:31.117,
D974215B-6A2D-479F-8899-975AC295D0B1,M00202,20260914,OT1_5,0,2,70FC22FC-0972-4261-99B3-226B15F00B33,2026-09-15 17:18:06.840,
0AB57BFD-5BDF-423E-8117-9687410FC4A6,M00202,20260915,OT1_5,0,2,70FC22FC-0972-4261-99B3-226B15F00B33,2026-09-16 09:56:52.853,
5766B2F8-E46A-4AB7-87E4-B267E142712D,M00219,20260914,OT1_5,0,2,70FC22FC-0972-4261-99B3-226B15F00B33,2026-09-15 17:17:57.810,
309D5E8D-E209-4E69-B681-88892E7F35EF,M00219,20260915,OT1_5,0,1.5,70FC22FC-0972-4261-99B3-226B15F00B33,2026-09-16 09:56:52.707,
9B28F754-768F-4578-9C49-897F88FBEEF0,M00222,20260914,OT1_5,0,2,70FC22FC-0972-4261-99B3-226B15F00B33,2026-09-15 17:20:42.963,
640C6EBE-F205-4988-99C9-3BF51DD36D66,M00222,20260915,OT1_5,0,2,70FC22FC-0972-4261-99B3-226B15F00B33,2026-09-16 09:59:30.257,
D76867F4-41D1-434F-B1DB-110EBA9CD740,M00224,20260914,OT1_5,0,2,70FC22FC-0972-4261-99B3-226B15F00B33,2026-09-15 17:18:05.873,
673DD47C-F8DE-44FA-BB5C-082DBAA75B24,M00224,20260915,OT1_5,0,1,70FC22FC-0972-4261-99B3-226B15F00B33,2026-09-16 09:56:52.503,
CC829A58-CBCE-4101-8276-E287BA6C3B35,M00227,20260914,OT1_5,0,2,70FC22FC-0972-4261-99B3-226B15F00B33,2026-09-15 17:20:46.180,
208130E8-8F55-405A-A809-6CFAB7C367E3,M00227,20260915,OT1_5,0,2.5,70FC22FC-0972-4261-99B3-226B15F00B33,2026-09-16 09:58:26.150,
4A366C4D-A15B-4A46-808B-B9C408C1A79C,M00228,20260914,OT1_5,0,2,70FC22FC-0972-4261-99B3-226B15F00B33,2026-09-15 17:23:09.460,
6D9FD3FA-77D2-4CEA-9B91-4718E8F6A961,M00228,20260915,OT1_5,0,2,70FC22FC-0972-4261-99B3-226B15F00B33,2026-09-16 10:01:48.190,
AEF34529-D436-43E5-BF04-49F9315D5DB1,M00229,20260914,OT1_5,0,2,70FC22FC-0972-4261-99B3-226B15F00B33,2026-09-15 17:23:01.033,
9752169A-7CCE-47EF-9D03-0BD8C993BB14,M00229,20260915,OT1_5,0,2,70FC22FC-0972-4261-99B3-226B15F00B33,2026-09-16 10:01:42.657,
C304E2C6-5E89-434B-B668-17BCE3459CB2,M00235,20260914,OT1_5,0,2,70FC22FC-0972-4261-99B3-226B15F00B33,2026-09-15 17:18:11.630,
F9B2E81C-B411-496E-AE7C-9B447BCDEBAB,M00235,20260915,OT1_5,0,2,70FC22FC-0972-4261-99B3-226B15F00B33,2026-09-16 09:56:58.620,
EED9069E-C68D-4AD0-BFE3-A0D0FC081439,M00236,20260914,OT1_5,0,2,70FC22FC-0972-4261-99B3-226B15F00B33,2026-09-15 17:18:08.077,
820258A0-FC84-4A5A-B217-84614EBF4BD0,M00236,20260915,OT1_5,0,2,70FC22FC-0972-4261-99B3-226B15F00B33,2026-09-16 09:56:57.610,
7F79052A-27C7-4F1E-98D4-7FDED2DA9495,M00238,20260914,OT1_5,0,2,70FC22FC-0972-4261-99B3-226B15F00B33,2026-09-15 17:23:17.847,
F186D289-138D-45E4-ABBD-A58471D0B05E,M00238,20260915,OT1_5,0,2,70FC22FC-0972-4261-99B3-226B15F00B33,2026-09-16 10:01:56.397,
D50706E5-80AB-461B-A092-0D4B93736033,M00244,20260914,OT1_5,0,2,70FC22FC-0972-4261-99B3-226B15F00B33,2026-09-15 17:23:58.887,
78C9DD45-6AFC-4F07-98A7-E4BCD5CC29C2,M00244,20260915,OT1_5,0,2,70FC22FC-0972-4261-99B3-226B15F00B33,2026-09-16 10:02:22.373,
6BF57322-1265-4BD4-9AF1-A412F0EAB7F6,M00246,20260914,OT1_5,0,2,70FC22FC-0972-4261-99B3-226B15F00B33,2026-09-15 17:23:08.927,
F621C9C8-B8E5-4FE4-A304-684F094AF1AC,M00246,20260915,OT1_5,0,2,70FC22FC-0972-4261-99B3-226B15F00B33,2026-09-16 10:01:45.630,
BF9548EB-D9A6-441B-9D87-7026A767C090,M00247,20260914,OT1_5,0,2,70FC22FC-0972-4261-99B3-226B15F00B33,2026-09-15 17:20:55.223,
C011079B-7598-4792-9B01-5B701A65E3FA,M00247,20260915,OT1_5,0,2,70FC22FC-0972-4261-99B3-226B15F00B33,2026-09-16 09:59:38.690,
DF7A7182-4525-49D3-A584-41D8D769FC8A,M00251,20260914,OT1_5,0,2,70FC22FC-0972-4261-99B3-226B15F00B33,2026-09-15 17:20:41.677,
EEE1EE1E-F8C2-4842-B389-55E0505DE1CD,M00251,20260915,OT1_5,0,2,70FC22FC-0972-4261-99B3-226B15F00B33,2026-09-16 09:59:29.667,
00A28CB6-6895-4345-96F1-B3F5EAF50897,M00252,20260914,OT1_5,0,2,70FC22FC-0972-4261-99B3-226B15F00B33,2026-09-15 17:23:14.900,
9667C3C1-F515-492E-98A7-5741EAB39A9F,M00252,20260915,OT1_5,0,2,70FC22FC-0972-4261-99B3-226B15F00B33,2026-09-16 10:01:55.547,
7CE6A779-132F-4615-A75E-91C69DEDD61D,M00254,20260914,OT1_5,0,2,70FC22FC-0972-4261-99B3-226B15F00B33,2026-09-15 17:18:12.343,
8F7006E1-75D3-40EC-80AB-9ECF6449DAF4,M00254,20260915,OT1_5,0,2,70FC22FC-0972-4261-99B3-226B15F00B33,2026-09-16 09:56:58.920,
61A1DB0F-6496-43C8-92DF-7BA3D784E73E,M00255,20260914,OT1_5,0,1,70FC22FC-0972-4261-99B3-226B15F00B33,2026-09-15 17:18:00.700,
1318A56C-FD19-4F1E-9164-1AFC19089FF0,M00256,20260914,OT1_5,0,2,70FC22FC-0972-4261-99B3-226B15F00B33,2026-09-15 17:21:35.113,
83111DB5-8D92-4156-A7F3-6F7FB9F41581,M00256,20260915,OT1_5,0,2,70FC22FC-0972-4261-99B3-226B15F00B33,2026-09-16 10:00:13.890,
43A64E2A-23E5-47C2-9C10-8FE477343C4F,M00259,20260914,OT1_5,0,2,70FC22FC-0972-4261-99B3-226B15F00B33,2026-09-15 17:23:08.230,
2AF1A222-BBA0-456C-8F0A-1DDFC9A9AF7B,M00259,20260915,OT1_5,0,2,70FC22FC-0972-4261-99B3-226B15F00B33,2026-09-16 10:01:51.303,
741BE075-DFA8-421C-8035-A58A2CF6B2C5,M00266,20260914,OT1_5,0,2,70FC22FC-0972-4261-99B3-226B15F00B33,2026-09-15 17:18:57.623,
4F4E3F24-0510-4F4E-B6E1-176FDA56B3A0,M00266,20260915,OT1_5,0,2,70FC22FC-0972-4261-99B3-226B15F00B33,2026-09-16 09:57:40.450,
89812033-12E6-412F-BB8D-CD3D4EFAF449,M00270,20260914,OT1_5,0,2,70FC22FC-0972-4261-99B3-226B15F00B33,2026-09-15 17:20:55.203,
9C3728AE-5558-4DDD-96FE-8E809F19207A,M00270,20260915,OT1_5,0,2,70FC22FC-0972-4261-99B3-226B15F00B33,2026-09-16 09:59:37.663,
7686BAB9-A8B4-4BC3-89B0-86733E6B4CA3,M00272,20260914,OT1_5,0,2,70FC22FC-0972-4261-99B3-226B15F00B33,2026-09-15 17:17:57.647,
EFE8C0F5-60D8-48CE-B45C-6E66824DAA99,M00272,20260915,OT1_5,0,2,70FC22FC-0972-4261-99B3-226B15F00B33,2026-09-16 09:56:57.170,
5B2EEFF8-5484-4DE6-BC73-4279CD187C8D,M00280,20260914,OT1_5,0,2,70FC22FC-0972-4261-99B3-226B15F00B33,2026-09-15 17:23:58.513,
82E4F664-761A-4DCA-852E-2601D1D7FB97,M00280,20260915,OT1_5,0,2,70FC22FC-0972-4261-99B3-226B15F00B33,2026-09-16 10:02:22.087,
DD946297-4F7C-40F6-BECC-AD333A1F3884,M00281,20260914,OT1_5,0,2,70FC22FC-0972-4261-99B3-226B15F00B33,2026-09-15 17:20:41.483,
F12373A7-7C04-45B6-B9AE-46BB905AC62A,M00281,20260915,OT1_5,0,2,70FC22FC-0972-4261-99B3-226B15F00B33,2026-09-16 09:59:29.563,
FFFE2F8D-981E-4A4D-A773-7D1F259FA122,M00282,20260914,OT1_5,0,2,70FC22FC-0972-4261-99B3-226B15F00B33,2026-09-15 17:23:07.560,
3B55514A-8821-425D-B41C-C0A8CCBD4416,M00282,20260915,OT1_5,0,2,70FC22FC-0972-4261-99B3-226B15F00B33,2026-09-16 10:01:44.787,
90D7AC73-6993-4556-9EA9-62D1EB67808B,M00283,20260914,OT1_5,0,2,70FC22FC-0972-4261-99B3-226B15F00B33,2026-09-15 17:23:09.407,
BAA53EB5-3D42-4D6C-AEB1-3D4BA2A14E26,M00284,20260914,OT1_5,0,2,70FC22FC-0972-4261-99B3-226B15F00B33,2026-09-15 17:23:11.893,
499E8799-8954-45FC-8E17-09C9C0A75A6F,M00284,20260915,OT1_5,0,2,70FC22FC-0972-4261-99B3-226B15F00B33,2026-09-16 10:01:54.797,
94242B45-C703-49D8-8192-BB9D2E6FFFB3,M00293,20260914,OT1_5,0,1.5,70FC22FC-0972-4261-99B3-226B15F00B33,2026-09-15 17:23:59.060,
77AAA016-DC62-46FC-AF8B-CA1751335B62,M00293,20260915,OT1_5,0,1,70FC22FC-0972-4261-99B3-226B15F00B33,2026-09-16 10:02:22.113,
5848B664-46B9-4625-8BDF-6BF0AC2F079D,M00295,20260914,OT1_5,0,2,70FC22FC-0972-4261-99B3-226B15F00B33,2026-09-15 17:20:54.197,
29FE63E7-7E8A-4D44-BD3F-A082A72BD087,M00295,20260915,OT1_5,0,2,70FC22FC-0972-4261-99B3-226B15F00B33,2026-09-16 09:59:32.733,
81FA3B62-46D9-4D3D-9CF8-75B16E919370,M00296,20260914,OT1_5,0,2,70FC22FC-0972-4261-99B3-226B15F00B33,2026-09-15 17:23:09.560,
02DBD5DC-7DCC-4802-B310-0B77AC258DD4,M00296,20260915,OT1_5,0,2,70FC22FC-0972-4261-99B3-226B15F00B33,2026-09-16 10:01:54.023,
4131661A-D8CD-4DAB-A40F-655671C2BFC5,M00297,20260914,OT1_5,0,2,70FC22FC-0972-4261-99B3-226B15F00B33,2026-09-15 17:20:40.630,
C7E88FDB-361E-42FF-90EF-C6AAE6C9883B,M00297,20260915,OT1_5,0,2,70FC22FC-0972-4261-99B3-226B15F00B33,2026-09-16 09:59:29.430,
1552805F-6C1C-4D9B-897F-DD53C8A4DEC6,M00302,20260914,OT1_5,0,1.5,70FC22FC-0972-4261-99B3-226B15F00B33,2026-09-15 17:18:58.830,
1EEC80BE-FA60-4037-BD15-2A66DA5EAB6B,M00302,20260915,OT1_5,0,1.5,70FC22FC-0972-4261-99B3-226B15F00B33,2026-09-16 09:57:40.983,
E9D14D66-A18C-46D8-8A1F-48EDCF4D8284,M00304,20260914,OT1_5,0,2,70FC22FC-0972-4261-99B3-226B15F00B33,2026-09-15 17:18:09.997,
DBB5DACB-FC70-444F-ACAE-A55F573AF458,M00304,20260915,OT1_5,0,2,70FC22FC-0972-4261-99B3-226B15F00B33,2026-09-16 09:56:58.070,
AF546759-8546-472C-9DD6-C4D87427AB2F,M00309,20260914,OT1_5,0,1.5,70FC22FC-0972-4261-99B3-226B15F00B33,2026-09-15 17:18:58.570,
F64927F4-6DBD-4A81-8697-88FA2D55E51B,M00309,20260915,OT1_5,0,1.5,70FC22FC-0972-4261-99B3-226B15F00B33,2026-09-16 09:57:40.997,
ABA9CF76-CDC3-46FE-B95C-A0326E5BB410,M00310,20260914,OT1_5,0,2,70FC22FC-0972-4261-99B3-226B15F00B33,2026-09-15 17:20:39.820,
5D2D1005-8885-40EE-A890-D352A38E8F3A,M00310,20260915,OT1_5,0,2,70FC22FC-0972-4261-99B3-226B15F00B33,2026-09-16 09:59:34.037,
B25AA9F5-CE28-433F-BCD9-407A5D473FF4,M00311,20260914,OT1_5,0,1.5,70FC22FC-0972-4261-99B3-226B15F00B33,2026-09-15 17:18:12.360,
8E3997E7-77DB-44B9-B165-AD223E5584E2,M00313,20260914,OT1_5,0,2,70FC22FC-0972-4261-99B3-226B15F00B33,2026-09-15 17:23:08.170,
9DE69617-008D-4A42-8D0D-7FB29ECC9E9A,M00313,20260915,OT1_5,0,2,70FC22FC-0972-4261-99B3-226B15F00B33,2026-09-16 10:01:44.157,
1FA2DEA1-BCB5-40B9-BFF0-9F89BB4C02D3,M00314,20260914,OT1_5,0,2,70FC22FC-0972-4261-99B3-226B15F00B33,2026-09-15 17:17:59.863,
E5BADB89-74EE-46B0-BA4E-38FD3F6A3C4F,M00314,20260915,OT1_5,0,2,70FC22FC-0972-4261-99B3-226B15F00B33,2026-09-16 09:56:53.613,
90F5BB2F-F3AC-40CC-B656-DD4C174D1A69,M00320,20260914,OT1_5,0,2,70FC22FC-0972-4261-99B3-226B15F00B33,2026-09-15 17:18:05.113,
A539B123-8EAC-4827-A0C9-5D86D3DCF729,M00321,20260914,OT1_5,0,2,70FC22FC-0972-4261-99B3-226B15F00B33,2026-09-15 17:20:40.587,
19004C66-79C2-4886-BFC4-8082E7E6913F,M00321,20260915,OT1_5,0,2,70FC22FC-0972-4261-99B3-226B15F00B33,2026-09-16 09:59:29.203,
C2F76C05-1816-438C-9A01-40F6166D2D3F,M00322,20260914,OT1_5,0,2,70FC22FC-0972-4261-99B3-226B15F00B33,2026-09-15 17:20:47.570,
5F412259-980D-4474-AB7A-DDC6614C605F,M00322,20260915,OT1_5,0,2,70FC22FC-0972-4261-99B3-226B15F00B33,2026-09-16 09:59:36.693,
486C34E6-076A-46A2-AAD1-2E3C854C1798,M00324,20260914,OT1_5,0,2,70FC22FC-0972-4261-99B3-226B15F00B33,2026-09-15 17:17:58.907,
E229DCF8-7F30-4505-AB63-A86480A2972B,M00324,20260915,OT1_5,0,1,70FC22FC-0972-4261-99B3-226B15F00B33,2026-09-16 09:56:52.493,
6AC61896-11EC-4623-89FA-7E166D1B38C4,M00325,20260914,OT1_5,0,2,70FC22FC-0972-4261-99B3-226B15F00B33,2026-09-15 17:20:42.810,
D69F4593-8240-40CC-B60E-FE06A27EA4EB,M00325,20260915,OT1_5,0,2,70FC22FC-0972-4261-99B3-226B15F00B33,2026-09-16 09:59:29.880,
FB3675DA-1D3D-445F-9355-1C6358920CCE,M00326,20260914,OT1_5,0,2,70FC22FC-0972-4261-99B3-226B15F00B33,2026-09-15 17:23:01.010,
B3AF2990-CF08-4645-8651-9DF2BF9A0049,M00326,20260915,OT1_5,0,2,70FC22FC-0972-4261-99B3-226B15F00B33,2026-09-16 10:01:42.800,
4CFBA1DC-8ABF-4283-A70E-E3C94681C282,M00327,20260914,OT1_5,0,2,70FC22FC-0972-4261-99B3-226B15F00B33,2026-09-15 17:20:40.530,
C6E997C5-22D0-4802-8227-036F777F2125,M00327,20260915,OT1_5,0,2,70FC22FC-0972-4261-99B3-226B15F00B33,2026-09-16 09:59:29.500,
7E39E4F2-831A-4912-AF49-29652A1CC96D,M00328,20260914,OT1_5,0,2,70FC22FC-0972-4261-99B3-226B15F00B33,2026-09-15 17:23:12.567,
468D5C49-6763-4DC8-A1F6-62133382E9E2,M00328,20260915,OT1_5,0,2,70FC22FC-0972-4261-99B3-226B15F00B33,2026-09-16 10:01:53.133,
01711E79-32DE-4A1E-8B61-674255B0549C,M00329,20260914,OT1_5,0,2,70FC22FC-0972-4261-99B3-226B15F00B33,2026-09-15 17:23:01.803,
926100AE-6DD2-481B-B6CE-C8C46357B000,M00329,20260915,OT1_5,0,2,70FC22FC-0972-4261-99B3-226B15F00B33,2026-09-16 10:01:49.763,
11532DB0-EA98-478F-B8C4-0EBE45E80374,M00330,20260914,OT1_5,0,2,70FC22FC-0972-4261-99B3-226B15F00B33,2026-09-15 17:23:05.797,
69031620-60D4-4F56-BDB4-D7642C5413E2,M00330,20260915,OT1_5,0,2,70FC22FC-0972-4261-99B3-226B15F00B33,2026-09-16 10:01:44.147,
4394ECD2-34CD-448A-8F0E-B5405C98F53B,M00331,20260915,OT1_5,0,2,70FC22FC-0972-4261-99B3-226B15F00B33,2026-09-16 10:01:51.647,
67A9D7DB-6B1D-4E08-8541-2B6BBA818ABC,M00332,20260914,OT1_5,0,2,70FC22FC-0972-4261-99B3-226B15F00B33,2026-09-15 17:20:40.017,
8D597065-9447-48B5-9241-FBEC21725C8B,M00332,20260915,OT1_5,0,2,70FC22FC-0972-4261-99B3-226B15F00B33,2026-09-16 09:59:28.747,
0DE94286-F873-4AF4-A820-CFDC17436767,M00335,20260914,OT1_5,0,2,70FC22FC-0972-4261-99B3-226B15F00B33,2026-09-15 17:17:53.760,
423A59B7-0A6D-4BB9-9F92-9510D104415B,M00335,20260915,OT1_5,0,2,70FC22FC-0972-4261-99B3-226B15F00B33,2026-09-16 09:56:53.213,
3A4F0674-8A96-4BA1-ADD4-DD9C1DB27328,M00336,20260914,OT1_5,0,2,70FC22FC-0972-4261-99B3-226B15F00B33,2026-09-15 17:18:07.283,
C446171A-DC74-4E96-95A9-6DC85A4F27DB,M00336,20260915,OT1_5,0,2,70FC22FC-0972-4261-99B3-226B15F00B33,2026-09-16 09:56:57.120,
336B0613-A4F6-4E76-B5FE-2CDD96250692,M00338,20260914,OT1_5,0,2,70FC22FC-0972-4261-99B3-226B15F00B33,2026-09-15 17:18:04.630,
07E2BBE4-A22D-4014-B97D-CCC28BAC3356,M00338,20260915,OT1_5,0,1.5,70FC22FC-0972-4261-99B3-226B15F00B33,2026-09-16 09:56:52.733,
402B6FAC-254F-4E85-BBF9-BCB230F07B1F,M00339,20260914,OT1_5,0,2.5,70FC22FC-0972-4261-99B3-226B15F00B33,2026-09-15 17:20:09.663,
6B848B73-07BE-46B5-8F85-E58627832DC1,M00339,20260915,OT1_5,0,2,70FC22FC-0972-4261-99B3-226B15F00B33,2026-09-16 09:59:40.437,
121B1289-7FF2-4440-87CE-7A47155F77B6,M00340,20260914,OT1_5,0,2,70FC22FC-0972-4261-99B3-226B15F00B33,2026-09-15 17:18:10.393,
751F3BF3-2640-46F7-A2B1-52D6FD29E44C,M00340,20260915,OT1_5,0,1,70FC22FC-0972-4261-99B3-226B15F00B33,2026-09-16 09:56:52.483,
A0C0166C-0FE6-4E91-8501-56AF40ABFFCA,M00342,20260914,OT1_5,0,2,70FC22FC-0972-4261-99B3-226B15F00B33,2026-09-15 17:18:04.030,
98FB692B-4AB7-4A3E-A6F3-268B67872A0C,M00342,20260915,OT1_5,0,2,70FC22FC-0972-4261-99B3-226B15F00B33,2026-09-16 09:56:55.433,
D16CEA5C-34CD-446C-ABB1-A315DE0CFEA3,M00345,20260915,OT1_5,0,2,70FC22FC-0972-4261-99B3-226B15F00B33,2026-09-16 09:59:32.160,
8DD75D0F-F14D-4DC6-B251-CC3A0321ED2E,M00346,20260915,OT1_5,0,1.5,70FC22FC-0972-4261-99B3-226B15F00B33,2026-09-16 09:56:52.713,
8164F46B-B8EA-4F7E-AD1D-9CF7C4D6FDB6,M00348,20260914,OT1_5,0,2,70FC22FC-0972-4261-99B3-226B15F00B33,2026-09-15 17:18:08.143,
BC45D398-6FF1-4DF2-8D78-0566D1FF8374,M00348,20260915,OT1_5,0,1.5,70FC22FC-0972-4261-99B3-226B15F00B33,2026-09-16 09:56:52.640,
943AA40D-3D4D-4B18-A256-CFCBC9A3070A,M00349,20260914,OT1_5,0,2,70FC22FC-0972-4261-99B3-226B15F00B33,2026-09-15 17:23:09.180,
5097F924-33CE-4236-AEF5-6329CACD53FD,M00349,20260915,OT1_5,0,2,70FC22FC-0972-4261-99B3-226B15F00B33,2026-09-16 10:01:50.843,
2F595FB6-268D-4410-9008-90FE479E2AC5,M00350,20260914,OT1_5,0,2,70FC22FC-0972-4261-99B3-226B15F00B33,2026-09-15 17:23:08.440,
401D6058-4764-42B2-BC84-262169AD3A96,M00350,20260915,OT1_5,0,2,70FC22FC-0972-4261-99B3-226B15F00B33,2026-09-16 10:01:50.350,
68E37A1E-23A4-49D1-B103-BC9BBE1F75C2,M00353,20260914,OT1_5,0,2,70FC22FC-0972-4261-99B3-226B15F00B33,2026-09-15 17:20:56.197,
D6D9A284-5BAE-40EB-B5EE-B29340A4561C,M00353,20260915,OT1_5,0,2,70FC22FC-0972-4261-99B3-226B15F00B33,2026-09-16 09:59:38.760,
23AF96C3-32A8-4FBF-8D9E-69E150A63ED8,M00358,20260914,OT1_5,0,2,70FC22FC-0972-4261-99B3-226B15F00B33,2026-09-15 17:20:44.520,
4A54CF6D-6C9B-4636-A40A-205FC2CECE15,M00358,20260915,OT1_5,0,2,70FC22FC-0972-4261-99B3-226B15F00B33,2026-09-16 09:59:34.340,
1A13600E-333F-4F50-AECE-86B26BAA2D65,M00359,20260914,OT1_5,0,2,70FC22FC-0972-4261-99B3-226B15F00B33,2026-09-15 17:23:13.120,
F52972DF-8D35-4DC8-879E-F4144D732683,M00359,20260915,OT1_5,0,6,70FC22FC-0972-4261-99B3-226B15F00B33,2026-09-16 10:01:42.530,
B134F335-BA71-41B6-8A29-72323589E2E8,M00360,20260914,OT1_5,0,2,70FC22FC-0972-4261-99B3-226B15F00B33,2026-09-15 17:23:13.003,
01E02807-3942-41FE-B774-CC2B4F1FBFA8,M00360,20260915,OT1_5,0,2,70FC22FC-0972-4261-99B3-226B15F00B33,2026-09-16 10:01:52.677,
D42E1859-A72A-4429-B956-8C686E44A1A0,M00362,20260914,OT1_5,0,2,70FC22FC-0972-4261-99B3-226B15F00B33,2026-09-15 17:23:17.927,
D14569D6-370F-475E-BB2C-53F4C98CAC5A,M00362,20260915,OT1_5,0,2,70FC22FC-0972-4261-99B3-226B15F00B33,2026-09-16 10:01:56.590,
2905BABC-13F0-49DF-B571-E6D8CD3F5438,M00363,20260914,OT1_5,0,2,70FC22FC-0972-4261-99B3-226B15F00B33,2026-09-15 17:17:55.360,
26036C6F-8404-4AA3-9D7D-A19E04B7B077,M00363,20260915,OT1_5,0,2,70FC22FC-0972-4261-99B3-226B15F00B33,2026-09-16 09:56:56.690,
7B93AB11-3726-4CC4-B8CF-8CB7689D698C,M00364,20260914,OT1_5,0,2,70FC22FC-0972-4261-99B3-226B15F00B33,2026-09-15 17:18:11.767,
2BB7EF41-07F6-4D7D-B370-9964695CABE6,M00364,20260915,OT1_5,0,2,70FC22FC-0972-4261-99B3-226B15F00B33,2026-09-16 09:56:58.503,
973DB68E-156D-459E-B570-93A21A390769,M00365,20260914,OT1_5,0,2,70FC22FC-0972-4261-99B3-226B15F00B33,2026-09-15 17:20:40.050,
2C3F61E2-4F3B-4902-9BAF-2EF0249E2920,M00365,20260915,OT1_5,0,2,70FC22FC-0972-4261-99B3-226B15F00B33,2026-09-16 09:59:28.700,
1390F0B4-AF1B-4001-AC9B-DAFDE6D08944,M00368,20260914,OT1_5,0,2,70FC22FC-0972-4261-99B3-226B15F00B33,2026-09-15 17:23:02.420,
4E73C32C-6996-4B5D-AE50-C428D2DA6741,M00368,20260915,OT1_5,0,2,70FC22FC-0972-4261-99B3-226B15F00B33,2026-09-16 10:01:42.750,
02FEA376-D239-44FC-A310-606B789FD21A,M00369,20260914,OT1_5,0,2,70FC22FC-0972-4261-99B3-226B15F00B33,2026-09-15 17:20:42.320,
11A613AF-9A2E-4C5D-80C6-F28A48224B8E,M00369,20260915,OT1_5,0,2.5,70FC22FC-0972-4261-99B3-226B15F00B33,2026-09-16 09:58:26.163,
F3C91FA1-2C22-4A72-A7F0-79925776C827,M00371,20260914,OT1_5,0,2,70FC22FC-0972-4261-99B3-226B15F00B33,2026-09-15 17:23:09.293,
3CE60083-0BD5-4433-B18D-850F22BA2E22,M00371,20260915,OT1_5,0,2,70FC22FC-0972-4261-99B3-226B15F00B33,2026-09-16 10:01:44.480,
34BD79A0-3832-4E3A-A1C4-C18F274D7888,M00372,20260915,OT1_5,0,2.5,70FC22FC-0972-4261-99B3-226B15F00B33,2026-09-16 10:01:19.270,
E82EDDE4-C101-4A68-B482-8F6715366F20,M00376,20260914,OT1_5,0,2,70FC22FC-0972-4261-99B3-226B15F00B33,2026-09-15 17:17:59.187,
7CD3A105-C01F-4918-ABC5-87A694CD98A7,M00381,20260914,OT1_5,0,2,70FC22FC-0972-4261-99B3-226B15F00B33,2026-09-15 17:23:14.510,
59E323AC-73D0-44B4-864A-9DC388DED234,M00381,20260915,OT1_5,0,2,70FC22FC-0972-4261-99B3-226B15F00B33,2026-09-16 10:01:53.750,
CC13CE97-FA18-422D-8942-88D809D1C295,M00382,20260914,OT1_5,0,2,70FC22FC-0972-4261-99B3-226B15F00B33,2026-09-15 17:20:57.627,
6CDBA66B-CA9D-481C-9BFA-9DDF785520DD,M00382,20260915,OT1_5,0,2,70FC22FC-0972-4261-99B3-226B15F00B33,2026-09-16 09:59:39.230,
B3E264CC-DE43-4C2B-BE1D-40E1AA0245DF,M00383,20260914,OT1_5,0,2,70FC22FC-0972-4261-99B3-226B15F00B33,2026-09-15 17:20:44.117,
DB44DF27-5ED0-4152-80B1-AA7BE469E516,M00387,20260914,OT1_5,0,2,70FC22FC-0972-4261-99B3-226B15F00B33,2026-09-15 17:17:55.700,
46DA8C51-D242-4A17-B53D-6CC27DCB29AA,M00387,20260915,OT1_5,0,2,70FC22FC-0972-4261-99B3-226B15F00B33,2026-09-16 09:56:55.403,
C2A7B82C-0319-4154-8DCB-78538166F633,M00388,20260914,OT1_5,0,2,70FC22FC-0972-4261-99B3-226B15F00B33,2026-09-15 17:18:10.297,
9E47C87F-0929-4EF0-AAA4-452BA04F90BE,M00388,20260915,OT1_5,0,2,70FC22FC-0972-4261-99B3-226B15F00B33,2026-09-16 09:56:58.037,
85D58E9E-B836-4A97-ACC7-D2AE9E58E125,M00389,20260914,OT1_5,0,2,70FC22FC-0972-4261-99B3-226B15F00B33,2026-09-15 17:20:47.937,
52959C78-170D-477B-9A7B-031791BD31F0,M00389,20260915,OT1_5,0,2,70FC22FC-0972-4261-99B3-226B15F00B33,2026-09-16 09:59:32.513,
AF930537-742D-46F2-B349-97331DC614CE,M00390,20260914,OT1_5,0,2,70FC22FC-0972-4261-99B3-226B15F00B33,2026-09-15 17:20:41.010,
01FD3A3C-EEDC-44F1-8269-FA845BCFD978,M00392,20260914,OT1_5,0,2,70FC22FC-0972-4261-99B3-226B15F00B33,2026-09-15 17:23:09.130,
BB64F337-9E60-4F88-9CD2-34308C164999,M00392,20260915,OT1_5,0,2,70FC22FC-0972-4261-99B3-226B15F00B33,2026-09-16 10:01:50.627,
FB69CD06-8297-4085-BCE6-AF7AFCE8826B,M00393,20260914,OT1_5,0,2,70FC22FC-0972-4261-99B3-226B15F00B33,2026-09-15 17:17:55.660,
83DCF969-853B-4012-B82D-F41266B94694,M00393,20260915,OT1_5,0,2,70FC22FC-0972-4261-99B3-226B15F00B33,2026-09-16 09:56:52.893,
940E9E40-758B-4D6D-BAB4-759A732D99A2,M00395,20260914,OT1_5,0,2,70FC22FC-0972-4261-99B3-226B15F00B33,2026-09-15 17:23:06.693,
9C626A56-B3E0-4F85-9677-C3E1BC3C1672,M00395,20260915,OT1_5,0,2,70FC22FC-0972-4261-99B3-226B15F00B33,2026-09-16 10:01:47.313,
DF724BA8-B885-4F41-84A7-6923D8B1385B,M00396,20260914,OT1_5,0,2,70FC22FC-0972-4261-99B3-226B15F00B33,2026-09-15 17:20:40.363,
950D2014-7330-48C6-A773-697385377D07,M00396,20260915,OT1_5,0,2,70FC22FC-0972-4261-99B3-226B15F00B33,2026-09-16 09:59:28.860,
FE482EE2-C2F3-40EB-81FB-046E1326FD4E,M00397,20260914,OT1_5,0,2,70FC22FC-0972-4261-99B3-226B15F00B33,2026-09-15 17:20:43.243,
5F3B672F-A3C1-48E2-B88A-469878A1C298,M00397,20260915,OT1_5,0,2,70FC22FC-0972-4261-99B3-226B15F00B33,2026-09-16 09:59:30.033,
20DCA07C-3AA5-49DF-B1C2-940E01B940D5,M00398,20260914,OT1_5,0,2,70FC22FC-0972-4261-99B3-226B15F00B33,2026-09-15 17:20:43.007,
0794C75E-5274-4F36-95C6-288BC9F04A26,M00398,20260915,OT1_5,0,2,70FC22FC-0972-4261-99B3-226B15F00B33,2026-09-16 09:59:30.360,
218458C0-1B2E-496E-8B94-A39529B689D6,M00399,20260914,OT1_5,0,2,70FC22FC-0972-4261-99B3-226B15F00B33,2026-09-15 17:20:43.270,
A0D1633F-62A4-47BD-99B2-99419EE54698,M00399,20260915,OT1_5,0,2,70FC22FC-0972-4261-99B3-226B15F00B33,2026-09-16 09:59:30.110,
7FE1957E-E385-47EA-83BA-C210A8FA69AF,M00401,20260914,OT1_5,0,1.5,70FC22FC-0972-4261-99B3-226B15F00B33,2026-09-15 17:17:53.333,
44E8D9EE-02B2-49E3-9A58-2FEE230CCAC5,M00402,20260914,OT1_5,0,2,70FC22FC-0972-4261-99B3-226B15F00B33,2026-09-15 17:18:12.000,
EEC487EF-B4A6-446F-8756-EE083BE3EB10,M00402,20260915,OT1_5,0,2,70FC22FC-0972-4261-99B3-226B15F00B33,2026-09-16 09:56:58.890,
6D4566B9-763E-4CA0-906F-A71FE810FF7C,M00406,20260914,OT1_5,0,2,70FC22FC-0972-4261-99B3-226B15F00B33,2026-09-15 17:20:57.670,
076185D8-692F-4E4D-B74D-46025F98D1C8,M00406,20260915,OT1_5,0,2,70FC22FC-0972-4261-99B3-226B15F00B33,2026-09-16 09:59:39.203,
96A39B73-1A32-401E-B33F-43F69B8C20F5,M00407,20260914,OT1_5,0,2,70FC22FC-0972-4261-99B3-226B15F00B33,2026-09-15 17:20:44.970,
82BE7952-9C23-48A3-935B-02E8E038E0C3,M00407,20260915,OT1_5,0,2,70FC22FC-0972-4261-99B3-226B15F00B33,2026-09-16 09:59:30.870,
E2E2D943-16B7-492C-815B-0883D3ACCB9D,M00410,20260914,OT1_5,0,2.5,70FC22FC-0972-4261-99B3-226B15F00B33,2026-09-15 17:20:09.680,
4372A456-C7E7-4BBD-BED6-79905320ED09,M00410,20260915,OT1_5,0,2.5,70FC22FC-0972-4261-99B3-226B15F00B33,2026-09-16 09:58:26.173,
750B8783-EE71-4C29-A57F-2C7A88E702B9,M00411,20260914,OT1_5,0,2,70FC22FC-0972-4261-99B3-226B15F00B33,2026-09-15 17:20:57.740,
6C8F0698-EA18-4927-842D-528398F31C36,M00412,20260914,OT1_5,0,2,70FC22FC-0972-4261-99B3-226B15F00B33,2026-09-15 17:20:41.867,
2A77533C-AFE1-42CB-A2D1-9B51D0245E9E,M00412,20260915,OT1_5,0,2,70FC22FC-0972-4261-99B3-226B15F00B33,2026-09-16 09:59:29.367,
D3EDC96C-189A-4BC8-9735-A6FE297A5537,M00413,20260914,OT1_5,0,2,70FC22FC-0972-4261-99B3-226B15F00B33,2026-09-15 17:23:16.940,
5323D8D0-A3F7-4FEE-A70A-C07C2FE3A366,M00413,20260915,OT1_5,0,2,70FC22FC-0972-4261-99B3-226B15F00B33,2026-09-16 10:01:56.057,
0991D763-4AA6-4746-B194-C1BA1A2FBD56,M00414,20260914,OT1_5,0,2,70FC22FC-0972-4261-99B3-226B15F00B33,2026-09-15 17:23:18.873,
5410F6C8-A9A6-455D-BB14-22DCC06E9198,M00414,20260915,OT1_5,0,2,70FC22FC-0972-4261-99B3-226B15F00B33,2026-09-16 10:01:56.980,
975704EB-BB88-416E-904F-C45C56D893D7,M00415,20260914,OT1_5,0,2,70FC22FC-0972-4261-99B3-226B15F00B33,2026-09-15 17:23:18.523,
55E4381B-638C-4D9A-90F9-C71095CF40BB,M00415,20260915,OT1_5,0,2,70FC22FC-0972-4261-99B3-226B15F00B33,2026-09-16 10:01:56.570,
2836FB98-480C-4C80-B42D-186F90F2D4FA,M00416,20260914,OT1_5,0,2,70FC22FC-0972-4261-99B3-226B15F00B33,2026-09-15 17:20:44.603,
5A4E87E6-0057-4F5C-BF45-A8D1CAAC0E87,M00416,20260915,OT1_5,0,2,70FC22FC-0972-4261-99B3-226B15F00B33,2026-09-16 09:59:32.060,
1B2FA81B-7B88-4478-B236-35AE44FD2904,M00417,20260914,OT1_5,0,2,70FC22FC-0972-4261-99B3-226B15F00B33,2026-09-15 17:20:58.087,
D501F384-A5B8-4870-9766-77D8D2876C89,M00418,20260914,OT1_5,0,2,70FC22FC-0972-4261-99B3-226B15F00B33,2026-09-15 17:18:09.637,
00434AE5-B5ED-4884-B74C-CF876273E578,M00418,20260915,OT1_5,0,2,70FC22FC-0972-4261-99B3-226B15F00B33,2026-09-16 09:56:58.247,
9E755D38-3D4F-4EC7-A3B0-FE1EAE7CB543,M00419,20260914,OT1_5,0,2,70FC22FC-0972-4261-99B3-226B15F00B33,2026-09-15 17:20:57.777,
582F53D1-C79B-493F-AE71-97979BBCC93F,M00419,20260915,OT1_5,0,2,70FC22FC-0972-4261-99B3-226B15F00B33,2026-09-16 09:59:34.803,
818462D7-BF75-43E5-958D-B92F2A9D457E,M00420,20260914,OT1_5,0,2,70FC22FC-0972-4261-99B3-226B15F00B33,2026-09-15 17:23:09.937,
3C187CCB-85BB-44C5-8161-D45D5AE07AEB,M00420,20260915,OT1_5,0,2,70FC22FC-0972-4261-99B3-226B15F00B33,2026-09-16 10:01:50.733,
0566F3EB-77C8-49C5-ADAF-0AD3E2F8CD65,M00421,20260914,OT1_5,0,2,70FC22FC-0972-4261-99B3-226B15F00B33,2026-09-15 17:18:02.580,
B1BE69F2-3E6C-4FAC-BF7D-4C64F3A743E6,M00421,20260915,OT1_5,0,2,70FC22FC-0972-4261-99B3-226B15F00B33,2026-09-16 09:56:54.230,
3959C685-59F1-4077-85E1-454DFD90BF75,M00423,20260914,OT1_5,0,2,70FC22FC-0972-4261-99B3-226B15F00B33,2026-09-15 17:18:05.623,
7BF6F466-14A2-4D0A-8ED2-C180A3FACC7D,M00428,20260914,OT1_5,0,1,70FC22FC-0972-4261-99B3-226B15F00B33,2026-09-15 17:18:07.110,
40C3CE47-45F8-4450-8B6B-3FD6662CC275,M00428,20260915,OT1_5,0,2,70FC22FC-0972-4261-99B3-226B15F00B33,2026-09-16 09:56:57.570,
090994B0-A163-4F47-B12A-C6235A940C85,M00430,20260914,OT1_5,0,2,70FC22FC-0972-4261-99B3-226B15F00B33,2026-09-15 17:23:08.103,
EC4CF71D-65CC-4D20-A509-18F866A0D1D2,M00430,20260915,OT1_5,0,2,70FC22FC-0972-4261-99B3-226B15F00B33,2026-09-16 10:01:47.490,
60BC09BB-24A9-4218-A410-DDDE810810CA,M00433,20260914,OT1_5,0,2.5,70FC22FC-0972-4261-99B3-226B15F00B33,2026-09-15 17:17:56.970,
929278F9-0B65-47BF-9C0A-B025AAE0B42F,M00433,20260915,OT1_5,0,4.5,70FC22FC-0972-4261-99B3-226B15F00B33,2026-09-16 09:56:59.280,
A325D005-4D5B-4E02-A217-74B6C338F07C,M00438,20260914,OT1_5,0,2,70FC22FC-0972-4261-99B3-226B15F00B33,2026-09-15 17:23:13.053,
3714EBA0-C68C-4A47-96F4-746D58AD86F1,M00438,20260915,OT1_5,0,2,70FC22FC-0972-4261-99B3-226B15F00B33,2026-09-16 10:01:53.480,
5D31F730-B51E-42FA-9AAD-83D103F07B18,M00443,20260914,OT1_5,0,2,70FC22FC-0972-4261-99B3-226B15F00B33,2026-09-15 17:20:42.230,
2762A193-6BFE-413C-AEDE-59306B9E3140,M00443,20260915,OT1_5,0,2,70FC22FC-0972-4261-99B3-226B15F00B33,2026-09-16 09:59:29.227,
08CF08AE-A5B3-48F5-82C1-D4BEDFEDECDC,M00444,20260914,OT1_5,0,2,70FC22FC-0972-4261-99B3-226B15F00B33,2026-09-15 17:18:08.390,
C23A6B86-6CFF-48E5-B0ED-0AB0A4B6DB9E,M00444,20260915,OT1_5,0,1,70FC22FC-0972-4261-99B3-226B15F00B33,2026-09-16 09:56:52.443,
835BC439-822D-45C2-9718-9BE71A7EB25F,M00446,20260914,OT1_5,0,2,70FC22FC-0972-4261-99B3-226B15F00B33,2026-09-15 17:20:40.383,
1FFF6471-AA7E-4AAA-BD79-DA699879E3BF,M00446,20260915,OT1_5,0,2,70FC22FC-0972-4261-99B3-226B15F00B33,2026-09-16 09:59:29.003,
71B52146-EB7D-4EA6-9958-DDE5FAD0FFD3,M00447,20260914,OT1_5,0,3.5,70FC22FC-0972-4261-99B3-226B15F00B33,2026-09-15 17:18:57.460,
F8873001-7929-4870-BAB7-0A115F58E108,M00447,20260915,OT1_5,0,3,70FC22FC-0972-4261-99B3-226B15F00B33,2026-09-16 09:57:39.807,
22EDE51B-C43D-41D0-ABCE-710E8DCE3176,M00448,20260914,OT1_5,0,2,70FC22FC-0972-4261-99B3-226B15F00B33,2026-09-15 17:21:02.883,
BEA5C404-C7B0-4542-8AA7-E75CA9D3515D,M00452,20260914,OT1_5,0,2,70FC22FC-0972-4261-99B3-226B15F00B33,2026-09-15 17:23:14.947,
C6E36655-C0B4-47B7-82C6-C75F1F70C177,M00452,20260915,OT1_5,0,2,70FC22FC-0972-4261-99B3-226B15F00B33,2026-09-16 10:01:53.970,
5021F092-578C-4C30-B90B-C4E10900CC50,M00457,20260914,OT1_5,0,2,70FC22FC-0972-4261-99B3-226B15F00B33,2026-09-15 17:20:48.137,
8043DE80-6E72-4C05-81A1-4C89116C73A5,M00457,20260915,OT1_5,0,2,70FC22FC-0972-4261-99B3-226B15F00B33,2026-09-16 09:59:37.847,
15B676DC-02D5-44FB-9A33-14B4C8B5FC7E,M00461,20260914,OT1_5,0,2,70FC22FC-0972-4261-99B3-226B15F00B33,2026-09-15 17:18:01.100,
8D2E9F71-D394-49E3-891C-1F0025C0A052,M00461,20260915,OT1_5,0,2,70FC22FC-0972-4261-99B3-226B15F00B33,2026-09-16 09:56:55.530,
9B8A9A71-BA34-4583-86F9-D8EF420431E8,M00462,20260914,nOT1_5,0,14.5,70FC22FC-0972-4261-99B3-226B15F00B33,2026-09-16 07:51:33.433,NULL
A8CCEA55-85C2-40A4-8487-1D84ACEB520D,M00462,20260915,OT1_5,0,2,70FC22FC-0972-4261-99B3-226B15F00B33,2026-09-16 09:56:58.900,
C0737E79-8358-4B99-A8D8-E83A9AA76485,M00463,20260914,OT1_5,0,2,70FC22FC-0972-4261-99B3-226B15F00B33,2026-09-15 17:18:06.387,
7098F084-7F83-4B6A-9583-8FEA8F4C11CC,M00463,20260915,OT1_5,0,2,70FC22FC-0972-4261-99B3-226B15F00B33,2026-09-16 09:56:57.180,
8B12096C-FD0E-4E61-A2D0-A497850CE671,M00464,20260914,OT1_5,0,2,70FC22FC-0972-4261-99B3-226B15F00B33,2026-09-15 17:18:12.017,
7DAEF376-9082-484B-A456-C0184699B2B1,M00464,20260915,OT1_5,0,2,70FC22FC-0972-4261-99B3-226B15F00B33,2026-09-16 09:56:58.910,
14503841-0F04-4DE2-8F05-B2AB50F5BDDB,M00465,20260914,OT1_5,0,2,70FC22FC-0972-4261-99B3-226B15F00B33,2026-09-15 17:23:07.047,
5898294F-244F-4094-9BEA-BFA442CB6F65,M00465,20260915,OT1_5,0,2,70FC22FC-0972-4261-99B3-226B15F00B33,2026-09-16 10:01:52.457,
85196118-2B41-4D51-9575-CEB5CE8B4900,M00468,20260914,OT1_5,0,2,70FC22FC-0972-4261-99B3-226B15F00B33,2026-09-15 17:17:53.830,
7452FE66-73E8-4DFE-88D2-0631DC3D9A2C,M00468,20260915,OT1_5,0,2,70FC22FC-0972-4261-99B3-226B15F00B33,2026-09-16 09:56:53.693,
15F76F52-5E2A-40EE-9365-F04278E03637,M00469,20260914,OT1_5,0,2,70FC22FC-0972-4261-99B3-226B15F00B33,2026-09-15 17:18:05.737,
26B63AFA-6CAF-4DE5-AA05-AEFB2863702B,M00469,20260915,OT1_5,0,2,70FC22FC-0972-4261-99B3-226B15F00B33,2026-09-16 09:56:52.777,
68AF484B-1760-4FC6-8E6C-ABF867FC4111,M00470,20260914,OT1_5,0,2,70FC22FC-0972-4261-99B3-226B15F00B33,2026-09-15 17:18:02.957,
CFC0348A-61BE-415A-B8A0-4455D4D5949C,M00470,20260915,OT1_5,0,2,70FC22FC-0972-4261-99B3-226B15F00B33,2026-09-16 09:56:54.987,
1B2A20B1-1753-423F-BF31-3A2AEF39AECE,M00471,20260914,OT1_5,0,2,70FC22FC-0972-4261-99B3-226B15F00B33,2026-09-15 17:23:18.710,
9702CB47-CB61-48FB-921D-0FEFFC70766E,M00471,20260915,OT1_5,0,2,70FC22FC-0972-4261-99B3-226B15F00B33,2026-09-16 10:01:56.990,
11CD28EC-60B8-4607-A6EC-42ACBD1B75BC,M00472,20260914,OT1_5,0,2,70FC22FC-0972-4261-99B3-226B15F00B33,2026-09-15 17:20:41.470,
E4EDAE21-FA7D-4D56-BF28-25154479F33D,M00472,20260915,OT1_5,0,2,70FC22FC-0972-4261-99B3-226B15F00B33,2026-09-16 09:59:29.300,
5301B3EC-98B8-49E0-879E-AE9050D54BE1,M00473,20260914,OT1_5,0,2,70FC22FC-0972-4261-99B3-226B15F00B33,2026-09-15 17:20:52.270,
3C56142D-4C19-4CDC-8EDF-CBE359D46C22,M00473,20260915,OT1_5,0,2,70FC22FC-0972-4261-99B3-226B15F00B33,2026-09-16 09:59:36.120,
EBD71559-9D53-4FFB-8342-47F572146B21,M00474,20260914,OT1_5,0,2,70FC22FC-0972-4261-99B3-226B15F00B33,2026-09-15 17:20:42.870,
131BC75E-6735-4FEB-8ED3-948C29339AF8,M00474,20260915,OT1_5,0,2,70FC22FC-0972-4261-99B3-226B15F00B33,2026-09-16 09:59:29.677,
70C82192-FBC8-4C71-BBFB-712040B8523E,M00479,20260914,OT1_5,0,2,70FC22FC-0972-4261-99B3-226B15F00B33,2026-09-15 17:23:13.090,
F103F366-A147-44AD-897E-2B09B9D66726,M00479,20260915,OT1_5,0,2,70FC22FC-0972-4261-99B3-226B15F00B33,2026-09-16 10:01:54.470,
7A930238-0274-4CBB-A98D-5E38007D4FD8,M00480,20260914,OT1_5,0,2,70FC22FC-0972-4261-99B3-226B15F00B33,2026-09-15 17:21:01.413,
7D97E169-683E-4460-B481-80373E4C9696,M00480,20260915,OT1_5,0,2,70FC22FC-0972-4261-99B3-226B15F00B33,2026-09-16 09:59:33.933,
1B428468-C8C7-4425-9A25-59A0C65679F2,M00481,20260914,OT1_5,0,2,70FC22FC-0972-4261-99B3-226B15F00B33,2026-09-15 17:18:02.467,
8473C155-FB13-4CD0-8EC1-B1CA63C183B6,M00481,20260915,OT1_5,0,2,70FC22FC-0972-4261-99B3-226B15F00B33,2026-09-16 09:56:55.600,
51B930B2-6905-43FE-A949-F476C54F8711,M00482,20260914,OT1_5,0,2,70FC22FC-0972-4261-99B3-226B15F00B33,2026-09-15 17:20:40.230,
7B92D87D-F256-46F4-9E84-3F671D76D536,M00482,20260915,OT1_5,0,2,70FC22FC-0972-4261-99B3-226B15F00B33,2026-09-16 09:59:28.967,
EAF046F7-D8AD-4571-A3B3-F0588136B864,M00484,20260914,OT1_5,0,2,70FC22FC-0972-4261-99B3-226B15F00B33,2026-09-15 17:20:41.153,
40933846-7CA8-4A3C-A0F7-36EF4AEB62FF,M00484,20260915,OT1_5,0,2,70FC22FC-0972-4261-99B3-226B15F00B33,2026-09-16 09:59:29.480,
667825DF-1E9E-4D09-8C11-CB948CBBE305,M00485,20260914,OT1_5,0,2,70FC22FC-0972-4261-99B3-226B15F00B33,2026-09-15 17:23:18.043,
6DA12103-3801-42E6-92C7-5EF0FF6BF514,M00485,20260915,OT1_5,0,2,70FC22FC-0972-4261-99B3-226B15F00B33,2026-09-16 10:01:55.537,
FCBBA9D6-31FE-424B-905F-8DB4053FDA40,M00486,20260914,OT1_5,0,2,70FC22FC-0972-4261-99B3-226B15F00B33,2026-09-15 17:23:03.100,
8832069F-525A-40E9-9A7B-56FF781FB6E7,M00486,20260915,OT1_5,0,2,70FC22FC-0972-4261-99B3-226B15F00B33,2026-09-16 10:01:43.390,
D3FE7C2A-E01A-440B-A1E9-A020A4D00B5B,M00487,20260914,OT1_5,0,2,70FC22FC-0972-4261-99B3-226B15F00B33,2026-09-15 17:21:35.230,
95C17C6E-78C6-43C3-A649-32CCC136C8ED,M00487,20260915,OT1_5,0,2,70FC22FC-0972-4261-99B3-226B15F00B33,2026-09-16 10:00:13.640,
83C6DB8C-8236-42F2-BDDC-B675080C709E,M00488,20260914,OT1_5,0,2,70FC22FC-0972-4261-99B3-226B15F00B33,2026-09-15 17:21:35.900,
3251F0B1-0721-418A-8C55-3904C9F4CA1D,M00488,20260915,OT1_5,0,2,70FC22FC-0972-4261-99B3-226B15F00B33,2026-09-16 10:00:13.207,
B3701232-4540-4DF8-84C2-A391896E9983,M00489,20260914,OT1_5,0,2,70FC22FC-0972-4261-99B3-226B15F00B33,2026-09-15 17:18:12.957,
8D40D824-8C65-457E-BB74-5AAB39303F30,M00489,20260915,OT1_5,0,2,70FC22FC-0972-4261-99B3-226B15F00B33,2026-09-16 09:56:59.047,
A3A2CF83-EB03-4228-8794-60A095A445E6,M00496,20260914,OT1_5,0,2,70FC22FC-0972-4261-99B3-226B15F00B33,2026-09-15 17:20:43.290,
B661C62A-F792-4DAF-B1BE-E206D86C059F,M00496,20260915,OT1_5,0,2,70FC22FC-0972-4261-99B3-226B15F00B33,2026-09-16 09:59:30.313,
CB20D280-66DE-42E0-94D8-12DDB20189F5,M00497,20260914,OT1_5,0,1.5,70FC22FC-0972-4261-99B3-226B15F00B33,2026-09-15 17:17:54.560,
2A8FD60F-3414-4BBF-9A1B-63D0216B1B89,M00497,20260915,OT1_5,0,1.5,70FC22FC-0972-4261-99B3-226B15F00B33,2026-09-16 09:56:52.753,
3F4F0FA4-5EB6-4F34-A266-8F33BF8D84D5,M00498,20260914,OT1_5,0,2,70FC22FC-0972-4261-99B3-226B15F00B33,2026-09-15 17:17:53.683,
09F3807A-7951-4530-9A64-402EBB8390A2,M00498,20260915,OT1_5,0,2,70FC22FC-0972-4261-99B3-226B15F00B33,2026-09-16 09:56:53.807,
BE181613-E589-467A-9A27-E3C901C50894,M00500,20260914,OT1_5,0,2,70FC22FC-0972-4261-99B3-226B15F00B33,2026-09-15 17:17:54.053,
33033DB3-0391-4F59-8C7F-2D6988A2F7EC,M00500,20260915,OT1_5,0,1.5,70FC22FC-0972-4261-99B3-226B15F00B33,2026-09-16 09:56:52.743,
3CA65841-4BEE-47F9-B068-60ECC935AABB,M00502,20260914,OT1_5,0,2,70FC22FC-0972-4261-99B3-226B15F00B33,2026-09-15 17:18:05.940,
04D008B2-B013-4DF6-94B0-9E613C216D7C,M00502,20260915,OT1_5,0,2,70FC22FC-0972-4261-99B3-226B15F00B33,2026-09-16 09:56:56.583,
0226DC6D-DBF0-462A-8C45-1CF2B98E3193,M00504,20260914,OT1_5,0,2,70FC22FC-0972-4261-99B3-226B15F00B33,2026-09-15 17:16:58.997,
92629F86-18CA-4792-A01F-87087D6B1974,M00504,20260915,OT1_5,0,2,70FC22FC-0972-4261-99B3-226B15F00B33,2026-09-16 09:56:11.727,
544BB7E0-11DA-4253-8F9C-4297540BA950,M00505,20260915,nOT1_5,0,15,70FC22FC-0972-4261-99B3-226B15F00B33,2026-09-16 09:52:35.110,NULL
82471084-6A10-457F-B18D-B224F25A3E36,M00506,20260914,OT1_5,0,2,70FC22FC-0972-4261-99B3-226B15F00B33,2026-09-15 17:23:18.067,
00CC81BF-3253-4999-B742-62CDD1EAC267,M00506,20260915,OT1_5,0,2,70FC22FC-0972-4261-99B3-226B15F00B33,2026-09-16 10:01:56.520,
EAA9D43B-B77C-41D9-BF95-94813ADAB6EB,M00507,20260914,OT1_5,0,2,70FC22FC-0972-4261-99B3-226B15F00B33,2026-09-15 17:20:46.053,
FAE35A0E-43F4-4039-9DF3-61B88CEBDD2A,M00507,20260915,OT1_5,0,2,70FC22FC-0972-4261-99B3-226B15F00B33,2026-09-16 09:59:31.727,
F916EFE6-260B-47BF-931E-98971B0BBFDD,M00508,20260914,OT1_5,0,2,70FC22FC-0972-4261-99B3-226B15F00B33,2026-09-15 17:21:35.863,
F281DC3E-BA2D-4B98-A0E2-64C488CC2901,M00508,20260915,OT1_5,0,2,70FC22FC-0972-4261-99B3-226B15F00B33,2026-09-16 10:00:13.220,
2717DAFB-8F13-4428-AA1D-47B1BA42D987,M00509,20260914,OT1_5,0,2,70FC22FC-0972-4261-99B3-226B15F00B33,2026-09-15 17:23:10.503,
949E90E7-6578-49BB-9AF0-5FE641A6B46D,M00509,20260915,OT1_5,0,2,70FC22FC-0972-4261-99B3-226B15F00B33,2026-09-16 10:01:54.780,
3661A96B-A5C3-496A-B7D2-03E45E234DFC,M00510,20260914,OT1_5,0,2,70FC22FC-0972-4261-99B3-226B15F00B33,2026-09-15 17:23:17.887,
85B2C7EF-8570-4786-B801-7A26CD7AECE5,M00510,20260915,OT1_5,0,2,70FC22FC-0972-4261-99B3-226B15F00B33,2026-09-16 10:01:57.020,
D6BDCB28-FA63-4BA0-91D3-0AF942348AF0,M00511,20260914,OT1_5,0,2,70FC22FC-0972-4261-99B3-226B15F00B33,2026-09-15 17:18:01.990,
294B27AB-39CA-4E07-813C-2DB3A9FD9DE6,M00517,20260914,OT1_5,0,2,70FC22FC-0972-4261-99B3-226B15F00B33,2026-09-15 17:17:54.263,
6A60B5F8-D458-45CA-AF2C-BF4CE378F189,M00517,20260915,OT1_5,0,2,70FC22FC-0972-4261-99B3-226B15F00B33,2026-09-16 09:56:52.833,
5C6586FF-A709-4B2A-8DE6-D59DCA522F57,M00519,20260914,OT1_5,0,2.5,70FC22FC-0972-4261-99B3-226B15F00B33,2026-09-15 17:20:09.737,
60499C7B-75B8-43CF-8E78-F8EA9DB03A1E,M00519,20260915,OT1_5,0,2,70FC22FC-0972-4261-99B3-226B15F00B33,2026-09-16 09:59:37.897,
71939401-7E7C-4891-AC98-549CCBAE242F,M00521,20260914,OT1_5,0,2,70FC22FC-0972-4261-99B3-226B15F00B33,2026-09-15 17:23:04.367,
938070F0-28A2-4A08-BCA9-0D07B2EFA73A,M00521,20260915,OT1_5,0,2,70FC22FC-0972-4261-99B3-226B15F00B33,2026-09-16 10:01:44.417,
1BA80DC5-874C-4FCB-9645-9C2F60F75CB6,M00527,20260914,OT1_5,0,2,70FC22FC-0972-4261-99B3-226B15F00B33,2026-09-15 17:23:59.013,
B7AFB9EA-9EE4-483B-9E17-4BC545D5D865,M00528,20260914,OT1_5,0,2,70FC22FC-0972-4261-99B3-226B15F00B33,2026-09-15 17:23:13.203,
FBF01408-612B-4BF4-8285-D53F3EA558B8,M00528,20260915,OT1_5,0,2,70FC22FC-0972-4261-99B3-226B15F00B33,2026-09-16 10:01:53.860,
785C8510-C355-4E64-82BB-35A97F0C65A6,M00529,20260914,OT1_5,0,1,70FC22FC-0972-4261-99B3-226B15F00B33,2026-09-15 17:17:54.063,
E061E310-F125-478C-B4A7-D9165BC565B6,M00529,20260915,OT1_5,0,2,70FC22FC-0972-4261-99B3-226B15F00B33,2026-09-16 09:56:52.843,
A097E731-706B-43CC-8B72-36F15F41BBAF,M00530,20260914,OT1_5,0,2,70FC22FC-0972-4261-99B3-226B15F00B33,2026-09-15 17:17:54.783,
EDB0595A-00A4-4D45-98FC-A78EF3379C14,M00530,20260915,OT1_5,0,2,70FC22FC-0972-4261-99B3-226B15F00B33,2026-09-16 09:56:53.020,
673F215F-C901-4526-B337-03076CC6E32F,M00531,20260914,OT1_5,0,2,70FC22FC-0972-4261-99B3-226B15F00B33,2026-09-15 17:17:54.470,
A152D85E-9BE1-41AC-BD21-E70246A5569C,M00531,20260915,OT1_5,0,2,70FC22FC-0972-4261-99B3-226B15F00B33,2026-09-16 09:56:53.030,
74DDAD14-FC4D-42B6-A43F-6F648167988C,M00532,20260914,OT1_5,0,2,70FC22FC-0972-4261-99B3-226B15F00B33,2026-09-15 17:17:58.413,
82032DE6-FCA0-4EDC-875E-A50982069D84,M00532,20260915,OT1_5,0,2,70FC22FC-0972-4261-99B3-226B15F00B33,2026-09-16 09:56:53.797,
0B40A7A3-6463-4072-9CC9-064545AAC5EA,M00533,20260914,OT1_5,0,2,70FC22FC-0972-4261-99B3-226B15F00B33,2026-09-15 17:20:56.350,
79CB071A-656E-483D-90AA-9FD9F0286A3B,M00533,20260915,OT1_5,0,2,70FC22FC-0972-4261-99B3-226B15F00B33,2026-09-16 09:59:31.107,
B567B1EC-22A4-44A0-A0BE-310E020107D7,M00534,20260914,OT1_5,0,2,70FC22FC-0972-4261-99B3-226B15F00B33,2026-09-15 17:23:06.330,
6D1A46F6-859D-43F3-9318-5DC6EEB97544,M00534,20260915,OT1_5,0,1,70FC22FC-0972-4261-99B3-226B15F00B33,2026-09-16 10:01:57.063,
6B798E80-0B78-49E7-A0D3-663D3AFD248F,M00536,20260914,OT1_5,0,2,70FC22FC-0972-4261-99B3-226B15F00B33,2026-09-15 17:23:11.533,
120D2ED1-65F9-415A-B41E-F3BA7276E3EA,M00536,20260915,OT1_5,0,2.5,70FC22FC-0972-4261-99B3-226B15F00B33,2026-09-16 10:01:19.283,
17671B36-1E7B-4B72-8B53-68B497C370E9,M00537,20260914,OT1_5,0,2,70FC22FC-0972-4261-99B3-226B15F00B33,2026-09-15 17:17:54.007,
7DD405E6-3048-4ACE-87EC-2E01C9F64B8D,M00537,20260915,OT1_5,0,1,70FC22FC-0972-4261-99B3-226B15F00B33,2026-09-16 09:56:52.560,
414521F3-CC56-4C42-8CEF-41CD02A30BA6,M00538,20260914,OT1_5,0,2,70FC22FC-0972-4261-99B3-226B15F00B33,2026-09-15 17:18:05.883,
B9E4844E-A42F-4AC4-B03D-A80BFECF8B00,M00538,20260915,OT1_5,0,2,70FC22FC-0972-4261-99B3-226B15F00B33,2026-09-16 09:56:55.393,
85C41115-2678-4755-B8EC-85393CC82F3B,M00539,20260914,OT1_5,0,2,70FC22FC-0972-4261-99B3-226B15F00B33,2026-09-15 17:20:52.280,
8F924D17-2616-4055-956C-BA098D5A9CE3,M00539,20260915,OT1_5,0,2,70FC22FC-0972-4261-99B3-226B15F00B33,2026-09-16 09:59:38.507,
EBD0DC90-F994-4B87-B204-1F3D2BCD8CF0,M00540,20260914,OT1_5,0,2,70FC22FC-0972-4261-99B3-226B15F00B33,2026-09-15 17:20:42.703,
1EFE5004-9445-4C07-BEF1-A757BB4B534B,M00540,20260915,OT1_5,0,2,70FC22FC-0972-4261-99B3-226B15F00B33,2026-09-16 09:59:30.043,
7C805B04-EC16-444E-861E-D0E6728795F5,M00541,20260914,OT1_5,0,2,70FC22FC-0972-4261-99B3-226B15F00B33,2026-09-15 17:21:05.173,
B83DF506-BE21-45B0-B09D-4FF230C4D954,M00542,20260914,OT1_5,0,2,70FC22FC-0972-4261-99B3-226B15F00B33,2026-09-15 17:20:48.790,
3BF65CBC-1795-45BA-A6BC-EE480F755E88,M00542,20260915,OT1_5,0,2,70FC22FC-0972-4261-99B3-226B15F00B33,2026-09-16 09:59:36.940,
B05B29CA-78E0-4B25-A63F-3B0D92817633,M00543,20260914,OT1_5,0,2,70FC22FC-0972-4261-99B3-226B15F00B33,2026-09-15 17:20:53.457,
8FF84045-8053-4A78-8E39-3810BAD719D4,M00543,20260915,OT1_5,0,2,70FC22FC-0972-4261-99B3-226B15F00B33,2026-09-16 09:59:34.217,
16CD66FD-FA71-4BDB-B02A-28BA9E95DA87,M00544,20260914,OT1_5,0,2,70FC22FC-0972-4261-99B3-226B15F00B33,2026-09-15 17:23:08.977,
5A740A4B-80CE-448C-9595-95EF5DB415E3,M00544,20260915,OT1_5,0,2,70FC22FC-0972-4261-99B3-226B15F00B33,2026-09-16 10:01:46.170,
81E4B993-E0E4-444B-95EB-DD8D1A067DC2,M00545,20260914,OT1_5,0,2,70FC22FC-0972-4261-99B3-226B15F00B33,2026-09-15 17:23:09.677,
99AB3A52-8008-472E-A657-B3AA22A07C07,M00545,20260915,OT1_5,0,2,70FC22FC-0972-4261-99B3-226B15F00B33,2026-09-16 10:01:44.963,
EB83C5C2-35C9-4460-B7D1-68857B95F2C0,M00546,20260914,OT1_5,0,2,70FC22FC-0972-4261-99B3-226B15F00B33,2026-09-15 17:20:50.247,
96DB3A26-2541-4DAE-9C36-0DA8C0681C91,M00546,20260915,OT1_5,0,2,70FC22FC-0972-4261-99B3-226B15F00B33,2026-09-16 09:59:33.410,
78D28F6B-96AA-4387-8721-5DA4478D5C23,M00547,20260914,OT1_5,0,2,70FC22FC-0972-4261-99B3-226B15F00B33,2026-09-15 17:20:53.113,
EDEE6FD5-5D4B-4C3D-8E13-F879CA0AC6B3,M00548,20260914,OT1_5,0,2,70FC22FC-0972-4261-99B3-226B15F00B33,2026-09-15 17:20:52.470,
54ED4133-2CEE-40E2-81FA-5EB8CF5A4DB9,M00548,20260915,OT1_5,0,2,70FC22FC-0972-4261-99B3-226B15F00B33,2026-09-16 09:59:37.907,
FE7CB892-C942-4A4B-990E-F0EE0BD9DB5F,M00549,20260914,OT1_5,0,2,70FC22FC-0972-4261-99B3-226B15F00B33,2026-09-15 17:20:42.520,
9404804B-0E57-4CD5-ABE8-0AFC910EFF87,M00549,20260915,OT1_5,0,2,70FC22FC-0972-4261-99B3-226B15F00B33,2026-09-16 09:59:30.007,
422A1F9A-9851-42D9-BA69-873932742D36,M00550,20260914,OT1_5,0,2,70FC22FC-0972-4261-99B3-226B15F00B33,2026-09-15 17:23:13.670,
3A5E95CD-7AE6-4036-AAEC-4B7B65B51A95,M00550,20260915,OT1_5,0,2,70FC22FC-0972-4261-99B3-226B15F00B33,2026-09-16 10:01:53.203,
987E6F91-379B-4D7C-AAB8-FFBDDB8A0E73,M00551,20260915,OT1_5,0,2,70FC22FC-0972-4261-99B3-226B15F00B33,2026-09-16 09:59:29.440,
80B76785-9924-428A-958F-ADE663023EE9,M00552,20260914,OT1_5,0,2,70FC22FC-0972-4261-99B3-226B15F00B33,2026-09-15 17:20:46.023,
59BC348D-79A2-4044-91C2-1A28723BA0DA,M00552,20260915,OT1_5,0,2,70FC22FC-0972-4261-99B3-226B15F00B33,2026-09-16 09:59:31.527,
BF02DCAD-DA54-411E-81BE-0C0AD08D7001,M00553,20260914,OT1_5,0,2,70FC22FC-0972-4261-99B3-226B15F00B33,2026-09-15 17:23:10.773,
047720C9-365F-4930-B0D8-9F0D49C1CC5C,M00553,20260915,OT1_5,0,2,70FC22FC-0972-4261-99B3-226B15F00B33,2026-09-16 10:01:52.923,
9370DA62-514F-495B-9E28-54973417F8BF,M00554,20260914,OT1_5,0,2,70FC22FC-0972-4261-99B3-226B15F00B33,2026-09-15 17:17:56.677,
B43E8BA8-2DDE-42E1-B4EE-022A0CF888B0,M00554,20260915,OT1_5,0,2,70FC22FC-0972-4261-99B3-226B15F00B33,2026-09-16 09:56:52.993,
E09F1F0D-1929-4E23-B0F0-B266462637BB,M00556,20260914,OT1_5,0,2,70FC22FC-0972-4261-99B3-226B15F00B33,2026-09-15 17:21:05.537,
37E22119-A64C-4A5A-9BE9-1A67E0747A81,M00556,20260915,OT1_5,0,2,70FC22FC-0972-4261-99B3-226B15F00B33,2026-09-16 09:59:34.000,
0F3343C5-654D-46BF-9ABA-A81CCE7DFDD3,M00557,20260914,OT1_5,0,2,70FC22FC-0972-4261-99B3-226B15F00B33,2026-09-15 17:18:09.523,
EE77BDA9-F164-4FAB-985E-D3BF172585AC,M00557,20260915,OT1_5,0,2,70FC22FC-0972-4261-99B3-226B15F00B33,2026-09-16 09:56:58.367,
273A4052-C0A0-4DFE-9FE4-ABE4B2415558,M00558,20260914,OT1_5,0,2,70FC22FC-0972-4261-99B3-226B15F00B33,2026-09-15 17:23:11.750,
4618A8FE-A94E-4DD6-9155-6D457B2D6A2B,M00558,20260915,OT1_5,0,2,70FC22FC-0972-4261-99B3-226B15F00B33,2026-09-16 10:01:54.033,
9386DF37-1E0F-4F12-9407-2BAC1913E567,M00559,20260914,OT1_5,0,2,70FC22FC-0972-4261-99B3-226B15F00B33,2026-09-15 17:18:06.613,
C90F3DE5-179E-4D2C-95B1-CA6F8DD72B28,M00559,20260915,OT1_5,0,1,70FC22FC-0972-4261-99B3-226B15F00B33,2026-09-16 09:56:52.590,
DEEEFD47-4550-4C03-8219-0F5278140552,M00560,20260914,OT1_5,0,2,70FC22FC-0972-4261-99B3-226B15F00B33,2026-09-15 17:21:02.497,
0B3EC34F-6953-4720-A839-7D2F999E657F,M00561,20260914,OT1_5,0,2,70FC22FC-0972-4261-99B3-226B15F00B33,2026-09-15 17:20:54.410,
E958AD1F-C0DF-4866-BB52-CF053C0EF471,M00561,20260915,OT1_5,0,2,70FC22FC-0972-4261-99B3-226B15F00B33,2026-09-16 09:59:38.910,
4F608AA1-4663-49F7-9F0E-EE06B2BDDA77,M00562,20260914,OT1_5,0,2,70FC22FC-0972-4261-99B3-226B15F00B33,2026-09-15 17:23:58.997,
62AD0561-CA16-4B14-8E4A-051F28D62136,M00562,20260915,OT1_5,0,2,70FC22FC-0972-4261-99B3-226B15F00B33,2026-09-16 10:02:22.070,
787C993E-7AD2-4613-87DC-8D27A0502D41,M00563,20260915,OT1_5,0,2,70FC22FC-0972-4261-99B3-226B15F00B33,2026-09-16 09:56:55.033,
FC734DD8-32B8-446C-98E9-23E3DE0EAA7D,M00564,20260914,OT1_5,0,2,70FC22FC-0972-4261-99B3-226B15F00B33,2026-09-15 17:18:05.483,
00EC90A1-FFF9-4926-A902-7E65DC1C8397,M00564,20260915,OT1_5,0,2,70FC22FC-0972-4261-99B3-226B15F00B33,2026-09-16 09:56:54.383,
010C73B1-FBD5-464F-9028-EB143234B95D,M00566,20260914,OT1_5,0,2,70FC22FC-0972-4261-99B3-226B15F00B33,2026-09-15 17:20:54.463,
51619423-333D-47FA-AF75-C52154186F53,M00566,20260915,OT1_5,0,2,70FC22FC-0972-4261-99B3-226B15F00B33,2026-09-16 09:59:36.187,
C1599679-469F-43A5-9C9D-1247813271EB,M00567,20260914,OT1_5,0,2,70FC22FC-0972-4261-99B3-226B15F00B33,2026-09-15 17:20:52.890,
5AB9FC32-0D4E-4EDA-AB71-CEC7B1B17683,M00567,20260915,OT1_5,0,2,70FC22FC-0972-4261-99B3-226B15F00B33,2026-09-16 09:59:40.103,
C94F7685-E15B-4A4B-A37F-A507F9B8968C,M00569,20260914,OT1_5,0,2,70FC22FC-0972-4261-99B3-226B15F00B33,2026-09-15 17:23:04.213,
E46AA21F-AE11-4F47-B7B3-CF575729C7B6,M00569,20260915,OT1_5,0,2,70FC22FC-0972-4261-99B3-226B15F00B33,2026-09-16 10:01:44.840,
1D805AC3-DFC7-433D-949E-891857C6DA4C,M00570,20260914,OT1_5,0,2,70FC22FC-0972-4261-99B3-226B15F00B33,2026-09-15 17:20:58.077,
B5D2B4C9-03FD-4A81-A2C4-BB1038EDCF26,M00570,20260915,OT1_5,0,2,70FC22FC-0972-4261-99B3-226B15F00B33,2026-09-16 09:59:38.427,
29992A3E-2E57-4E79-918C-51FEC08F5BF0,M00571,20260914,OT1_5,0,2,70FC22FC-0972-4261-99B3-226B15F00B33,2026-09-15 17:17:53.653,
634CFB19-D9E6-4134-A313-DCEC354F1BFF,M00571,20260915,OT1_5,0,2,70FC22FC-0972-4261-99B3-226B15F00B33,2026-09-16 09:56:52.920,
59B8D161-1D5A-4170-846F-5F466A278110,M00572,20260914,OT1_5,0,2,70FC22FC-0972-4261-99B3-226B15F00B33,2026-09-15 17:20:54.480,
07EDC4C4-BEAA-4CFD-84B6-B1DC2EF19391,M00572,20260915,OT1_5,0,1,70FC22FC-0972-4261-99B3-226B15F00B33,2026-09-16 09:59:27.907,
9649CE91-F6CB-4DF9-B835-71F7955D7DCC,M00573,20260914,OT1_5,0,2,70FC22FC-0972-4261-99B3-226B15F00B33,2026-09-15 17:21:00.247,
1D2EFDE4-A23C-41B0-B42D-DF0054CFE7D1,M00573,20260915,OT1_5,0,2,70FC22FC-0972-4261-99B3-226B15F00B33,2026-09-16 09:59:40.933,
9B2716A5-7056-4096-81B2-D28B04A661DF,M00574,20260914,OT1_5,0,5,70FC22FC-0972-4261-99B3-226B15F00B33,2026-09-15 17:20:39.413,
F567B59F-EE86-4E13-BD1C-3FEBEBAE0EF6,M00574,20260915,OT1_5,0,2,70FC22FC-0972-4261-99B3-226B15F00B33,2026-09-16 09:59:40.770,
00CAC6FB-14ED-41B0-8A98-274C8B70454C,M00575,20260914,OT1_5,0,2,70FC22FC-0972-4261-99B3-226B15F00B33,2026-09-15 17:20:49.940,
F3E1B42E-B375-428A-B172-DE6383D49FEC,M00575,20260915,OT1_5,0,3,70FC22FC-0972-4261-99B3-226B15F00B33,2026-09-16 09:59:41.050,
0190A1A5-E32C-4453-8802-DC61824F8955,M00576,20260914,OT1_5,0,2,70FC22FC-0972-4261-99B3-226B15F00B33,2026-09-15 17:20:59.827,
071304AD-3B1D-4AC1-A89A-B542499ACF47,M00576,20260915,OT1_5,0,5,70FC22FC-0972-4261-99B3-226B15F00B33,2026-09-16 09:59:41.140,
0CB46E28-5846-4626-BE00-182D11C01068,M00577,20260914,OT1_5,0,2,70FC22FC-0972-4261-99B3-226B15F00B33,2026-09-15 17:20:59.780,
81EBD91E-A20D-4225-8084-439ECC3C6450,M00577,20260915,OT1_5,0,2,70FC22FC-0972-4261-99B3-226B15F00B33,2026-09-16 09:59:38.133,
63EF67D3-641E-4C1E-B6C2-9D8AC76C9B72,M00578,20260914,OT1_5,0,2,70FC22FC-0972-4261-99B3-226B15F00B33,2026-09-15 17:23:08.950,
4231AC36-9304-4969-A8B1-18874D70EB4A,M00578,20260915,OT1_5,0,2,70FC22FC-0972-4261-99B3-226B15F00B33,2026-09-16 10:01:50.207,
5E3DEDBE-0DA8-475C-8374-034589D80133,M00579,20260914,OT1_5,0,2,70FC22FC-0972-4261-99B3-226B15F00B33,2026-09-15 17:23:07.567,
3306DFFA-9A1C-42A2-8A8C-6613D0D8A745,M00579,20260915,OT1_5,0,2,70FC22FC-0972-4261-99B3-226B15F00B33,2026-09-16 10:01:43.010,
038C2949-D15F-4518-BC43-AA017FE655BA,S0004,20260914,OT1_5,0,2,70FC22FC-0972-4261-99B3-226B15F00B33,2026-09-15 17:21:02.290,
1ECEE35A-610A-4D2A-8B4F-CAE54740554B,S0005,20260914,OT1_5,0,2,70FC22FC-0972-4261-99B3-226B15F00B33,2026-09-15 17:20:43.587,
9A6C1CAC-D3D9-4B43-9DEC-7DD933AE8A43,S0008,20260914,OT1_5,0,2.5,70FC22FC-0972-4261-99B3-226B15F00B33,2026-09-15 17:23:58.413,
A0461094-EAEA-49EE-A1CE-542D4FB28B70,S0008,20260915,OT1_5,0,2,70FC22FC-0972-4261-99B3-226B15F00B33,2026-09-16 10:02:22.153,
A13CB1E1-952E-43E5-A8F5-7EA91EC551F1,S0010,20260914,OT1_5,0,2,70FC22FC-0972-4261-99B3-226B15F00B33,2026-09-15 17:23:58.617,
3D1450E6-B945-4B3B-BF40-68BB31D9512C,S0016,20260914,OT1_5,0,3,70FC22FC-0972-4261-99B3-226B15F00B33,2026-09-15 17:20:39.637,
D3E203E9-4FBB-4D69-9DF7-B799644361F6,S0016,20260915,OT1_5,0,1,70FC22FC-0972-4261-99B3-226B15F00B33,2026-09-16 09:59:28.290,
707AD7B2-B56E-48AC-B1FD-02F9D2C722A8,S0019,20260914,OT1_5,0,2,70FC22FC-0972-4261-99B3-226B15F00B33,2026-09-15 17:20:49.133,
A09FE8F4-68DB-4B44-B2ED-D4A966370BED,S0020,20260914,OT1_5,0,2,70FC22FC-0972-4261-99B3-226B15F00B33,2026-09-15 17:20:40.133,
4E43DEBE-31EA-4293-A403-F21994F3ADF4,S0023,20260914,OT1_5,0,3,70FC22FC-0972-4261-99B3-226B15F00B33,2026-09-15 17:20:39.590,
7278DA7B-52A3-441F-9E46-FD0F7F50DD36,S0024,20260914,OT1_5,0,2,70FC22FC-0972-4261-99B3-226B15F00B33,2026-09-15 17:20:41.280,
011718E3-0AD9-494C-8BDC-B2B28335FFB2,S0031,20260914,OT1_5,0,2,70FC22FC-0972-4261-99B3-226B15F00B33,2026-09-15 17:20:43.797,
7093D569-8AFF-4686-ACD1-720258FFB9F0,S0032,20260914,OT1_5,0,2,70FC22FC-0972-4261-99B3-226B15F00B33,2026-09-15 17:20:42.067,
ED807A68-8F21-47D7-9CA8-6924A57C8132,S0037,20260914,OT1_5,0,2,70FC22FC-0972-4261-99B3-226B15F00B33,2026-09-15 17:21:00.820,
D1AFFD47-A54E-42CC-AEA7-7D62E75B7CEA,S0040,20260914,OT1_5,0,2,70FC22FC-0972-4261-99B3-226B15F00B33,2026-09-15 17:20:45.367,
677B4BE6-A3A0-47C9-8767-A4C6DCFD11B9,S0044,20260914,OT1_5,0,2,70FC22FC-0972-4261-99B3-226B15F00B33,2026-09-15 17:20:42.203,
D9CAAD21-E116-4A68-866F-D6411F409154,S0045,20260914,OT1_5,0,2,70FC22FC-0972-4261-99B3-226B15F00B33,2026-09-15 17:20:50.617,
79D75558-927E-4EB2-94DC-5DE0EA7BD131,S0061,20260914,OT1_5,0,2,70FC22FC-0972-4261-99B3-226B15F00B33,2026-09-15 17:20:44.490,
AC7B1350-6F87-4946-BCFD-634A308FFD97,S0063,20260914,OT1_5,0,2.5,70FC22FC-0972-4261-99B3-226B15F00B33,2026-09-15 17:23:58.437,
0156BCE2-E256-4F89-87E9-11A8D706DE57,S0063,20260915,OT1_5,0,2,70FC22FC-0972-4261-99B3-226B15F00B33,2026-09-16 10:02:22.320,
3736C928-4448-4081-8A73-0060B1A401EC,S0064,20260914,OT1_5,0,2,70FC22FC-0972-4261-99B3-226B15F00B33,2026-09-15 17:20:56.680,
816E2469-C96C-41AC-88D8-47787887A6BE,S0064,20260915,OT1_5,0,2,70FC22FC-0972-4261-99B3-226B15F00B33,2026-09-16 09:59:36.970,
310136F8-379F-4BE3-94E0-3FCE1C31C065,S0066,20260914,OT1_5,0,2,70FC22FC-0972-4261-99B3-226B15F00B33,2026-09-15 17:18:07.657,
A7817D07-5AD4-4A4C-96CF-8309222DD145,S0067,20260914,OT1_5,0,2.5,70FC22FC-0972-4261-99B3-226B15F00B33,2026-09-15 17:23:58.450,
3A6C7FBE-681A-4E41-BFAD-441073855C76,S0067,20260915,OT1_5,0,2,70FC22FC-0972-4261-99B3-226B15F00B33,2026-09-16 10:02:22.330,
8F4D959D-40F0-450F-AD17-2CBC663D49C7,S0068,20260914,OT1_5,0,2,70FC22FC-0972-4261-99B3-226B15F00B33,2026-09-15 17:20:59.700,
2F26ED02-BE2E-47A8-8607-36A7B0CD0168,S0069,20260914,OT1_5,0,2,70FC22FC-0972-4261-99B3-226B15F00B33,2026-09-15 17:23:58.813,
DDDADDDA-21AC-4ACA-A265-07411896BB3F,S0071,20260914,OT1_5,0,2,70FC22FC-0972-4261-99B3-226B15F00B33,2026-09-15 17:23:58.710,
F1E1C51C-3CA6-4C49-9FE0-017D686648EE,S0071,20260915,OT1_5,0,2,70FC22FC-0972-4261-99B3-226B15F00B33,2026-09-16 10:02:22.477,
E4F10514-023A-4397-9E09-F7D9851E0220,S0072,20260914,OT1_5,0,2,70FC22FC-0972-4261-99B3-226B15F00B33,2026-09-15 17:23:58.983,
E35413D3-B9DC-45ED-8FB4-9CB272D8E69F,S0072,20260915,OT1_5,0,2,70FC22FC-0972-4261-99B3-226B15F00B33,2026-09-16 10:02:22.460,
112FE24C-0DC1-4C62-9532-6F98399A803B,S0075,20260914,OT1_5,0,2.5,70FC22FC-0972-4261-99B3-226B15F00B33,2026-09-15 17:23:58.467,
87348422-18DB-4CD6-8453-5B8A71195BA3,S0075,20260915,OT1_5,0,2,70FC22FC-0972-4261-99B3-226B15F00B33,2026-09-16 10:02:22.223,
A5586144-CF68-40B2-8D24-77A51A863060,S0076,20260914,OT1_5,0,2.5,70FC22FC-0972-4261-99B3-226B15F00B33,2026-09-15 17:23:58.427,
344AAEC3-29C7-485A-9C66-91E0850145C8,S0076,20260915,OT1_5,0,2,70FC22FC-0972-4261-99B3-226B15F00B33,2026-09-16 10:02:22.213,
9F6A77E4-6C90-474B-8414-D951B30ED102,S0078,20260914,OT1_5,0,2.5,70FC22FC-0972-4261-99B3-226B15F00B33,2026-09-15 17:23:58.393,
9459267B-A4EE-44FA-B017-D839E09BABD6,S0078,20260915,OT1_5,0,2,70FC22FC-0972-4261-99B3-226B15F00B33,2026-09-16 10:02:22.397,
9897BCA4-8153-413B-B5E0-DEDBAA8879B3,S0080,20260914,OT1_5,0,2,70FC22FC-0972-4261-99B3-226B15F00B33,2026-09-15 17:23:58.940,
15F6679C-8803-4DA0-B021-09A7D30828B9,S0080,20260915,OT1_5,0,2,70FC22FC-0972-4261-99B3-226B15F00B33,2026-09-16 10:02:22.450,
747EBF18-1E5B-44F4-AE8A-CCD09C578191,S0081,20260914,OT1_5,0,2,70FC22FC-0972-4261-99B3-226B15F00B33,2026-09-15 17:23:58.910,
91D672DF-AF92-49E8-B2B7-089BE165EFE0,S0081,20260915,OT1_5,0,2,70FC22FC-0972-4261-99B3-226B15F00B33,2026-09-16 10:02:22.433,
539A5713-C212-4002-96D5-02340FA99925,S0082,20260914,OT1_5,0,2,70FC22FC-0972-4261-99B3-226B15F00B33,2026-09-15 17:23:58.973,
6B77E915-A30C-4372-BBA4-2DF1EDAA0B8A,S0082,20260915,OT1_5,0,2,70FC22FC-0972-4261-99B3-226B15F00B33,2026-09-16 10:02:22.443,
E030C41D-CD82-4DF4-8BC3-A9EAA9370ABE,S0083,20260914,OT1_5,0,2.5,70FC22FC-0972-4261-99B3-226B15F00B33,2026-09-15 17:23:58.403,
82BBADF6-13BE-4F72-A04D-B7CC589E377E,S0083,20260915,OT1_5,0,2,70FC22FC-0972-4261-99B3-226B15F00B33,2026-09-16 10:02:22.383,
B32557F0-3FCF-4556-B754-03AEFE74E506,S0084,20260914,OT1_5,0,2,70FC22FC-0972-4261-99B3-226B15F00B33,2026-09-15 17:23:58.897,
A7614D57-1A3A-4348-88F2-7FD5FD34260D,S0084,20260915,OT1_5,0,2,70FC22FC-0972-4261-99B3-226B15F00B33,2026-09-16 10:02:22.427,
7DD665C0-7967-45F9-86B3-A87AF778E151,S0086,20260914,OT1_5,0,1.5,70FC22FC-0972-4261-99B3-226B15F00B33,2026-09-15 17:23:00.910,
33CDC292-9F11-416F-B6E2-E8F936E63F80,S0087,20260914,OT1_5,0,2,70FC22FC-0972-4261-99B3-226B15F00B33,2026-09-15 17:23:58.920,
7C20E607-4104-45A2-8500-A8D2AB26D50C,S0094,20260914,OT1_5,0,2,70FC22FC-0972-4261-99B3-226B15F00B33,2026-09-15 17:23:14.970,
971A7308-03DD-45BD-A129-8388C4034ABE,S0095,20260914,OT1_5,0,2,70FC22FC-0972-4261-99B3-226B15F00B33,2026-09-15 17:23:14.980,
8636E8D6-85EF-43EB-917C-034E3A95B21F,S0125,20260914,OT1_5,0,2,70FC22FC-0972-4261-99B3-226B15F00B33,2026-09-15 17:20:41.733,
611CD777-317A-42F0-9C33-F3F8121EC66A,S0125,20260915,OT1_5,0,2,70FC22FC-0972-4261-99B3-226B15F00B33,2026-09-16 09:59:29.403,
6F648B2A-A324-415D-8FFD-C2BA3F18D9D4,S0127,20260914,OT1_5,0,2,70FC22FC-0972-4261-99B3-226B15F00B33,2026-09-15 17:23:58.863,
7E94D83A-79C6-4636-A306-1FE6EC686E57,S0127,20260915,OT1_5,0,2,70FC22FC-0972-4261-99B3-226B15F00B33,2026-09-16 10:02:22.417,
7D7C960C-0319-4B5E-ADAA-66FB03A330BC,S0128,20260914,OT1_5,0,2,70FC22FC-0972-4261-99B3-226B15F00B33,2026-09-15 17:20:50.647,
E92AD242-C7EB-415C-9E4D-140A76BE4415,S0134,20260914,OT1_5,0,2,70FC22FC-0972-4261-99B3-226B15F00B33,2026-09-15 17:20:48.723,
51F06889-92B8-4EFB-943B-E40E08B4F3F7,S0143,20260914,OT1_5,0,2,70FC22FC-0972-4261-99B3-226B15F00B33,2026-09-15 17:20:58.027,
5FDB2AAF-2E4E-44E3-9242-E5A8AF7977F0,S0146,20260914,OT1_5,0,2,70FC22FC-0972-4261-99B3-226B15F00B33,2026-09-15 17:20:48.710,
FEB63FBB-C59D-4DC8-B7BA-0EC7075D1353,S0148,20260914,OT1_5,0,2,70FC22FC-0972-4261-99B3-226B15F00B33,2026-09-15 17:20:50.127,
4B3AF395-FB5D-4670-BA19-9E1F307D1069,S0149,20260914,OT1_5,0,2,70FC22FC-0972-4261-99B3-226B15F00B33,2026-09-15 17:20:50.680,
835EE083-E3A8-4638-8EBB-737976F52424,S0155,20260914,OT1_5,0,2,70FC22FC-0972-4261-99B3-226B15F00B33,2026-09-15 17:23:58.500,
923F3672-30EB-4868-8FA6-7AC074EED342,S0155,20260915,OT1_5,0,2,70FC22FC-0972-4261-99B3-226B15F00B33,2026-09-16 10:02:22.077,
298129D1-DE29-47E0-A374-79A99806B825,S0157,20260914,OT1_5,0,2,70FC22FC-0972-4261-99B3-226B15F00B33,2026-09-15 17:20:58.117,
4C2BEAD0-8C9B-4754-8740-89DB97ED6373,S0162,20260914,OT1_5,0,2,70FC22FC-0972-4261-99B3-226B15F00B33,2026-09-15 17:20:50.700,
0D4FC53A-7FD6-4DC1-9411-997E91475411,S0163,20260914,OT1_5,0,2,70FC22FC-0972-4261-99B3-226B15F00B33,2026-09-15 17:20:58.193,
70509AE5-46DC-46F0-A1A5-ED4349607466,S0164,20260914,OT1_5,0,2,70FC22FC-0972-4261-99B3-226B15F00B33,2026-09-15 17:20:48.660,
DD5164A5-ECF8-492E-AB09-BE628A333A2E,S0165,20260914,OT1_5,0,2,70FC22FC-0972-4261-99B3-226B15F00B33,2026-09-15 17:20:50.747,
B57F2959-97F5-4DDD-9459-F75C82762A92,S0167,20260914,OT1_5,0,2,70FC22FC-0972-4261-99B3-226B15F00B33,2026-09-15 17:20:49.163,
6BD9F56F-47D9-451E-94A0-345A9DEC64F4,S0172,20260914,OT1_5,0,2,70FC22FC-0972-4261-99B3-226B15F00B33,2026-09-15 17:20:45.233,
FCC5FEED-39D9-4A95-B1A0-92199131FEA7,S0174,20260914,OT1_5,0,2,70FC22FC-0972-4261-99B3-226B15F00B33,2026-09-15 17:18:04.457,
D7C5B368-C170-481F-ABB2-40C6ABEC3378,S0183,20260914,OT1_5,0,3,70FC22FC-0972-4261-99B3-226B15F00B33,2026-09-15 17:23:18.943,
E489EC60-AE2C-4BC6-9FC5-4615F4D56448,S0185,20260914,OT1_5,0,2,70FC22FC-0972-4261-99B3-226B15F00B33,2026-09-15 17:23:58.767,
7F0D25DF-4894-416C-AC45-893CE08508CE,S0185,20260915,OT1_5,0,2,70FC22FC-0972-4261-99B3-226B15F00B33,2026-09-16 10:02:22.253,
4E47F027-0530-4436-905A-4457A963EB9E,S0186,20260914,OT1_5,0,2,70FC22FC-0972-4261-99B3-226B15F00B33,2026-09-15 17:23:58.850,
A164C653-2821-4167-839B-892CC328C770,S0186,20260915,OT1_5,0,2,70FC22FC-0972-4261-99B3-226B15F00B33,2026-09-16 10:02:22.280,
4D50E2D0-36A2-4275-8665-F04046C4449D,S0190,20260914,OT1_5,0,2,70FC22FC-0972-4261-99B3-226B15F00B33,2026-09-15 17:23:58.757,
C124D1E1-A7A2-4ECC-A37B-368EBEA60DC8,S0190,20260915,OT1_5,0,2,70FC22FC-0972-4261-99B3-226B15F00B33,2026-09-16 10:02:22.260,
8C106258-A46A-475A-9949-EDAC240C6379,S0197,20260914,OT1_5,0,2,70FC22FC-0972-4261-99B3-226B15F00B33,2026-09-15 17:21:00.310,
1A3DCBCD-69A8-4789-AC90-6F6DEC65E1A2,S0202,20260914,OT1_5,0,2.5,70FC22FC-0972-4261-99B3-226B15F00B33,2026-09-15 17:18:07.313,
B2958FB8-6E6B-4E64-B529-7B1E6682D05E,S0203,20260914,OT1_5,0,2.5,70FC22FC-0972-4261-99B3-226B15F00B33,2026-09-15 17:18:08.510,
641E3DA9-6245-4095-8A26-755F9FC8BE35,S0216,20260914,OT1_5,0,2.5,70FC22FC-0972-4261-99B3-226B15F00B33,2026-09-15 17:18:09.200,
17637176-1121-4ED7-BF0C-C67CFE18ACEC,S0220,20260914,OT1_5,0,2.5,70FC22FC-0972-4261-99B3-226B15F00B33,2026-09-15 17:18:11.290,
47503021-8FD4-4DF7-9AFB-1B8D95B35424,S0225,20260914,OT1_5,0,3,70FC22FC-0972-4261-99B3-226B15F00B33,2026-09-15 17:20:39.703,
A89F1B5D-C5FC-4ED6-A67C-DEEDDD498BC4,S0225,20260915,OT1_5,0,3,70FC22FC-0972-4261-99B3-226B15F00B33,2026-09-16 09:59:41.007,
B0AFC724-0AB4-48B5-BB35-05A97CDE36A8,S0226,20260914,OT1_5,0,3,70FC22FC-0972-4261-99B3-226B15F00B33,2026-09-15 17:20:39.667,
172FC174-B2EC-4A58-A30F-3ACBCE122D99,S0226,20260915,OT1_5,0,1,70FC22FC-0972-4261-99B3-226B15F00B33,2026-09-16 09:59:28.263,
C9D3FDBC-CA18-45E0-8953-0AE0810A0900,S0227,20260914,OT1_5,0,3,70FC22FC-0972-4261-99B3-226B15F00B33,2026-09-15 17:20:39.600,
4DA049B9-BB24-4E93-81CA-25EEE44A028A,S0227,20260915,OT1_5,0,2,70FC22FC-0972-4261-99B3-226B15F00B33,2026-09-16 09:59:30.130,
99085D08-A20B-4238-BBCA-B854D90EE434,S0228,20260914,OT1_5,0,2,70FC22FC-0972-4261-99B3-226B15F00B33,2026-09-16 13:18:57.493,
11623AE8-F629-4611-A6C0-607BBFFCFF44,S0230,20260914,OT1_5,0,2,70FC22FC-0972-4261-99B3-226B15F00B33,2026-09-15 17:20:47.370,
B03D188A-5C81-475B-8BC5-9A3EAD76FA28,S0231,20260914,OT1_5,0,2,70FC22FC-0972-4261-99B3-226B15F00B33,2026-09-15 17:23:15.043,
32853AA9-DED9-4863-85D3-728B4E8FF99B,S0237,20260914,OT1_5,0,2,70FC22FC-0972-4261-99B3-226B15F00B33,2026-09-15 17:23:58.697,
1F0B2F5A-BD8C-4412-8FAE-910D154A9847,S0237,20260915,OT1_5,0,2,70FC22FC-0972-4261-99B3-226B15F00B33,2026-09-16 10:02:22.233,
4C37C4FA-2023-4ABC-A4DC-8CC7F4A0277D,S0238,20260914,OT1_5,0,2,70FC22FC-0972-4261-99B3-226B15F00B33,2026-09-15 17:23:58.683,
F7A979F9-42C7-4128-B8E6-46411E70AB74,S0238,20260915,OT1_5,0,2,70FC22FC-0972-4261-99B3-226B15F00B33,2026-09-16 10:02:22.243,
FC6E81BF-8C72-406E-82A7-6464FB79974E,S0240,20260914,OT1_5,0,2,70FC22FC-0972-4261-99B3-226B15F00B33,2026-09-15 17:18:08.047,
2EADCAF7-191E-4C32-9830-14D1ED7F26D0,S0241,20260914,OT1_5,0,2,70FC22FC-0972-4261-99B3-226B15F00B33,2026-09-15 17:23:58.790,
81FBBABF-8B38-46A2-81C7-88C933C9A568,S0241,20260915,OT1_5,0,2,70FC22FC-0972-4261-99B3-226B15F00B33,2026-09-16 10:02:22.407,
79A2BF85-691D-431B-9093-8B433A773202,S0242,20260914,OT1_5,0,2,70FC22FC-0972-4261-99B3-226B15F00B33,2026-09-15 17:23:58.800,
BEF031C2-292C-449B-B94B-01FE7EA9CDCC,S0245,20260915,OT1_5,0,2,70FC22FC-0972-4261-99B3-226B15F00B33,2026-09-16 10:02:54.663,
6D7558C9-108C-49B1-8339-EC4C9A3D4F72,S0250,20260914,OT1_5,0,2,70FC22FC-0972-4261-99B3-226B15F00B33,2026-09-15 17:23:58.950,
35F6A004-82D0-40C6-9456-C7D00A5D2BB3,S0250,20260915,OT1_5,0,2,70FC22FC-0972-4261-99B3-226B15F00B33,2026-09-16 10:02:22.297,
1C8ED7BD-7665-4469-A8CB-EBAD5EE1C1B8,S0251,20260914,OT1_5,0,2,70FC22FC-0972-4261-99B3-226B15F00B33,2026-09-15 17:23:58.963,
DA61FD11-827B-4DFC-B3DE-7AD93F720163,S0251,20260915,OT1_5,0,2,70FC22FC-0972-4261-99B3-226B15F00B33,2026-09-16 10:02:22.270,
B8377DA8-3134-4E76-B412-E5F4F224E6AF,S0252,20260914,OT1_5,0,2,70FC22FC-0972-4261-99B3-226B15F00B33,2026-09-15 17:20:49.213,
8292577C-6E1E-4152-9065-22D6846C1A32,S0253,20260914,OT1_5,0,2,70FC22FC-0972-4261-99B3-226B15F00B33,2026-09-15 17:20:49.273,
18F8092E-A162-4CE8-A18A-1E126527BE95,S0254,20260914,OT1_5,0,2,70FC22FC-0972-4261-99B3-226B15F00B33,2026-09-15 17:20:48.523,
96E5564B-FC5D-4A39-A522-D57A912B7B04,S0256,20260914,OT1_5,0,2,70FC22FC-0972-4261-99B3-226B15F00B33,2026-09-15 17:20:48.103,
3C61BD35-7FA9-4FCD-AAB5-C7836646DADB,S0257,20260914,OT1_5,0,2,70FC22FC-0972-4261-99B3-226B15F00B33,2026-09-15 17:23:59.047,
CA9F6711-8485-40DC-8C23-59CE61210D42,S0257,20260915,OT1_5,0,2,70FC22FC-0972-4261-99B3-226B15F00B33,2026-09-16 10:02:22.487,
5DC21BB3-CC53-4C93-9426-5DA36D758C87,S0258,20260914,OT1_5,0,2,70FC22FC-0972-4261-99B3-226B15F00B33,2026-09-15 17:23:58.827,
92271805-19B1-43A5-B810-E04F4E398C1D,S0258,20260915,OT1_5,0,2,70FC22FC-0972-4261-99B3-226B15F00B33,2026-09-16 10:02:22.340,
F840D91F-5CE4-45CF-8764-705A1FEC9AEE,S0259,20260914,OT1_5,0,2,70FC22FC-0972-4261-99B3-226B15F00B33,2026-09-15 17:23:58.780,
39471F68-6DA5-4857-BA89-B35F179BA18E,S0259,20260915,OT1_5,0,2,70FC22FC-0972-4261-99B3-226B15F00B33,2026-09-16 10:02:22.347,
B41A6B95-F0E9-4220-807D-6C940B4F0E0A,S0260,20260914,OT1_5,0,2,70FC22FC-0972-4261-99B3-226B15F00B33,2026-09-15 17:23:58.930,
4B16F22D-59A5-4709-9D83-4ADB067CC339,S0260,20260915,OT1_5,0,2,70FC22FC-0972-4261-99B3-226B15F00B33,2026-09-16 10:02:22.357,
08ACB54C-1A8A-41A5-BD2D-4FD2770D8822,S0261,20260914,OT1_5,0,2,70FC22FC-0972-4261-99B3-226B15F00B33,2026-09-15 17:23:58.723,
1428F355-463F-4AAA-9D1A-6EDDD1EF5838,S0261,20260915,OT1_5,0,2,70FC22FC-0972-4261-99B3-226B15F00B33,2026-09-16 10:02:22.470,
02FD687C-2D6A-4889-B9ED-1014041E78FF,S0262,20260914,OT1_5,0,2,70FC22FC-0972-4261-99B3-226B15F00B33,2026-09-15 17:23:14.920,
E8CADEFE-BEEE-4F50-904A-E2662EF3B233,S0263,20260914,OT1_5,0,2,70FC22FC-0972-4261-99B3-226B15F00B33,2026-09-15 17:20:49.360,
6CF66BF0-D161-4100-B0D2-4B5DE9DEC86E,S0264,20260914,OT1_5,0,2,70FC22FC-0972-4261-99B3-226B15F00B33,2026-09-15 17:20:49.373,
3D0DE0F6-F703-45C6-A910-CB19E6868EBD,S0266,20260914,OT1_5,0,2,70FC22FC-0972-4261-99B3-226B15F00B33,2026-09-15 17:20:50.977,
2E157056-F197-4328-B751-16BE35FB29C1,S0268,20260914,OT1_5,0,2,70FC22FC-0972-4261-99B3-226B15F00B33,2026-09-15 17:20:51.050,
CEC92799-FD07-4B96-8F52-6992B4399262,S0269,20260914,OT1_5,0,2.5,70FC22FC-0972-4261-99B3-226B15F00B33,2026-09-15 17:20:09.750,
9E5E5ADE-7435-4EF4-9E16-BAE75A2FB648,S0271,20260914,OT1_5,0,2,70FC22FC-0972-4261-99B3-226B15F00B33,2026-09-15 17:20:51.073,
C48DF95F-3347-4A6F-8653-2B111CA40987,S0272,20260914,OT1_5,0,2,70FC22FC-0972-4261-99B3-226B15F00B33,2026-09-15 17:23:15.053,
F84E48CD-6E02-42E2-9C94-73F4742F2C86,S0274,20260914,OT1_5,0,2,70FC22FC-0972-4261-99B3-226B15F00B33,2026-09-15 17:23:58.837,
0784DE00-BE36-4D7E-8814-EAA133A85B39,S0274,20260915,OT1_5,0,2,70FC22FC-0972-4261-99B3-226B15F00B33,2026-09-16 10:02:22.313,
474C058E-7B74-4B03-9DB2-D21DDD50EFF1,S0275,20260914,OT1_5,0,2,70FC22FC-0972-4261-99B3-226B15F00B33,2026-09-15 17:23:58.877,
4CE814E0-7BAE-4A7F-AAA6-97670F3A02A6,S0275,20260915,OT1_5,0,2,70FC22FC-0972-4261-99B3-226B15F00B33,2026-09-16 10:02:22.367,
E48B93E1-7729-4CFB-905D-477D3B3C8677,S0276,20260914,OT1_5,0,2,70FC22FC-0972-4261-99B3-226B15F00B33,2026-09-15 17:23:58.627,
2FEFE624-CF20-466F-A035-41A0C751DE1B,S0277,20260914,OT1_5,0,2,70FC22FC-0972-4261-99B3-226B15F00B33,2026-09-15 17:23:16.423,
86F9A12C-D5B3-4612-B2D8-E734E7E3F58F,S0278,20260914,OT1_5,0,2,70FC22FC-0972-4261-99B3-226B15F00B33,2026-09-15 17:23:14.797,
D5BC6C02-00EF-454E-A007-9D20EA11F8A1,S0278,20260915,OT1_5,0,2,70FC22FC-0972-4261-99B3-226B15F00B33,2026-09-16 10:01:54.617,
476707A6-B6B6-45F1-88F0-89E68D2A9992,T00264,20260914,OT1_5,0,1,70FC22FC-0972-4261-99B3-226B15F00B33,2026-09-15 17:23:00.843,
2CF0FA82-1921-45EC-A58D-3F12899D9B2B,T00265,20260914,OT1_5,0,1,70FC22FC-0972-4261-99B3-226B15F00B33,2026-09-15 17:23:00.870,
5F898C59-A950-43BE-AAF1-4ACA3CDF4FB5,T00266,20260914,OT1_5,0,1,70FC22FC-0972-4261-99B3-226B15F00B33,2026-09-15 17:23:00.857,
079202CE-B63A-4782-8A9B-2D3D5EB72425,W0004,20260914,OT1_5,0,2,70FC22FC-0972-4261-99B3-226B15F00B33,2026-09-15 17:23:10.237,
3017873F-F0A3-43E2-B55A-6E6A2AAC611E,W0004,20260915,OT1_5,0,2,70FC22FC-0972-4261-99B3-226B15F00B33,2026-09-16 10:01:56.550,
2EAFC660-7047-4F4A-BA6E-06C784A723A3,W0006,20260914,OT1_5,0,2,70FC22FC-0972-4261-99B3-226B15F00B33,2026-09-15 17:20:41.587,
3576AC54-DDCF-42E0-B5B0-EA937C8CAF5F,W0063,20260915,OT1_5,0,2,70FC22FC-0972-4261-99B3-226B15F00B33,2026-09-16 09:56:54.323,
9359EB82-D134-4E40-90D0-B4F1D79583E0,W0122,20260914,OT1_5,0,2,70FC22FC-0972-4261-99B3-226B15F00B33,2026-09-15 17:23:15.997,
1F4D69FE-78B5-4F7D-8C42-4189064926BF,W0122,20260915,OT1_5,0,2,70FC22FC-0972-4261-99B3-226B15F00B33,2026-09-16 10:01:55.563,
2F432D49-87FE-478A-9626-6EDB080E5E94,W0137,20260914,OT1_5,0,2,70FC22FC-0972-4261-99B3-226B15F00B33,2026-09-15 17:18:03.103,
6CE5E28D-CD41-44EC-BB22-743EDA5CCBBD,W0137,20260915,OT1_5,0,2,70FC22FC-0972-4261-99B3-226B15F00B33,2026-09-16 09:56:54.590,
19331F03-8D3D-4453-9166-77C6010911FE,W0156,20260914,OT1_5,0,2,70FC22FC-0972-4261-99B3-226B15F00B33,2026-09-15 17:20:55.487,
A71D90F6-C770-4879-862D-008AF0D4DEE7,W0156,20260915,OT1_5,0,2,70FC22FC-0972-4261-99B3-226B15F00B33,2026-09-16 09:59:39.353,
05BC3CC7-957A-42B3-90A1-402E5C0CFA14,W0213,20260914,OT1_5,0,2,70FC22FC-0972-4261-99B3-226B15F00B33,2026-09-15 17:18:12.797,
6E3CDD12-9CD5-4E51-BE10-D82669BB552A,W0213,20260915,OT1_5,0,2,70FC22FC-0972-4261-99B3-226B15F00B33,2026-09-16 09:56:58.783,
3A447124-5643-4E79-BAC6-C3FA0642D789,W0291,20260914,OT1_5,0,2,70FC22FC-0972-4261-99B3-226B15F00B33,2026-09-15 17:23:15.933,
A36D6356-A034-4374-B9A3-CCA8A88F6079,W0291,20260915,OT1_5,0,2,70FC22FC-0972-4261-99B3-226B15F00B33,2026-09-16 10:01:54.303,
F0152504-A496-4CFA-A5CF-DEF30EFF447A,W0632,20260914,OT1_5,0,2,70FC22FC-0972-4261-99B3-226B15F00B33,2026-09-15 17:18:09.130,
09B54300-2056-490A-A807-FD7539925852,W0632,20260915,OT1_5,0,1,70FC22FC-0972-4261-99B3-226B15F00B33,2026-09-16 09:56:52.473,
8572876D-CA9C-4A2D-BAB9-A94D6CFED7AA,W1104,20260914,OT1_5,0,2,70FC22FC-0972-4261-99B3-226B15F00B33,2026-09-15 17:20:59.530,
97AEC848-094E-4215-B788-E8B066DB2402,W1104,20260915,OT1_5,0,2,70FC22FC-0972-4261-99B3-226B15F00B33,2026-09-16 09:59:34.570,
20E310E1-4136-4614-8396-A2B8BA42E562,W1231,20260914,OT1_5,0,2,70FC22FC-0972-4261-99B3-226B15F00B33,2026-09-15 17:23:09.773,
29B6BA7F-F54E-4D7B-8C24-414F7E8721A9,W1231,20260915,OT1_5,0,2,70FC22FC-0972-4261-99B3-226B15F00B33,2026-09-16 10:01:52.847,
AD8FE71C-84E0-4A34-8F2A-60DBB89E97C0,W1267,20260914,OT1_5,0,2,70FC22FC-0972-4261-99B3-226B15F00B33,2026-09-15 17:20:46.347,
3A911C95-7688-4410-AD40-45F49350E636,W1267,20260915,OT1_5,0,2,70FC22FC-0972-4261-99B3-226B15F00B33,2026-09-16 09:59:32.523,
ED671560-A644-4F48-960E-C0F8EC77374B,W1543,20260914,OT1_5,0,2,70FC22FC-0972-4261-99B3-226B15F00B33,2026-09-15 17:18:09.160,
9DB0D15D-47EE-4A90-9D10-67471DEF9C39,W1646,20260914,OT1_5,0,2,70FC22FC-0972-4261-99B3-226B15F00B33,2026-09-15 17:20:45.637,
CA6FAA70-2264-48C3-97C5-41076751B478,W1646,20260915,OT1_5,0,2,70FC22FC-0972-4261-99B3-226B15F00B33,2026-09-16 09:59:30.910,
FB68778B-B890-42A2-8C59-3B4F7EB1673F,W1651,20260914,OT1_5,0,2,70FC22FC-0972-4261-99B3-226B15F00B33,2026-09-15 17:16:59.007,
0CE67363-2606-481B-B5DC-B6129C27B0D8,W1651,20260915,OT1_5,0,2,70FC22FC-0972-4261-99B3-226B15F00B33,2026-09-16 09:56:11.813,
BD2AD1A2-627A-4164-B4DC-A5AF7AE45A5A,W1753,20260914,OT1_5,0,2,70FC22FC-0972-4261-99B3-226B15F00B33,2026-09-15 17:18:05.040,
B8B8AAA5-E8D2-44E9-A5F3-83D88FAE7B57,W1753,20260915,OT1_5,0,2,70FC22FC-0972-4261-99B3-226B15F00B33,2026-09-16 09:56:57.057,
78EFA19B-2869-46BF-AF04-EA7587A9819C,W1835,20260914,OT1_5,0,2,70FC22FC-0972-4261-99B3-226B15F00B33,2026-09-15 17:23:17.937,
8AAA1A15-7317-4616-B999-97D03A533A20,W1835,20260915,OT1_5,0,2,70FC22FC-0972-4261-99B3-226B15F00B33,2026-09-16 10:01:56.470,
5FCEFCC9-CD8C-4EB7-B7F2-35311F67523F,W1965,20260914,OT1_5,0,2,70FC22FC-0972-4261-99B3-226B15F00B33,2026-09-15 17:20:50.890,
5E0FFD57-9E1B-48B1-963F-2AF5729F5784,W1965,20260915,OT1_5,0,2,70FC22FC-0972-4261-99B3-226B15F00B33,2026-09-16 09:59:30.610,
21A52FEF-78C7-4838-8C85-7DD3D9A44FCC,W1988,20260914,OT1_5,0,2,70FC22FC-0972-4261-99B3-226B15F00B33,2026-09-15 17:23:06.910,
972081B8-63C9-4354-A14B-A6F4690C252C,W1988,20260915,OT1_5,0,2,70FC22FC-0972-4261-99B3-226B15F00B33,2026-09-16 10:01:44.237,
D2F7565C-B12B-47B2-9147-3E0244F85F7B,W2161,20260914,OT1_5,0,2,70FC22FC-0972-4261-99B3-226B15F00B33,2026-09-15 17:18:07.403,
D3C4F730-0AF6-4D9F-8DAC-6B74AEFB2516,W2205,20260914,OT1_5,0,2,70FC22FC-0972-4261-99B3-226B15F00B33,2026-09-15 17:21:35.473,
33CCCFBA-14C1-454F-B710-0125ABB8E3F1,W2205,20260915,OT1_5,0,2,70FC22FC-0972-4261-99B3-226B15F00B33,2026-09-16 10:00:13.480,
33695416-81C3-4D95-B8F5-580189185AA7,W2237,20260914,OT1_5,0,2,70FC22FC-0972-4261-99B3-226B15F00B33,2026-09-15 17:20:58.383,
DA0C6911-FC7F-40C0-8423-09B202129CEE,W2237,20260915,OT1_5,0,2,70FC22FC-0972-4261-99B3-226B15F00B33,2026-09-16 09:59:36.870,
710F9F10-6CE4-4A69-B475-637785ABED95,W2240,20260914,OT1_5,0,2,70FC22FC-0972-4261-99B3-226B15F00B33,2026-09-15 17:20:42.490,
017D6FF5-AA0E-40B9-A9A5-41E638638F57,W2240,20260915,OT1_5,0,2,70FC22FC-0972-4261-99B3-226B15F00B33,2026-09-16 09:59:29.713,
D71431AE-496A-42F3-B1D4-ABAC2D2FD321,W2300,20260914,OT1_5,0,2,70FC22FC-0972-4261-99B3-226B15F00B33,2026-09-15 17:23:05.383,
61C3F7C0-6B19-4EE7-A864-CA4BBE7A1C66,W2300,20260915,OT1_5,0,2,70FC22FC-0972-4261-99B3-226B15F00B33,2026-09-16 10:01:43.117,
D2B54918-DCC7-4B6F-B630-820EA6ADD5B0,W2379,20260914,OT1_5,0,2,70FC22FC-0972-4261-99B3-226B15F00B33,2026-09-15 17:20:40.767,
336265F3-68E6-43AC-B0AE-121118FD7CC5,W2379,20260915,OT1_5,0,2,70FC22FC-0972-4261-99B3-226B15F00B33,2026-09-16 09:59:29.057,
D726BD09-92F7-42E9-9818-15C26A2E047A,W2454,20260914,OT1_5,0,2,70FC22FC-0972-4261-99B3-226B15F00B33,2026-09-15 17:20:55.680,
0B8D2787-6C22-4583-827B-06267BBBDB80,W2454,20260915,OT1_5,0,2,70FC22FC-0972-4261-99B3-226B15F00B33,2026-09-16 09:59:35.143,
B2322D06-5AD9-438C-9ED0-A18AA78AAF28,W2504,20260914,OT1_5,0,2,70FC22FC-0972-4261-99B3-226B15F00B33,2026-09-15 17:18:08.727,
E4973450-EEF2-4A25-94BC-B852059D047E,W2770,20260914,OT1_5,0,2,70FC22FC-0972-4261-99B3-226B15F00B33,2026-09-15 17:20:58.397,
41CE8996-4C41-4550-AE64-1B5A9AFEA8DF,W2770,20260915,OT1_5,0,2,70FC22FC-0972-4261-99B3-226B15F00B33,2026-09-16 09:59:37.557,
2BF4DC63-7C38-4583-A80D-D8472816297E,W2901,20260914,OT1_5,0,2,70FC22FC-0972-4261-99B3-226B15F00B33,2026-09-15 17:20:50.410,
A00E5DF7-49DA-4DE6-B2FD-2BAC5D879B5D,W2901,20260915,OT1_5,0,2,70FC22FC-0972-4261-99B3-226B15F00B33,2026-09-16 09:59:33.970,
92DB6F9E-851B-4694-AE77-D4795F61AD09,W2944,20260914,OT1_5,0,2,70FC22FC-0972-4261-99B3-226B15F00B33,2026-09-15 17:17:54.650,
52C42FED-A8B8-4F83-A75D-582ADB9D2A08,W2987,20260914,OT1_5,0,2,70FC22FC-0972-4261-99B3-226B15F00B33,2026-09-15 17:20:49.680,
209AC5DF-C9C8-4F43-908D-B750A4A4571B,W2987,20260915,OT1_5,0,2,70FC22FC-0972-4261-99B3-226B15F00B33,2026-09-16 09:59:34.047,
32833666-7A83-4EF4-B4F9-B2E4CE2F94C9,W3011,20260914,OT1_5,0,2,70FC22FC-0972-4261-99B3-226B15F00B33,2026-09-15 17:18:09.147,
E2E461BE-EDE4-4F9C-B84F-B556CBEE04E1,W3091,20260914,OT1_5,0,2,70FC22FC-0972-4261-99B3-226B15F00B33,2026-09-15 17:20:47.867,
17E25A89-1792-4E41-BCEB-BCEC25494283,W3091,20260915,OT1_5,0,2,70FC22FC-0972-4261-99B3-226B15F00B33,2026-09-16 09:59:34.083,
1FCD2FAE-F8F2-4B05-A6E1-8F02DC881312,W3202,20260914,OT1_5,0,2,70FC22FC-0972-4261-99B3-226B15F00B33,2026-09-15 17:20:52.633,
5DF280F1-86C5-4A7A-9535-E6D219B3F9F8,W3202,20260915,OT1_5,0,2,70FC22FC-0972-4261-99B3-226B15F00B33,2026-09-16 09:59:36.027,
04BAE7CF-FDFF-4940-AEA5-A7772B236237,W3211,20260914,OT1_5,0,2,70FC22FC-0972-4261-99B3-226B15F00B33,2026-09-15 17:20:51.147,
802A18E7-7921-44DF-B21A-A2B639B07AD3,W3211,20260915,OT1_5,0,2,70FC22FC-0972-4261-99B3-226B15F00B33,2026-09-16 09:59:34.523,
63141D65-873F-434D-8013-0E5A7E03FD89,W3265,20260914,OT1_5,0,2,70FC22FC-0972-4261-99B3-226B15F00B33,2026-09-15 17:20:47.047,
01DA1DFB-0F88-43F4-A27E-2C611C5EAF8F,W3265,20260915,OT1_5,0,2,70FC22FC-0972-4261-99B3-226B15F00B33,2026-09-16 09:59:34.197,
06B018A9-B0E1-4770-8556-66A5FC838227,W3330,20260914,OT1_5,0,2,70FC22FC-0972-4261-99B3-226B15F00B33,2026-09-15 17:20:48.507,
5B7EE95E-AFB9-4CC8-B1A6-0F1A05C5AC7F,W3330,20260915,OT1_5,0,2,70FC22FC-0972-4261-99B3-226B15F00B33,2026-09-16 09:59:30.710,
694DB731-089B-4A71-8F9B-AD5EF442CFBD,W3359,20260914,OT1_5,0,2,70FC22FC-0972-4261-99B3-226B15F00B33,2026-09-15 17:23:17.690,
8BDB1B72-7157-4FC3-8C0A-B7AF89F28357,W3359,20260915,OT1_5,0,2,70FC22FC-0972-4261-99B3-226B15F00B33,2026-09-16 10:01:56.230,
42FDD461-6ADA-4B9F-8EC0-1CAEF98529D7,W3369,20260914,OT1_5,0,2,70FC22FC-0972-4261-99B3-226B15F00B33,2026-09-15 17:20:43.300,
385F599D-79A6-4885-B931-FBD69210AFF0,W3369,20260915,OT1_5,0,2,70FC22FC-0972-4261-99B3-226B15F00B33,2026-09-16 09:59:32.853,
AF6F5E67-F979-4B90-B2D8-AF90B86E1CA7,W3502,20260914,OT1_5,0,2,70FC22FC-0972-4261-99B3-226B15F00B33,2026-09-15 17:20:43.520,
4DA5A541-5B23-4A61-BF74-23656352E2D0,W3502,20260915,OT1_5,0,2,70FC22FC-0972-4261-99B3-226B15F00B33,2026-09-16 09:59:34.983,
A53C5A0C-C192-43B2-828E-C9AA7DE5959A,W3529,20260914,OT1_5,0,2,70FC22FC-0972-4261-99B3-226B15F00B33,2026-09-15 17:17:53.927,
383A001C-55D1-4061-9887-FDD215FDD41F,W3529,20260915,OT1_5,0,2,70FC22FC-0972-4261-99B3-226B15F00B33,2026-09-16 09:56:53.290,
E5DE313B-EE7D-45D5-9B98-1F585F6A7358,W3592,20260914,OT1_5,0,2,70FC22FC-0972-4261-99B3-226B15F00B33,2026-09-15 17:21:04.940,
E57C4AD1-D68E-4135-8638-559EEB65C5C5,W3592,20260915,OT1_5,0,2,70FC22FC-0972-4261-99B3-226B15F00B33,2026-09-16 09:59:40.580,
171CA534-F249-4FBB-9935-80F23AB555C1,W3611,20260914,OT1_5,0,2,70FC22FC-0972-4261-99B3-226B15F00B33,2026-09-15 17:17:55.057,
9760982F-92EF-41A2-9487-CCEC761449DD,W3611,20260915,OT1_5,0,2,70FC22FC-0972-4261-99B3-226B15F00B33,2026-09-16 09:56:54.210,
050AA21E-9239-4BBD-98EF-B5D3DE03F04F,W3735,20260914,OT1_5,0,2,70FC22FC-0972-4261-99B3-226B15F00B33,2026-09-15 17:20:48.673,
9ECE500E-B681-4C6B-93E1-1CD80F3BE4A8,W3735,20260915,OT1_5,0,2,70FC22FC-0972-4261-99B3-226B15F00B33,2026-09-16 09:59:35.093,
18B25717-9C76-4E80-831C-C1A64B719CF9,W3755,20260914,OT1_5,0,2,70FC22FC-0972-4261-99B3-226B15F00B33,2026-09-15 17:18:06.787,
B2C0B6D7-1642-4A0C-9F51-27D09B330482,W3859,20260914,OT1_5,0,2,70FC22FC-0972-4261-99B3-226B15F00B33,2026-09-15 17:18:09.270,
066D4986-A59D-4058-B55D-334BB5EBDF02,W3950,20260915,OT1_5,0,2,70FC22FC-0972-4261-99B3-226B15F00B33,2026-09-16 09:56:58.860,
3890EEEF-52CE-43AD-9FF2-209ECC152E6F,W3978,20260914,OT1_5,0,2,70FC22FC-0972-4261-99B3-226B15F00B33,2026-09-15 17:18:01.287,
7D6FC8AC-4E85-4625-8666-9545E72B9355,W3978,20260915,OT1_5,0,2,70FC22FC-0972-4261-99B3-226B15F00B33,2026-09-16 09:56:55.327,
E0D6FC18-2266-4D8D-8912-52FE2A736852,W4146,20260914,OT1_5,0,2,70FC22FC-0972-4261-99B3-226B15F00B33,2026-09-15 17:18:05.997,
6C51E9AC-13BC-4782-B2DC-EA262CD7B25A,W4189,20260914,OT1_5,0,2,70FC22FC-0972-4261-99B3-226B15F00B33,2026-09-15 17:23:10.563,
D584A9B6-A39D-4FE3-86A4-D232E8F2AACD,W4189,20260915,OT1_5,0,2,70FC22FC-0972-4261-99B3-226B15F00B33,2026-09-16 10:01:52.223,
1DA8C1FA-79DF-4963-9FAA-933523C24688,W4311,20260914,OT1_5,0,2,70FC22FC-0972-4261-99B3-226B15F00B33,2026-09-15 17:17:56.430,
EF2D9AA7-9BD8-49E3-B101-2034EF8273A2,W4336,20260914,OT1_5,0,2,70FC22FC-0972-4261-99B3-226B15F00B33,2026-09-15 17:20:45.570,
5A2D82FE-84F9-4DC4-911C-268AE0AE1C42,W4336,20260915,OT1_5,0,2,70FC22FC-0972-4261-99B3-226B15F00B33,2026-09-16 09:59:30.350,
4775DDDB-56C5-400F-8EFC-BAC8EB38F765,W4387,20260914,OT1_5,0,2,70FC22FC-0972-4261-99B3-226B15F00B33,2026-09-15 17:23:01.923,
DB659822-AE0E-4F41-B3A4-B29816853C90,W4397,20260914,OT1_5,0,2,70FC22FC-0972-4261-99B3-226B15F00B33,2026-09-15 17:18:11.083,
B4F9DF37-DDA1-4953-A2DF-A7D16E8642D7,W4422,20260914,OT1_5,0,2,70FC22FC-0972-4261-99B3-226B15F00B33,2026-09-15 17:18:03.553,
432CCB00-6E13-4FF6-A1F6-2BB6082639D5,W4428,20260914,OT1_5,0,2,70FC22FC-0972-4261-99B3-226B15F00B33,2026-09-15 17:23:15.750,
580D31BD-7320-476C-A0C3-A0ADDB816AE6,W4428,20260915,OT1_5,0,2,70FC22FC-0972-4261-99B3-226B15F00B33,2026-09-16 10:01:54.950,
34C8EC46-12F3-4EF0-943A-75525295F3D0,W4534,20260914,OT1_5,0,1.5,70FC22FC-0972-4261-99B3-226B15F00B33,2026-09-15 17:21:06.460,
B8BE70D4-5644-4918-8143-3967AAA17E84,W4534,20260915,OT1_5,0,1.5,70FC22FC-0972-4261-99B3-226B15F00B33,2026-09-16 09:59:28.337,
68CEEEB5-396C-44C8-94CB-838C40EA953E,W5117,20260914,OT1_5,0,2,70FC22FC-0972-4261-99B3-226B15F00B33,2026-09-15 17:17:56.330,
C4275083-64BA-4AF6-A84F-29C3EE46A175,W5132,20260914,OT1_5,0,2,70FC22FC-0972-4261-99B3-226B15F00B33,2026-09-15 17:17:54.897,
E9EDA269-048C-4E37-A76A-CA0082B37ECF,W5200,20260914,OT1_5,0,2,70FC22FC-0972-4261-99B3-226B15F00B33,2026-09-15 17:20:55.743,
7AF47C3F-7BC6-41C4-B1CA-6E6CDBA34590,W5203,20260914,OT1_5,0,2,70FC22FC-0972-4261-99B3-226B15F00B33,2026-09-15 17:20:53.893,
5D1DE5DA-7FEF-4AC7-93AC-0CDF68AF84A1,W5203,20260915,OT1_5,0,2,70FC22FC-0972-4261-99B3-226B15F00B33,2026-09-16 09:59:31.370,
7C919D68-6522-4A1D-AFAE-23A6F9B206E4,W5217,20260914,OT1_5,0,2,70FC22FC-0972-4261-99B3-226B15F00B33,2026-09-15 17:23:14.220,
FF988F1E-4A15-4104-9954-66621B162E60,W5217,20260915,OT1_5,0,2,70FC22FC-0972-4261-99B3-226B15F00B33,2026-09-16 10:01:54.247,
845C6C46-6726-45B9-8C2B-C478A0021129,W5435,20260914,OT1_5,0,2,70FC22FC-0972-4261-99B3-226B15F00B33,2026-09-15 17:17:57.087,
A7C8D2F7-4367-4871-AAB9-C45E99C9992A,W5666,20260914,OT1_5,0,2,70FC22FC-0972-4261-99B3-226B15F00B33,2026-09-15 17:21:05.663,
DA0D4F32-024E-4903-8F44-2FDBAC9FCEFF,W5666,20260915,OT1_5,0,2,70FC22FC-0972-4261-99B3-226B15F00B33,2026-09-16 09:59:39.640,
F802F042-3F39-4E36-ABBC-EB4663C3BF7A,W5818,20260914,OT1_5,0,2,70FC22FC-0972-4261-99B3-226B15F00B33,2026-09-15 17:16:59.020,
CB7B2D0B-85F7-4623-AC9A-7C59E4092FDB,W5834,20260914,OT1_5,0,2,70FC22FC-0972-4261-99B3-226B15F00B33,2026-09-15 17:20:55.907,
AFD3FB84-E0E0-4E91-941B-5D9DC267C40F,W5839,20260914,OT1_5,0,2,70FC22FC-0972-4261-99B3-226B15F00B33,2026-09-15 17:20:57.303,
44CD6F29-E9FB-4B84-80DF-DD76F616B67E,W5839,20260915,OT1_5,0,2,70FC22FC-0972-4261-99B3-226B15F00B33,2026-09-16 09:59:36.830,
3DB3304A-D567-406F-BC0B-46007A5FFF74,W5846,20260914,OT1_5,0,2,70FC22FC-0972-4261-99B3-226B15F00B33,2026-09-15 17:23:01.903,
829D522B-56F8-4012-925E-24E800251DFF,W5846,20260915,OT1_5,0,2,70FC22FC-0972-4261-99B3-226B15F00B33,2026-09-16 10:01:43.420,
13CEE072-B8E1-4FFF-8ADC-7C15CD0B08C2,W5850,20260914,OT1_5,0,2,70FC22FC-0972-4261-99B3-226B15F00B33,2026-09-15 17:20:47.103,
93070AE2-717F-4737-8AF6-B3B872B5726A,W5876,20260914,OT1_5,0,2,70FC22FC-0972-4261-99B3-226B15F00B33,2026-09-15 17:20:48.153,
784CFB4E-7B54-4802-908B-9880A5EFA66A,W5876,20260915,OT1_5,0,2,70FC22FC-0972-4261-99B3-226B15F00B33,2026-09-16 09:59:33.807,
5045146E-2983-4322-B4F8-ADFD8B2252C9,W5903,20260914,OT1_5,0,2,70FC22FC-0972-4261-99B3-226B15F00B33,2026-09-15 17:20:42.123,
BD83F0BB-C83F-43C8-9D9B-58A5AEA53A51,W5903,20260915,OT1_5,0,2,70FC22FC-0972-4261-99B3-226B15F00B33,2026-09-16 09:59:29.780,
C6A6DA3B-EBBA-4212-BA79-C6C77F4387BF,W5942,20260914,OT1_5,0,2,70FC22FC-0972-4261-99B3-226B15F00B33,2026-09-15 17:20:45.040,
729D6E6C-A9DA-49EE-A8E5-C171FF4986AF,W5942,20260915,OT1_5,0,2,70FC22FC-0972-4261-99B3-226B15F00B33,2026-09-16 09:59:30.330,
D091F0A6-982A-4879-87F7-42292262ADCE,W5949,20260914,OT1_5,0,2,70FC22FC-0972-4261-99B3-226B15F00B33,2026-09-15 17:20:51.927,
E7E702F0-0387-40C9-AC76-5985719D40DA,W5949,20260915,OT1_5,0,2,70FC22FC-0972-4261-99B3-226B15F00B33,2026-09-16 09:59:34.190,
ECE2B150-2F0A-47CC-A607-E28F1D83B663,w5958,20260914,OT1_5,0,2,70FC22FC-0972-4261-99B3-226B15F00B33,2026-09-15 17:20:41.023,
A1FAC5C5-0898-4A4B-9FC5-B9786D06C0BE,w5958,20260915,OT1_5,0,2,70FC22FC-0972-4261-99B3-226B15F00B33,2026-09-16 09:59:29.120,
ADF9916B-48FD-4B85-917C-0EF085DA7F63,W5990,20260914,OT1_5,0,2,70FC22FC-0972-4261-99B3-226B15F00B33,2026-09-15 17:21:00.590,
A152ABE1-CC8B-4FAC-922F-EA8CB7BBA6D3,W5990,20260915,OT1_5,0,2,70FC22FC-0972-4261-99B3-226B15F00B33,2026-09-16 09:59:39.260,
044BCCC8-08DC-41CB-B0E9-85BFCA314B05,W6029,20260915,OT1_5,0,2,70FC22FC-0972-4261-99B3-226B15F00B33,2026-09-16 09:59:39.720,
47084442-AEF5-49B2-B4F3-18370CD997FD,W6030,20260914,OT1_5,0,2,70FC22FC-0972-4261-99B3-226B15F00B33,2026-09-15 17:20:48.163,
4DC83EEE-7818-4BE9-BE63-79EF53AF37EB,W6030,20260915,OT1_5,0,2,70FC22FC-0972-4261-99B3-226B15F00B33,2026-09-16 09:59:32.913,
A9ED9A9E-37D9-434D-B5AB-48F2232B0748,W6031,20260914,OT1_5,0,2,70FC22FC-0972-4261-99B3-226B15F00B33,2026-09-15 17:23:02.877,
4503CDB2-AA94-4EEE-AAF6-87715251E79B,W6031,20260915,OT1_5,0,2,70FC22FC-0972-4261-99B3-226B15F00B33,2026-09-16 10:01:42.840,
25303F7E-8020-443C-94C6-FF9C33F1C551,W6032,20260914,OT1_5,0,2,70FC22FC-0972-4261-99B3-226B15F00B33,2026-09-15 17:21:04.627,
0A35D4BC-F8E1-4A1D-B949-913697ABD7CB,W6032,20260915,OT1_5,0,2,70FC22FC-0972-4261-99B3-226B15F00B33,2026-09-16 09:59:38.063,
A3D11CD8-5252-4A55-9050-F4DC400417E4,W6033,20260914,OT1_5,0,2,70FC22FC-0972-4261-99B3-226B15F00B33,2026-09-15 17:23:03.350,
B507729C-ADAE-468C-BAE6-C5BDA06ACAF5,W6033,20260915,OT1_5,0,2,70FC22FC-0972-4261-99B3-226B15F00B33,2026-09-16 10:01:42.760,
0AD569DB-8ABC-4386-A58E-9EC01EE31674,W6034,20260914,OT1_5,0,2,70FC22FC-0972-4261-99B3-226B15F00B33,2026-09-15 17:23:16.113,
36628F23-DDE2-40B9-BB61-2219796F2F09,W6034,20260915,OT1_5,0,2,70FC22FC-0972-4261-99B3-226B15F00B33,2026-09-16 10:01:55.907,
763CBF96-7002-49B4-AE4C-DDA823FC882E,W6036,20260914,OT1_5,0,2,70FC22FC-0972-4261-99B3-226B15F00B33,2026-09-15 17:23:17.160,
89B47B1C-34B3-40B5-BECE-1699592F6201,W6036,20260915,OT1_5,0,2,70FC22FC-0972-4261-99B3-226B15F00B33,2026-09-16 10:01:56.097,
8DF7A326-E59C-49E7-8583-CBBC2CA490AA,W6037,20260914,OT1_5,0,2,70FC22FC-0972-4261-99B3-226B15F00B33,2026-09-15 17:23:09.330,
73C0E0EB-2E2C-47E8-8E8D-587FAABD588E,W6037,20260915,OT1_5,0,2,70FC22FC-0972-4261-99B3-226B15F00B33,2026-09-16 10:01:50.190,
AC3EFCDA-3AF7-419C-8E26-AA30933F62AF,W6039,20260914,OT1_5,0,2,70FC22FC-0972-4261-99B3-226B15F00B33,2026-09-15 17:23:04.680,
0F1939A9-A621-408F-9BF2-498CCA41E2F6,W6039,20260915,OT1_5,0,2,70FC22FC-0972-4261-99B3-226B15F00B33,2026-09-16 10:01:50.120,
9C5C801F-5B98-485E-9582-38BD864C49A3,W6041,20260914,OT1_5,0,2,70FC22FC-0972-4261-99B3-226B15F00B33,2026-09-15 17:23:07.090,
DB668278-9D01-47EC-B60F-6265984987A0,W6041,20260915,OT1_5,0,2,70FC22FC-0972-4261-99B3-226B15F00B33,2026-09-16 10:01:47.460,
EBC9F30E-C723-4722-BA98-29EEA740B38A,W6043,20260914,OT1_5,0,2,70FC22FC-0972-4261-99B3-226B15F00B33,2026-09-15 17:20:44.740,
62295384-91D3-438A-B00F-0DAD55B2922F,W6043,20260915,OT1_5,0,2,70FC22FC-0972-4261-99B3-226B15F00B33,2026-09-16 09:59:30.267,
0DCA708F-A51A-40F4-A8A3-D5963B10B9C7,W6046,20260914,OT1_5,0,2,70FC22FC-0972-4261-99B3-226B15F00B33,2026-09-15 17:23:13.847,
D9EC6C8E-98C7-49F8-B93B-F5CB3B0980DC,W6047,20260914,OT1_5,0,2,70FC22FC-0972-4261-99B3-226B15F00B33,2026-09-15 17:23:10.610,
F8AF0474-C917-4529-A4E7-90F047ACCAC1,W6047,20260915,OT1_5,0,2,70FC22FC-0972-4261-99B3-226B15F00B33,2026-09-16 10:01:51.120,
382CEC8B-E4A1-4FC5-B092-0E4180237988,W6053,20260914,OT1_5,0,2,70FC22FC-0972-4261-99B3-226B15F00B33,2026-09-15 17:20:49.887,
F50BFB30-400A-4FC6-9866-92EE9627EDF6,W6053,20260915,OT1_5,0,2,70FC22FC-0972-4261-99B3-226B15F00B33,2026-09-16 09:59:31.670,
B5C20670-0165-40A4-B4CA-C7E360911412,W6054,20260914,OT1_5,0,2,70FC22FC-0972-4261-99B3-226B15F00B33,2026-09-15 17:21:05.567,
A9EDBAE2-8A45-47FD-BA67-76686E2C37EC,W6054,20260915,OT1_5,0,2,70FC22FC-0972-4261-99B3-226B15F00B33,2026-09-16 09:59:40.287,
AD210FB7-A7B9-4923-B522-0E6094E5DC64,W6055,20260914,OT1_5,0,2,70FC22FC-0972-4261-99B3-226B15F00B33,2026-09-15 17:21:00.723,
0EA3EAE2-927E-4C1A-B8BB-0F12ADD7BCB8,W6055,20260915,OT1_5,0,2,70FC22FC-0972-4261-99B3-226B15F00B33,2026-09-16 09:59:37.013,
35EA7E34-4A0E-4D2B-B0E8-D068500EA47C,W6058,20260914,OT1_5,0,2,70FC22FC-0972-4261-99B3-226B15F00B33,2026-09-15 17:23:15.300,
AEF30427-53F9-4702-8BC0-A4BF228EA725,W6061,20260914,OT1_5,0,2,70FC22FC-0972-4261-99B3-226B15F00B33,2026-09-15 17:23:09.913,
87037E15-57E3-47C4-B307-DF629D6FC1D3,W6061,20260915,OT1_5,0,2,70FC22FC-0972-4261-99B3-226B15F00B33,2026-09-16 10:01:51.220,
F3B58B47-AE9D-4A1A-9B9B-363F63348247,W6062,20260914,OT1_5,0,2,70FC22FC-0972-4261-99B3-226B15F00B33,2026-09-15 17:21:02.810,
DEDB9B98-DE8D-4913-8552-8F36826F8E8E,W6062,20260915,OT1_5,0,2,70FC22FC-0972-4261-99B3-226B15F00B33,2026-09-16 09:59:39.680,
136F5035-493B-4166-80DD-49207DC454F3,W6063,20260914,OT1_5,0,2,70FC22FC-0972-4261-99B3-226B15F00B33,2026-09-15 17:20:57.193,
E522F6F6-8FA1-4F3F-B25D-49338C98CE84,W6063,20260915,OT1_5,0,2,70FC22FC-0972-4261-99B3-226B15F00B33,2026-09-16 09:59:34.353,
12363E42-BB93-429C-8D9A-410937386695,W6067,20260914,OT1_5,0,2,70FC22FC-0972-4261-99B3-226B15F00B33,2026-09-15 17:23:17.577,
7EF56CDF-0EFD-4AF6-BB46-8B457BCE9C06,W6067,20260915,OT1_5,0,2,70FC22FC-0972-4261-99B3-226B15F00B33,2026-09-16 10:01:56.290,
2F27BCD8-510E-4939-A980-EBCCFB16F2D3,W6070,20260914,OT1_5,0,2,70FC22FC-0972-4261-99B3-226B15F00B33,2026-09-15 17:21:03.927,
0F0F9826-7086-4A36-B841-BEA433DC0682,W6073,20260914,OT1_5,0,2,70FC22FC-0972-4261-99B3-226B15F00B33,2026-09-15 17:21:02.987,
590BF055-DD9C-4292-9AFD-988715C0CD20,W6075,20260914,OT1_5,0,2,70FC22FC-0972-4261-99B3-226B15F00B33,2026-09-15 17:20:40.427,
E1228C11-A9AC-4EA7-B11F-633CE807E886,W6075,20260915,OT1_5,0,2,70FC22FC-0972-4261-99B3-226B15F00B33,2026-09-16 09:59:31.173,
CD2FE93C-2009-4879-845D-484FC7C8F380,W6077,20260914,OT1_5,0,2,70FC22FC-0972-4261-99B3-226B15F00B33,2026-09-15 17:23:10.327,
B3973634-DDE8-4D8A-8DF7-9CAC21C96B0A,W6077,20260915,OT1_5,0,2,70FC22FC-0972-4261-99B3-226B15F00B33,2026-09-16 10:01:51.517,
0109F28F-E69D-40B9-BBFA-353B2169E316,W6078,20260914,OT1_5,0,2,70FC22FC-0972-4261-99B3-226B15F00B33,2026-09-15 17:23:10.763,
644AF249-49CD-4DAE-B1BC-700EE8109768,W6078,20260915,OT1_5,0,2,70FC22FC-0972-4261-99B3-226B15F00B33,2026-09-16 10:01:50.713,
C2E791AE-FF40-4997-8BEE-07374615CD1E,W6080,20260914,OT1_5,0,2,70FC22FC-0972-4261-99B3-226B15F00B33,2026-09-15 17:20:50.597,
93199C43-2064-4DE3-9D39-82FE6A33837C,W6083,20260914,OT1_5,0,2,70FC22FC-0972-4261-99B3-226B15F00B33,2026-09-15 17:23:14.160,
C346CB43-2C61-4202-BF03-88038F89355E,W6083,20260915,OT1_5,0,2,70FC22FC-0972-4261-99B3-226B15F00B33,2026-09-16 10:01:52.123,
44EDE091-8A6A-4B4E-B179-E17A331663DF,W6086,20260914,OT1_5,0,2,70FC22FC-0972-4261-99B3-226B15F00B33,2026-09-15 17:23:01.257,
62D854C0-1915-4B27-91DC-F4B1C98301A8,W6089,20260914,OT1_5,0,2,70FC22FC-0972-4261-99B3-226B15F00B33,2026-09-15 17:21:04.373,
96ACE729-1B65-4BF9-BCFC-08CCA2DC01F4,W6090,20260915,OT1_5,0,1,70FC22FC-0972-4261-99B3-226B15F00B33,2026-09-16 09:59:27.953,
40FA4BC4-0369-455E-8554-4762EFD6A3A4,W6093,20260914,OT1_5,0,2,70FC22FC-0972-4261-99B3-226B15F00B33,2026-09-15 17:21:03.067,
F9631161-CFE6-46B0-A691-32A9FFE142A3,W6093,20260915,OT1_5,0,2,70FC22FC-0972-4261-99B3-226B15F00B33,2026-09-16 09:59:34.543,
C8A325B4-29A9-492D-AB8A-55D8313D28FB,W6094,20260914,OT1_5,0,2,70FC22FC-0972-4261-99B3-226B15F00B33,2026-09-15 17:20:44.360,
B59C2212-C155-432E-A338-CEDC0A9BD269,W6094,20260915,OT1_5,0,2,70FC22FC-0972-4261-99B3-226B15F00B33,2026-09-16 09:59:31.697,
3B46AEF1-F7A0-4259-9C57-4AEDBD4C4770,W6096,20260914,OT1_5,0,2,70FC22FC-0972-4261-99B3-226B15F00B33,2026-09-15 17:20:47.767,
91BE7E8A-AF70-4441-B09A-783A52FEE669,W6096,20260915,OT1_5,0,2,70FC22FC-0972-4261-99B3-226B15F00B33,2026-09-16 09:59:31.153,
6F2ECF49-35BD-4C8E-A11D-77FC26F6B81C,W6098,20260914,OT1_5,0,2,70FC22FC-0972-4261-99B3-226B15F00B33,2026-09-15 17:20:53.760,
0D2238C9-BAC0-4F96-AACD-1C8E94B1FED6,W6098,20260915,OT1_5,0,2,70FC22FC-0972-4261-99B3-226B15F00B33,2026-09-16 09:59:34.620,
D864F096-2037-4829-BF2D-F9CFE9A4C624,W6100,20260914,OT1_5,0,2,70FC22FC-0972-4261-99B3-226B15F00B33,2026-09-15 17:20:41.260,
8DE0FC1D-7BD0-43CC-984D-8B0ED5863DEB,W6100,20260915,OT1_5,0,2,70FC22FC-0972-4261-99B3-226B15F00B33,2026-09-16 09:59:29.593,
4299B5A2-2904-4751-962A-A59D57FB0621,W6101,20260915,OT1_5,0,2,70FC22FC-0972-4261-99B3-226B15F00B33,2026-09-16 09:59:39.437,
891E9F3B-D23D-45EA-A799-4D6FC50261E9,W6103,20260914,OT1_5,0,2,70FC22FC-0972-4261-99B3-226B15F00B33,2026-09-15 17:20:52.997,
4424F984-4179-4EFD-9D96-BFBC2AD0628F,W6103,20260915,OT1_5,0,2,70FC22FC-0972-4261-99B3-226B15F00B33,2026-09-16 09:59:33.917,
8AE03621-50BE-4C48-A6FB-C4E2664014AF,W6106,20260914,OT1_5,0,2,70FC22FC-0972-4261-99B3-226B15F00B33,2026-09-15 17:20:52.000,
428B090E-9A01-4662-A301-93BA49916294,W6106,20260915,OT1_5,0,2,70FC22FC-0972-4261-99B3-226B15F00B33,2026-09-16 09:59:34.503,
5063E819-4BC3-470D-AF38-43B3FF495C77,W6109,20260914,OT1_5,0,2,70FC22FC-0972-4261-99B3-226B15F00B33,2026-09-15 17:20:49.173,
44036711-65A0-4DB2-82F4-838F765B2F5E,W6109,20260915,OT1_5,0,2,70FC22FC-0972-4261-99B3-226B15F00B33,2026-09-16 09:59:30.920,
2EE8B894-82E5-41CF-A47C-0ADCE6F56605,W6110,20260914,OT1_5,0,2,70FC22FC-0972-4261-99B3-226B15F00B33,2026-09-15 17:20:59.860,
BC8D0472-7254-4FAA-B2A1-5BB1C68D2823,W6110,20260915,OT1_5,0,2,70FC22FC-0972-4261-99B3-226B15F00B33,2026-09-16 09:59:39.330,
2C06497B-9C29-4D43-8481-3296D2043F34,W6111,20260914,OT1_5,0,2,70FC22FC-0972-4261-99B3-226B15F00B33,2026-09-15 17:21:02.250,
B861AD9C-BF6A-43D2-BBB6-4FFACF2F3A4B,W6111,20260915,OT1_5,0,2,70FC22FC-0972-4261-99B3-226B15F00B33,2026-09-16 09:59:38.670,
8515B275-A2E3-4E96-91D4-D97E6C09A6A5,W6112,20260914,OT1_5,0,2,70FC22FC-0972-4261-99B3-226B15F00B33,2026-09-15 17:20:52.090,
B430CFA7-E84F-4F54-9426-AAD34EADC43E,W6112,20260915,OT1_5,0,2,70FC22FC-0972-4261-99B3-226B15F00B33,2026-09-16 09:59:30.947,
B5C1AE7C-7BB3-417B-968A-7AB75C9AA74A,W6114,20260914,OT1_5,0,2,70FC22FC-0972-4261-99B3-226B15F00B33,2026-09-15 17:21:01.050,
40C52C73-6244-4DD0-A4B9-00D0A7E9647A,W6115,20260914,OT1_5,0,2,70FC22FC-0972-4261-99B3-226B15F00B33,2026-09-15 17:20:53.707,
21133E82-55AC-4DFF-843E-35F3177076A9,W6115,20260915,OT1_5,0,2,70FC22FC-0972-4261-99B3-226B15F00B33,2026-09-16 09:59:32.893,
A83A7E3F-863C-44A3-9D55-0E33822BA4F0,W6116,20260914,OT1_5,0,2,70FC22FC-0972-4261-99B3-226B15F00B33,2026-09-15 17:20:40.757,
2972456A-073B-49C0-A3F8-9AC772C56722,W6116,20260915,OT1_5,0,2,70FC22FC-0972-4261-99B3-226B15F00B33,2026-09-16 09:59:29.423,
C69A39BB-1C5B-493C-92FF-9029056168E2,W6117,20260914,OT1_5,0,2,70FC22FC-0972-4261-99B3-226B15F00B33,2026-09-15 17:20:50.733,
C19ABA8B-4AF3-43ED-AB40-711C746512F7,W6117,20260915,OT1_5,0,2,70FC22FC-0972-4261-99B3-226B15F00B33,2026-09-16 09:59:35.563,
52B829C3-DACA-4506-B668-E5B1D7DECCFC,W6118,20260914,OT1_5,0,2,70FC22FC-0972-4261-99B3-226B15F00B33,2026-09-15 17:23:18.450,
0FADB3EB-20AA-4B1E-A3AB-0125C17A906A,W6118,20260915,OT1_5,0,2,70FC22FC-0972-4261-99B3-226B15F00B33,2026-09-16 10:01:56.780,
21D69767-EF1C-46D0-9CE9-0764C673A196,W6119,20260914,OT1_5,0,2,70FC22FC-0972-4261-99B3-226B15F00B33,2026-09-15 17:20:44.237,
60B07C34-66EB-485A-8513-32CF98F81B4C,W6119,20260915,OT1_5,0,2,70FC22FC-0972-4261-99B3-226B15F00B33,2026-09-16 09:59:30.370,
40243193-96FF-4230-9381-E589FD9B29E2,W6124,20260914,OT1_5,0,2,70FC22FC-0972-4261-99B3-226B15F00B33,2026-09-15 17:17:53.710,
55C975D5-B4EF-43B4-A208-2C8026391DDF,W6124,20260915,OT1_5,0,2,70FC22FC-0972-4261-99B3-226B15F00B33,2026-09-16 09:56:54.103,
035C37F0-6A46-4F3C-A0FB-E77305C795FE,W6125,20260914,OT1_5,0,2,70FC22FC-0972-4261-99B3-226B15F00B33,2026-09-15 17:18:07.477,
32346AC3-771B-4D60-B95C-707670F88678,W6125,20260915,OT1_5,0,2,70FC22FC-0972-4261-99B3-226B15F00B33,2026-09-16 09:56:56.967,
88C94902-3567-4878-9DD2-D004E26AB23E,W6127,20260914,OT1_5,0,2,70FC22FC-0972-4261-99B3-226B15F00B33,2026-09-15 17:17:58.110,
2360680A-844C-429B-82E7-8D463262FB31,W6127,20260915,OT1_5,0,2,70FC22FC-0972-4261-99B3-226B15F00B33,2026-09-16 09:56:52.940,
138DFB49-9437-4885-B51B-D7287DE7DB41,W6128,20260914,OT1_5,0,2,70FC22FC-0972-4261-99B3-226B15F00B33,2026-09-15 17:18:01.153,
23C855C2-3FF0-4AEC-8002-CDFCC7FAA470,W6129,20260914,OT1_5,0,2,70FC22FC-0972-4261-99B3-226B15F00B33,2026-09-15 17:18:03.723,
BC8BDF49-E735-453D-B000-CF80F5BC460E,W6130,20260914,OT1_5,0,2,70FC22FC-0972-4261-99B3-226B15F00B33,2026-09-15 17:17:58.147,
CE9A7605-D940-4E47-8226-5A1253996042,W6130,20260915,OT1_5,0,2,70FC22FC-0972-4261-99B3-226B15F00B33,2026-09-16 09:56:53.197,
48F78B94-508E-4D6D-9855-5D4CDD3CD3E3,W6136,20260914,OT1_5,0,2,70FC22FC-0972-4261-99B3-226B15F00B33,2026-09-15 17:20:54.647,
C8866BDA-3DA9-4512-BD5B-05D942F523C4,W6136,20260915,OT1_5,0,2,70FC22FC-0972-4261-99B3-226B15F00B33,2026-09-16 09:59:34.793,
8AA46B3E-BBF8-4AC7-9591-65299F2A9F10,W6138,20260914,OT1_5,0,2,70FC22FC-0972-4261-99B3-226B15F00B33,2026-09-15 17:20:56.563,
067F0275-B7FE-4714-AF81-AB7E92E620FE,W6138,20260915,OT1_5,0,2,70FC22FC-0972-4261-99B3-226B15F00B33,2026-09-16 09:59:37.987,
98A3FF79-390C-4A99-A438-EEE45CBC5A6D,W6140,20260914,OT1_5,0,2,70FC22FC-0972-4261-99B3-226B15F00B33,2026-09-15 17:20:49.543,
7FA955D8-0C9D-420D-9F5C-B6512C5DE432,W6141,20260914,OT1_5,0,2,70FC22FC-0972-4261-99B3-226B15F00B33,2026-09-15 17:20:42.843,
20FAD739-7639-41BB-8118-ECF11DFD4EFB,W6141,20260915,OT1_5,0,2,70FC22FC-0972-4261-99B3-226B15F00B33,2026-09-16 09:59:29.997,
07E53C05-C5EE-4E48-9387-5FDAF7F053EF,W6142,20260914,OT1_5,0,2,70FC22FC-0972-4261-99B3-226B15F00B33,2026-09-15 17:20:42.013,
CDC17A4C-F098-482C-B349-7D0F37B52183,W6142,20260915,OT1_5,0,2,70FC22FC-0972-4261-99B3-226B15F00B33,2026-09-16 09:59:29.787,
2478403E-D444-40D4-9172-60EA4A5E1186,W6143,20260914,OT1_5,0,2,70FC22FC-0972-4261-99B3-226B15F00B33,2026-09-15 17:23:10.597,
8F366727-B174-4901-9D4C-7822C8924893,W6143,20260915,OT1_5,0,2,70FC22FC-0972-4261-99B3-226B15F00B33,2026-09-16 10:01:52.137,
8E4D5915-346E-4E3C-8621-83B52DEDC337,W6144,20260914,OT1_5,0,2,70FC22FC-0972-4261-99B3-226B15F00B33,2026-09-15 17:20:48.320,
79313C2E-1DBB-40A5-AACD-86B09414B90B,W6144,20260915,OT1_5,0,2,70FC22FC-0972-4261-99B3-226B15F00B33,2026-09-16 09:59:32.270,
9B9B3BFE-6619-4D1C-97B7-231275976357,W6145,20260914,OT1_5,0,2,70FC22FC-0972-4261-99B3-226B15F00B33,2026-09-15 17:20:41.003,
A2B9B17F-290E-4781-88E0-178EA8B87397,W6145,20260915,OT1_5,0,2,70FC22FC-0972-4261-99B3-226B15F00B33,2026-09-16 09:59:29.383,
CF98D2E5-C18C-42BE-BDF5-BAE3EE3A2AD7,W6147,20260914,OT1_5,0,2,70FC22FC-0972-4261-99B3-226B15F00B33,2026-09-15 17:20:46.657,
49693E9E-6490-4227-98E8-0031240EFDA6,W6147,20260915,OT1_5,0,2,70FC22FC-0972-4261-99B3-226B15F00B33,2026-09-16 09:59:34.280,
04917FED-4D82-4E96-901B-E92C6040D917,W6148,20260914,OT1_5,0,2,70FC22FC-0972-4261-99B3-226B15F00B33,2026-09-15 17:20:56.647,
E5E91709-3D12-4103-A852-829AF1F9EBAB,W6148,20260915,OT1_5,0,2,70FC22FC-0972-4261-99B3-226B15F00B33,2026-09-16 09:59:37.143,
F9E380C8-C8C9-4F81-A8D2-A2FEFDB73115,W6149,20260914,OT1_5,0,2,70FC22FC-0972-4261-99B3-226B15F00B33,2026-09-15 17:23:03.470,
4FB8223E-7576-40D5-A5FD-B59FAB62935F,W6149,20260915,OT1_5,0,2,70FC22FC-0972-4261-99B3-226B15F00B33,2026-09-16 10:01:43.093,
0AED73B8-5310-4525-BE7E-0092C6FE09B6,W6151,20260914,OT1_5,0,2,70FC22FC-0972-4261-99B3-226B15F00B33,2026-09-15 17:21:05.463,
53500E8F-9E00-4BFF-9F57-4C6B821302FE,W6151,20260915,OT1_5,0,2,70FC22FC-0972-4261-99B3-226B15F00B33,2026-09-16 09:59:37.153,
E6A9B5DC-88F3-4AD7-8060-C3C44E713559,W6164,20260914,OT1_5,0,1,70FC22FC-0972-4261-99B3-226B15F00B33,2026-09-15 17:23:00.830,
1BBF8EDF-6D43-4C31-8A21-4C3D45E8552A,W6164,20260915,OT1_5,0,2,70FC22FC-0972-4261-99B3-226B15F00B33,2026-09-16 10:01:42.820,
EDC09599-3398-496C-A883-3E0088940DF7,W6172,20260914,OT1_5,0,2,70FC22FC-0972-4261-99B3-226B15F00B33,2026-09-15 17:20:46.647,
1F3984E8-C133-4703-83FF-1CDFD475EC5F,W6172,20260915,OT1_5,0,2,70FC22FC-0972-4261-99B3-226B15F00B33,2026-09-16 09:59:32.190,
22F61680-B8A2-4467-8B02-273B08CB5C57,W6173,20260914,OT1_5,0,2,70FC22FC-0972-4261-99B3-226B15F00B33,2026-09-15 17:20:58.840,
A3A06564-9FE6-4773-AC71-1E6ED0712E52,W6173,20260915,OT1_5,0,2,70FC22FC-0972-4261-99B3-226B15F00B33,2026-09-16 09:59:31.807,
D30F504D-6281-4E66-B4A6-28991BF56569,W6174,20260914,OT1_5,0,2,70FC22FC-0972-4261-99B3-226B15F00B33,2026-09-15 17:20:58.897,
8477EF83-00E5-4790-B5A0-23FF1D50400D,W6174,20260915,OT1_5,0,2,70FC22FC-0972-4261-99B3-226B15F00B33,2026-09-16 09:59:35.837,
8820AE37-D7E8-4233-897D-A5799A56FF19,W6175,20260914,OT1_5,0,2,70FC22FC-0972-4261-99B3-226B15F00B33,2026-09-15 17:20:58.993,
67CC9076-13B3-4782-9405-422E8E1067B0,W6175,20260915,OT1_5,0,2,70FC22FC-0972-4261-99B3-226B15F00B33,2026-09-16 09:59:38.547,
1C469785-D817-4066-B7E3-440A9584F86D,W6176,20260914,OT1_5,0,2,70FC22FC-0972-4261-99B3-226B15F00B33,2026-09-15 17:21:06.280,
8BFB0F03-C680-4FC8-8EFF-7FD48FCA5220,W6176,20260915,OT1_5,0,2,70FC22FC-0972-4261-99B3-226B15F00B33,2026-09-16 09:59:40.610,
BD3E251F-2854-4348-AED2-34C79E1B5A54,W6177,20260914,OT1_5,0,2,70FC22FC-0972-4261-99B3-226B15F00B33,2026-09-15 17:20:55.560,
CADD5761-0033-4EBD-B142-51244634B1FF,W6177,20260915,OT1_5,0,2,70FC22FC-0972-4261-99B3-226B15F00B33,2026-09-16 09:59:31.847,
FB8B7E58-A446-4AFE-A884-BADEA011FC79,W6178,20260914,OT1_5,0,2,70FC22FC-0972-4261-99B3-226B15F00B33,2026-09-15 17:23:05.547,
4CF5C216-2497-4285-93CE-6E497D594BDF,W6178,20260915,OT1_5,0,2,70FC22FC-0972-4261-99B3-226B15F00B33,2026-09-16 10:01:43.487,
E12F95EC-CD89-426F-B338-D6ABFACCCACF,W6179,20260914,OT1_5,0,2,70FC22FC-0972-4261-99B3-226B15F00B33,2026-09-15 17:23:13.247,
D5AB7DEA-D403-44A8-817F-12A0DDA1F8CB,W6179,20260915,OT1_5,0,2,70FC22FC-0972-4261-99B3-226B15F00B33,2026-09-16 10:01:53.707,
B6058335-C6CF-4C62-B0DD-E024F42A4307,W6180,20260915,OT1_5,0,2,70FC22FC-0972-4261-99B3-226B15F00B33,2026-09-16 10:01:50.143,
B96FD91C-3BF8-410D-84B0-DE0DB1EA120B,W6181,20260914,OT1_5,0,2,70FC22FC-0972-4261-99B3-226B15F00B33,2026-09-15 17:23:15.770,
FBD791D5-DBA6-472F-91E9-0159E57E670C,W6181,20260915,OT1_5,0,2,70FC22FC-0972-4261-99B3-226B15F00B33,2026-09-16 10:01:54.930,
A7EE8EC8-FD40-4835-940F-DB92BA4AF338,W6182,20260914,OT1_5,0,2,70FC22FC-0972-4261-99B3-226B15F00B33,2026-09-15 17:23:08.140,
134AC715-6DF6-43F6-B35F-0E887F29BE13,W6182,20260915,OT1_5,0,2,70FC22FC-0972-4261-99B3-226B15F00B33,2026-09-16 10:01:43.497,
AFF9ED27-69A8-4013-98ED-3B7DA425AFC7,W6183,20260914,OT1_5,0,2,70FC22FC-0972-4261-99B3-226B15F00B33,2026-09-15 17:23:11.217,
6E685F64-A48D-4104-8A2B-F478D7BE8153,W6183,20260915,OT1_5,0,2,70FC22FC-0972-4261-99B3-226B15F00B33,2026-09-16 10:01:52.150,
C9150E50-F4B2-45E1-A913-0E3F06203514,W6186,20260914,OT1_5,0,2,70FC22FC-0972-4261-99B3-226B15F00B33,2026-09-15 17:23:13.067,
82642EB7-346A-4A74-ADD9-86E062D1C42D,W6186,20260915,OT1_5,0,2,70FC22FC-0972-4261-99B3-226B15F00B33,2026-09-16 10:01:51.030,
402E661D-92D2-46A8-8A67-FFB65CCE8359,W6187,20260914,OT1_5,0,2,70FC22FC-0972-4261-99B3-226B15F00B33,2026-09-15 17:23:11.167,
133CF891-A712-41E6-8D6D-34D5B03359CE,W6187,20260915,OT1_5,0,2,70FC22FC-0972-4261-99B3-226B15F00B33,2026-09-16 10:01:50.273,
E784419F-64CB-4494-B875-92BBB6D4AE33,W6189,20260914,OT1_5,0,2,70FC22FC-0972-4261-99B3-226B15F00B33,2026-09-15 17:20:59.357,
6CBA6BD4-DDA6-461E-BD0B-C4140A3F2705,W6189,20260915,OT1_5,0,2,70FC22FC-0972-4261-99B3-226B15F00B33,2026-09-16 09:59:37.173,
9CC289DF-4ADC-4544-BC73-BAE4BF70EAD9,W6193,20260914,OT1_5,0,2,70FC22FC-0972-4261-99B3-226B15F00B33,2026-09-15 17:23:07.977,
C3956AAE-9788-4BFA-AC31-FE560FDC2FDF,W6193,20260915,OT1_5,0,2,70FC22FC-0972-4261-99B3-226B15F00B33,2026-09-16 10:01:44.033,
B154A1F3-6718-4BAA-B00E-9BB562FB3649,W6194,20260914,OT1_5,0,2,70FC22FC-0972-4261-99B3-226B15F00B33,2026-09-15 17:23:12.450,
D0198590-F5E4-482F-A775-AF17123BB978,W6194,20260915,OT1_5,0,2,70FC22FC-0972-4261-99B3-226B15F00B33,2026-09-16 10:01:53.190,
7661CEAB-DF2B-4121-A493-EF648A673B9F,W6195,20260914,OT1_5,0,2,70FC22FC-0972-4261-99B3-226B15F00B33,2026-09-15 17:23:13.533,
91F0D8FC-FA17-4306-A869-3CDA7B35DF4E,W6195,20260915,OT1_5,0,2,70FC22FC-0972-4261-99B3-226B15F00B33,2026-09-16 10:01:53.847,
B998D22B-6AB5-418C-B90B-763908F78F92,W6196,20260914,OT1_5,0,2,70FC22FC-0972-4261-99B3-226B15F00B33,2026-09-15 17:23:18.480,
FA235971-A38F-4E20-BCBF-B3B0CB52A340,W6196,20260915,OT1_5,0,2,70FC22FC-0972-4261-99B3-226B15F00B33,2026-09-16 10:01:56.810,
2B6043AE-159F-46A3-842A-2F45631CEA1F,W6197,20260914,OT1_5,0,2,70FC22FC-0972-4261-99B3-226B15F00B33,2026-09-15 17:23:13.797,
09EDC113-D840-4CF5-A426-AF9A4C217C27,W6197,20260915,OT1_5,0,2,70FC22FC-0972-4261-99B3-226B15F00B33,2026-09-16 10:01:54.403,
D12F7675-DB2D-4C63-A9B2-C4184121E7CF,W6199,20260914,OT1_5,0,2,70FC22FC-0972-4261-99B3-226B15F00B33,2026-09-15 17:21:03.627,
555CD762-4141-4E85-9AE3-A7C18BC3CCB9,W6199,20260915,OT1_5,0,2,70FC22FC-0972-4261-99B3-226B15F00B33,2026-09-16 09:59:40.903,
EF5024B8-80FE-43A2-A97D-96174864EEAE,W6202,20260915,OT1_5,0,2,70FC22FC-0972-4261-99B3-226B15F00B33,2026-09-16 09:59:35.237,
BF4A9413-D6AA-45D9-B23A-037D8109FBC2,W6203,20260914,OT1_5,0,2,70FC22FC-0972-4261-99B3-226B15F00B33,2026-09-15 17:20:43.057,
F24CD1A5-F365-4B5F-A14C-A1B784E093B4,W6203,20260915,OT1_5,0,2,70FC22FC-0972-4261-99B3-226B15F00B33,2026-09-16 09:59:32.457,
62E9E02F-5C2A-45AF-9236-A2E5BF5F7725,W6204,20260914,OT1_5,0,2,70FC22FC-0972-4261-99B3-226B15F00B33,2026-09-15 17:21:05.523,
91FE786F-609E-45CB-9C35-C0DDD88495AC,W6204,20260915,OT1_5,0,2,70FC22FC-0972-4261-99B3-226B15F00B33,2026-09-16 09:59:40.170,
5542D0DF-E158-4513-88F3-AE2327752ED6,W6205,20260914,OT1_5,0,2,70FC22FC-0972-4261-99B3-226B15F00B33,2026-09-15 17:20:52.320,
B147CCB5-2E38-4E05-BA32-38EB4FF25818,W6205,20260915,OT1_5,0,2,70FC22FC-0972-4261-99B3-226B15F00B33,2026-09-16 09:59:34.207,
DFA8C78C-4EDD-4053-8583-0F6507891EB5,W6206,20260914,OT1_5,0,2,70FC22FC-0972-4261-99B3-226B15F00B33,2026-09-15 17:21:02.617,
2C011301-8011-4AE3-ACB6-5E7E4BF5D70E,W6206,20260915,OT1_5,0,2,70FC22FC-0972-4261-99B3-226B15F00B33,2026-09-16 09:59:34.253,
60796D6F-A18C-4512-ABE3-033BD7E66061,W6212,20260915,OT1_5,0,2,70FC22FC-0972-4261-99B3-226B15F00B33,2026-09-16 10:01:43.517,
E8363474-2252-4B73-8B36-95016B8AE91F,W6217,20260914,OT1_5,0,2,70FC22FC-0972-4261-99B3-226B15F00B33,2026-09-15 17:23:03.230,
E2C3F9DC-D13A-4F98-8C52-D641E2CABC0F,W6217,20260915,OT1_5,0,2,70FC22FC-0972-4261-99B3-226B15F00B33,2026-09-16 10:01:42.680,
9001C206-0FDD-439D-B37B-F695C99B7BF3,W6219,20260914,OT1_5,0,2,70FC22FC-0972-4261-99B3-226B15F00B33,2026-09-15 17:20:49.230,
26113BC6-0F5A-4010-85F6-4630E7408C60,W6219,20260915,OT1_5,0,2,70FC22FC-0972-4261-99B3-226B15F00B33,2026-09-16 09:59:33.790,
C19CD337-232B-4989-B03A-0CC648AEB855,W6220,20260914,OT1_5,0,2,70FC22FC-0972-4261-99B3-226B15F00B33,2026-09-15 17:20:49.847,
47B4D75C-A882-4734-841B-6DD5D190B1FB,W6220,20260915,OT1_5,0,2,70FC22FC-0972-4261-99B3-226B15F00B33,2026-09-16 09:59:33.963,
3F21B39B-8B51-4183-A185-9BF160770C60,W6221,20260915,OT1_5,0,2,70FC22FC-0972-4261-99B3-226B15F00B33,2026-09-16 10:01:44.513,
E376C843-0EB3-402A-99C4-0E269CFA2F24,W6223,20260914,OT1_5,0,2,70FC22FC-0972-4261-99B3-226B15F00B33,2026-09-15 17:23:10.820,
1E65190E-CC3D-489A-BF2D-162EACEEDF93,W6223,20260915,OT1_5,0,2,70FC22FC-0972-4261-99B3-226B15F00B33,2026-09-16 10:01:51.317,
E1733AB1-7F3F-4445-8715-25D2F1BDE1E2,W6226,20260914,OT1_5,0,2,70FC22FC-0972-4261-99B3-226B15F00B33,2026-09-15 17:20:43.310,
64F7ED93-89F0-4953-A12F-1F48BC19FE47,W6226,20260915,OT1_5,0,2,70FC22FC-0972-4261-99B3-226B15F00B33,2026-09-16 09:59:31.183,
139E9AE5-2933-4C2F-9556-1EF030B6A5A1,W6227,20260914,OT1_5,0,2,70FC22FC-0972-4261-99B3-226B15F00B33,2026-09-15 17:23:10.890,
6D596FF4-2708-4F0F-9792-F55B0741F54E,W6227,20260915,OT1_5,0,2,70FC22FC-0972-4261-99B3-226B15F00B33,2026-09-16 10:01:51.043,
4A274014-6DF5-4E34-B02E-046D29E6928B,W6229,20260914,OT1_5,0,2,70FC22FC-0972-4261-99B3-226B15F00B33,2026-09-15 17:20:56.987,
DFBA520F-91D7-4B63-99CC-75384C3DA6DD,W6229,20260915,OT1_5,0,2,70FC22FC-0972-4261-99B3-226B15F00B33,2026-09-16 09:59:32.947,
CA14D807-A52D-448F-B2CA-0564E835C637,W6230,20260914,OT1_5,0,2,70FC22FC-0972-4261-99B3-226B15F00B33,2026-09-15 17:21:01.420,
2A1217DC-CD80-48AF-BFB3-05AFD59B713E,W6230,20260915,OT1_5,0,2,70FC22FC-0972-4261-99B3-226B15F00B33,2026-09-16 09:59:36.013,
86E87954-D285-4BDC-A1E3-2FFBFDBA2778,W6231,20260914,OT1_5,0,2,70FC22FC-0972-4261-99B3-226B15F00B33,2026-09-15 17:20:53.677,
D44704F3-B926-44AC-ABDA-4C8567F3AF41,W6231,20260915,OT1_5,0,2,70FC22FC-0972-4261-99B3-226B15F00B33,2026-09-16 09:59:37.310,
961D7ABC-8FD7-4907-A67F-2865C77D51C9,W6234,20260914,OT1_5,0,2,70FC22FC-0972-4261-99B3-226B15F00B33,2026-09-15 17:23:01.527,
2C3805F8-8823-42E7-B3DE-E703EA37C2FE,W6234,20260915,OT1_5,0,2,70FC22FC-0972-4261-99B3-226B15F00B33,2026-09-16 10:01:44.023,
D60AA28D-158E-4250-AFD7-05FB2BFB3AB4,W6235,20260914,OT1_5,0,2,70FC22FC-0972-4261-99B3-226B15F00B33,2026-09-15 17:20:52.770,
8C7CDB45-D6AD-4E11-849D-2315E89BBF81,W6235,20260915,OT1_5,0,2,70FC22FC-0972-4261-99B3-226B15F00B33,2026-09-16 09:59:37.730,
7A0286C1-796B-49B8-894C-26ED4974857E,W6237,20260915,OT1_5,0,2,70FC22FC-0972-4261-99B3-226B15F00B33,2026-09-16 09:59:36.597,
4E6142A7-5AD1-4C7A-8DE3-C9858A4C4D98,W6239,20260914,OT1_5,0,2,70FC22FC-0972-4261-99B3-226B15F00B33,2026-09-15 17:21:01.307,
D5F4A50E-3F6F-4BFC-B454-2B8D0A11EF6B,W6241,20260914,OT1_5,0,2,70FC22FC-0972-4261-99B3-226B15F00B33,2026-09-15 17:23:02.137,
01B57B51-B290-4B0B-84CF-ADDCB103E32E,W6242,20260914,OT1_5,0,2,70FC22FC-0972-4261-99B3-226B15F00B33,2026-09-15 17:21:35.840,
5E6DA517-B536-42DE-B509-3C131050DDFD,W6242,20260915,OT1_5,0,2,70FC22FC-0972-4261-99B3-226B15F00B33,2026-09-16 10:00:13.593,
8E682924-6BA8-4673-9BA2-95BFD51FCCD2,W6243,20260914,OT1_5,0,2,70FC22FC-0972-4261-99B3-226B15F00B33,2026-09-15 17:23:03.143,
45B2791B-057A-4CC3-88FB-1F0B3ADF984E,W6243,20260915,OT1_5,0,2,70FC22FC-0972-4261-99B3-226B15F00B33,2026-09-16 10:01:43.557,
87351B13-ADA6-4808-BA3A-649DA6832604,W6244,20260915,OT1_5,0,2,70FC22FC-0972-4261-99B3-226B15F00B33,2026-09-16 10:01:52.490,
B55D79A6-25E9-4060-9E38-9963A6B17D6A,W6245,20260914,OT1_5,0,2,70FC22FC-0972-4261-99B3-226B15F00B33,2026-09-15 17:20:47.130,
3B71740E-E2AC-4938-A067-2082C42D6A8E,W6245,20260915,OT1_5,0,2,70FC22FC-0972-4261-99B3-226B15F00B33,2026-09-16 09:59:32.923,
3389F3D4-77D3-4950-A416-196F4F55B90E,W6246,20260914,OT1_5,0,2,70FC22FC-0972-4261-99B3-226B15F00B33,2026-09-15 17:21:00.610,
6C5EC3FE-5B62-4818-ABEF-EEE7E197BC4C,W6246,20260915,OT1_5,0,2,70FC22FC-0972-4261-99B3-226B15F00B33,2026-09-16 09:59:39.843,
E944218C-BA51-4236-B209-EFAC9427DC92,W6247,20260914,OT1_5,0,2,70FC22FC-0972-4261-99B3-226B15F00B33,2026-09-15 17:20:48.233,
A9D64A0B-5258-4FAD-89DD-E57D4397D4DE,W6247,20260915,OT1_5,0,2,70FC22FC-0972-4261-99B3-226B15F00B33,2026-09-16 09:59:33.840,
8237926C-5BEA-4164-B6A5-F2BD0C05D125,W6248,20260914,OT1_5,0,2,70FC22FC-0972-4261-99B3-226B15F00B33,2026-09-15 17:20:45.093,
C2AF6356-044A-42A7-A6DC-9CAC28D34350,W6248,20260915,OT1_5,0,2,70FC22FC-0972-4261-99B3-226B15F00B33,2026-09-16 09:59:31.787,
A9238FC1-B158-4B91-93CF-D8178704FAA7,W6249,20260914,OT1_5,0,2,70FC22FC-0972-4261-99B3-226B15F00B33,2026-09-15 17:20:55.463,
CADE0676-6356-4B84-84F1-BD66574CDC6A,W6249,20260915,OT1_5,0,2,70FC22FC-0972-4261-99B3-226B15F00B33,2026-09-16 09:59:32.903,
92A3788E-8B84-4B2E-A075-865F97A0EEB0,W6251,20260914,OT1_5,0,2,70FC22FC-0972-4261-99B3-226B15F00B33,2026-09-15 17:20:52.427,
BD8CD5F9-B343-45E9-9889-A746A8331624,W6251,20260915,OT1_5,0,2,70FC22FC-0972-4261-99B3-226B15F00B33,2026-09-16 09:59:33.340,
F7196FC7-1BE3-4C1F-87A4-22A28BA01E8B,W6252,20260914,OT1_5,0,2,70FC22FC-0972-4261-99B3-226B15F00B33,2026-09-15 17:21:05.340,
4CB10669-8FAB-4A46-8C9C-FA40C9326A38,W6253,20260914,OT1_5,0,2,70FC22FC-0972-4261-99B3-226B15F00B33,2026-09-15 17:23:17.143,
39E299F3-4155-4BD7-A1DB-35946BFF5CF1,W6253,20260915,OT1_5,0,2,70FC22FC-0972-4261-99B3-226B15F00B33,2026-09-16 10:01:55.977,
B8ED4347-2409-4AE7-A943-734D39ED5418,W6254,20260914,OT1_5,0,2,70FC22FC-0972-4261-99B3-226B15F00B33,2026-09-15 17:23:02.757,
86CD88EC-6FAE-429B-BC46-53C39A907941,W6254,20260915,OT1_5,0,2,70FC22FC-0972-4261-99B3-226B15F00B33,2026-09-16 10:01:49.900,
F43AF564-0E21-4FB5-AB88-CBE07B9ED9B5,W6256,20260914,OT1_5,0,2,70FC22FC-0972-4261-99B3-226B15F00B33,2026-09-15 17:23:10.680,
21A8B52B-5B29-4465-B6F0-C809747110F6,W6256,20260915,OT1_5,0,2,70FC22FC-0972-4261-99B3-226B15F00B33,2026-09-16 10:01:50.703,
B7E3255C-BFEC-4F40-ABCB-08D0094F87C1,W6258,20260914,OT1_5,0,2,70FC22FC-0972-4261-99B3-226B15F00B33,2026-09-15 17:23:15.803,
B5E2C9A6-A8E0-46FC-A457-CCCA85866E56,W6258,20260915,OT1_5,0,2,70FC22FC-0972-4261-99B3-226B15F00B33,2026-09-16 10:01:54.687,
8B49ACA2-6240-4347-95B2-EE73CB3C864F,W6259,20260914,OT1_5,0,2,70FC22FC-0972-4261-99B3-226B15F00B33,2026-09-15 17:23:11.243,
804630AB-7B59-46B9-8FD4-FC8B6BA0C1CE,W6259,20260915,OT1_5,0,2,70FC22FC-0972-4261-99B3-226B15F00B33,2026-09-16 10:01:51.803,
2AA5A2FE-704A-4166-B14B-6B0462D3770F,W6260,20260914,OT1_5,0,2,70FC22FC-0972-4261-99B3-226B15F00B33,2026-09-15 17:23:11.597,
A8153269-3BA6-47C5-AC95-C2732B5473EE,W6260,20260915,OT1_5,0,2,70FC22FC-0972-4261-99B3-226B15F00B33,2026-09-16 10:01:51.817,
A8E0BD6C-FBE5-4E5F-9A07-B3742D319AED,W6270,20260914,OT1_5,0,2,70FC22FC-0972-4261-99B3-226B15F00B33,2026-09-15 17:18:04.940,
D9590241-7A2E-4014-B05D-84B5341597CE,W6271,20260914,OT1_5,0,2,70FC22FC-0972-4261-99B3-226B15F00B33,2026-09-15 17:18:10.060,
765E0AD7-9A8C-4CDE-A37D-67391866B008,W6271,20260915,OT1_5,0,2,70FC22FC-0972-4261-99B3-226B15F00B33,2026-09-16 09:56:58.400,
EC256B72-C473-4CE3-8F07-8B541AF528BA,W6272,20260914,OT1_5,0,2,70FC22FC-0972-4261-99B3-226B15F00B33,2026-09-15 17:18:01.373,
08A3FE8D-3341-489F-8E06-EB3C5624886B,W6273,20260914,OT1_5,0,2,70FC22FC-0972-4261-99B3-226B15F00B33,2026-09-15 17:17:53.697,
9F2FF015-3C03-46FF-86AA-CFBA53BF3AC7,W6274,20260914,OT1_5,0,2,70FC22FC-0972-4261-99B3-226B15F00B33,2026-09-15 17:18:10.520,
C66CCA25-A9EA-47D2-9524-203305DE8342,W6276,20260914,OT1_5,0,2,70FC22FC-0972-4261-99B3-226B15F00B33,2026-09-15 17:18:04.420,
E5E896B0-58B2-4239-8404-A47C77D27EBC,W6276,20260915,OT1_5,0,2,70FC22FC-0972-4261-99B3-226B15F00B33,2026-09-16 09:56:53.203,
6F6887CC-5412-441B-A447-D8DB87E74296,W6277,20260915,OT1_5,0,2,70FC22FC-0972-4261-99B3-226B15F00B33,2026-09-16 09:56:54.477,
B2E1D35F-BEAB-4D70-883B-6A853D745E1F,W6278,20260914,OT1_5,0,2,70FC22FC-0972-4261-99B3-226B15F00B33,2026-09-15 17:18:08.323,
6CED79CB-4155-444F-ADD1-AD65A656289C,W6278,20260915,OT1_5,0,2,70FC22FC-0972-4261-99B3-226B15F00B33,2026-09-16 09:56:56.610,
EFA9AB9D-5B6E-4502-9DD3-0BD043AEFD1F,W6279,20260914,OT1_5,0,2,70FC22FC-0972-4261-99B3-226B15F00B33,2026-09-15 17:18:04.120,
E7D5BFF2-DA25-437E-9003-F76CEB391E9B,W6279,20260915,OT1_5,0,2,70FC22FC-0972-4261-99B3-226B15F00B33,2026-09-16 09:56:56.737,
10CFEA20-DA46-4A25-8537-5A8192BA405A,W6280,20260914,OT1_5,0,1.5,70FC22FC-0972-4261-99B3-226B15F00B33,2026-09-15 17:21:06.533,
1F584197-CCAC-428C-A9C5-AE2B4AD582C3,W6280,20260915,OT1_5,0,1.5,70FC22FC-0972-4261-99B3-226B15F00B33,2026-09-16 09:59:28.393,
25E69D6E-E837-48F1-B405-FFA32DF779EB,W6281,20260914,OT1_5,0,2,70FC22FC-0972-4261-99B3-226B15F00B33,2026-09-15 17:18:03.213,
4B1E2F28-AC61-4553-AACE-B39AB52227B6,W6281,20260915,OT1_5,0,2,70FC22FC-0972-4261-99B3-226B15F00B33,2026-09-16 09:56:55.253,
F247DCFB-246B-40D8-BC55-AC2A78977185,W6282,20260914,OT1_5,0,2,70FC22FC-0972-4261-99B3-226B15F00B33,2026-09-15 17:17:59.683,
4E19C27E-E309-4816-ACFC-ACCD4BAB7D68,W6282,20260915,OT1_5,0,2,70FC22FC-0972-4261-99B3-226B15F00B33,2026-09-16 09:56:54.220,
51865307-3540-4E7D-9200-13005877508E,W6284,20260914,OT1_5,0,1.5,70FC22FC-0972-4261-99B3-226B15F00B33,2026-09-15 17:21:06.510,
3718AE39-2841-41A8-81B9-3BB1B582BC09,W6284,20260915,OT1_5,0,1.5,70FC22FC-0972-4261-99B3-226B15F00B33,2026-09-16 09:59:28.447,
28FA2162-7FFD-4183-9526-9B7B58939A80,W6286,20260914,OT1_5,0,2,70FC22FC-0972-4261-99B3-226B15F00B33,2026-09-15 17:23:06.083,
88EB04A1-B601-4D17-98DB-BEE969CA26F2,W6286,20260915,OT1_5,0,2,70FC22FC-0972-4261-99B3-226B15F00B33,2026-09-16 10:01:45.960,
21534A85-139F-4E3E-9612-1FEB2B7EDAA2,W6287,20260914,OT1_5,0,2,70FC22FC-0972-4261-99B3-226B15F00B33,2026-09-15 17:20:45.400,
9E91F317-315C-4528-9649-4574B4FF7061,W6290,20260914,OT1_5,0,2,70FC22FC-0972-4261-99B3-226B15F00B33,2026-09-15 17:21:05.293,
DE249D65-109B-49AB-B2BD-6F1ABD1E0549,W6290,20260915,OT1_5,0,2,70FC22FC-0972-4261-99B3-226B15F00B33,2026-09-16 09:59:40.550,
D499543B-A520-4729-8EE9-805905E14847,W6291,20260914,OT1_5,0,2,70FC22FC-0972-4261-99B3-226B15F00B33,2026-09-15 17:20:57.757,
FC433E19-928C-4FF7-9854-AB83D25D4EDB,W6291,20260915,OT1_5,0,2,70FC22FC-0972-4261-99B3-226B15F00B33,2026-09-16 09:59:35.320,
B42CF93A-FD58-4621-ABC7-AC3C4673C1DD,W6292,20260914,OT1_5,0,2,70FC22FC-0972-4261-99B3-226B15F00B33,2026-09-15 17:20:44.927,
9365AC74-8B4C-49C0-BE7B-F02872163B75,W6292,20260915,OT1_5,0,2,70FC22FC-0972-4261-99B3-226B15F00B33,2026-09-16 09:59:38.640,
39B8033E-1A66-4742-AA4F-0D1CBBA0B989,W6295,20260914,OT1_5,0,2,70FC22FC-0972-4261-99B3-226B15F00B33,2026-09-15 17:23:10.490,
803F85D8-E1C6-43B1-8B79-8014F4C6A8E2,W6295,20260915,OT1_5,0,2,70FC22FC-0972-4261-99B3-226B15F00B33,2026-09-16 10:01:50.777,
83E883CE-3A75-4C61-B704-D584E04CE64E,W6296,20260914,OT1_5,0,2,70FC22FC-0972-4261-99B3-226B15F00B33,2026-09-15 17:23:10.550,
D9457BF5-FA4E-48C1-A414-D3F70EC12724,W6296,20260915,OT1_5,0,2,70FC22FC-0972-4261-99B3-226B15F00B33,2026-09-16 10:01:51.090,
82C8C9C7-A272-4E3E-B21B-39660B4E51A0,W6297,20260914,OT1_5,0,2,70FC22FC-0972-4261-99B3-226B15F00B33,2026-09-15 17:23:11.440,
DBE50038-E75C-47F8-9D51-E3BFBFF30FF5,W6297,20260915,OT1_5,0,2,70FC22FC-0972-4261-99B3-226B15F00B33,2026-09-16 10:01:51.827,
BBEA0CCB-153D-4CF0-A3FC-C2DF4AC0DE9A,W6298,20260914,OT1_5,0,2,70FC22FC-0972-4261-99B3-226B15F00B33,2026-09-15 17:23:11.450,
EC208399-515D-42F5-A90F-8712671E6C47,W6299,20260914,OT1_5,0,2,70FC22FC-0972-4261-99B3-226B15F00B33,2026-09-15 17:23:10.480,
DB827333-45FF-4554-952D-5A78965A04BA,W6299,20260915,OT1_5,0,2,70FC22FC-0972-4261-99B3-226B15F00B33,2026-09-16 10:01:50.670,
F1C0C829-DFAD-4871-83C4-B2957FBD9978,W6302,20260914,OT1_5,0,2,70FC22FC-0972-4261-99B3-226B15F00B33,2026-09-15 17:23:13.520,
CE0D46B2-FEF4-4B4D-83E1-A75A89F4AB66,W6303,20260914,OT1_5,0,2,70FC22FC-0972-4261-99B3-226B15F00B33,2026-09-15 17:23:07.907,
BC209C61-A62C-4141-87F4-37D9E2C1080C,W6303,20260915,OT1_5,0,2,70FC22FC-0972-4261-99B3-226B15F00B33,2026-09-16 10:01:50.263,
DE4CF66F-F875-4042-AAC5-71674E585B82,W6307,20260914,OT1_5,0,2,70FC22FC-0972-4261-99B3-226B15F00B33,2026-09-15 17:23:06.610,
33130445-FCEA-4370-97B2-C0E164C345F9,W6307,20260915,OT1_5,0,2,70FC22FC-0972-4261-99B3-226B15F00B33,2026-09-16 10:01:44.757,
DE81ABC5-EE74-411C-89DC-588588BE9B3F,W6312,20260914,OT1_5,0,2,70FC22FC-0972-4261-99B3-226B15F00B33,2026-09-15 17:23:14.657,
D6035E96-EB7E-4C4E-AF15-B60E911449C6,W6312,20260915,OT1_5,0,2,70FC22FC-0972-4261-99B3-226B15F00B33,2026-09-16 10:01:54.833,
BA42E295-6C92-419B-8B8A-3840BCBBB59E,W6313,20260915,OT1_5,0,2,70FC22FC-0972-4261-99B3-226B15F00B33,2026-09-16 10:01:43.623,
BBEA226B-3ABC-4195-8831-27A216C90F3A,W6315,20260914,OT1_5,0,2,70FC22FC-0972-4261-99B3-226B15F00B33,2026-09-15 17:23:02.193,
23B2ACC2-1269-47D3-A7F3-DF060C2B9933,W6315,20260915,OT1_5,0,2,70FC22FC-0972-4261-99B3-226B15F00B33,2026-09-16 10:01:43.580,
3D9D5B7E-E763-4966-9017-1EDC95599264,W6317,20260914,OT1_5,0,2,70FC22FC-0972-4261-99B3-226B15F00B33,2026-09-15 17:23:05.440,
292E738F-B127-44A0-A37D-DC654939702C,W6318,20260914,OT1_5,0,2,70FC22FC-0972-4261-99B3-226B15F00B33,2026-09-15 17:23:01.627,
DBA5E2B0-F8D9-4214-A247-3226FE40BA7E,W6318,20260915,OT1_5,0,2,70FC22FC-0972-4261-99B3-226B15F00B33,2026-09-16 10:01:45.340,
E79EA2CC-8A75-4DE9-AE33-D72F3C5D348C,W6319,20260914,OT1_5,0,2,70FC22FC-0972-4261-99B3-226B15F00B33,2026-09-15 17:23:12.910,
C4EEED19-37A8-47A2-80C7-79F572E4CC18,W6321,20260914,OT1_5,0,2,70FC22FC-0972-4261-99B3-226B15F00B33,2026-09-15 17:23:02.180,
67EEBB04-7B1D-4ECD-8B6D-C76A4CFF1C8E,W6321,20260915,OT1_5,0,2,70FC22FC-0972-4261-99B3-226B15F00B33,2026-09-16 10:01:44.177,
2602789C-627B-46B6-B997-E449B44374B8,W6322,20260914,OT1_5,0,2,70FC22FC-0972-4261-99B3-226B15F00B33,2026-09-15 17:23:10.903,
729529E9-3901-4206-A875-6EA610AD9194,W6322,20260915,OT1_5,0,2,70FC22FC-0972-4261-99B3-226B15F00B33,2026-09-16 10:01:51.483,
578DF7E7-947E-4184-858B-7938493E82A6,W6324,20260914,OT1_5,0,2,70FC22FC-0972-4261-99B3-226B15F00B33,2026-09-15 17:20:54.173,
42376CE3-3CAF-4BDA-813A-AE3BBC1F5643,W6324,20260915,OT1_5,0,1,70FC22FC-0972-4261-99B3-226B15F00B33,2026-09-16 09:59:28.083,
BC79730D-FF32-42A2-900E-305641DD6D7D,W6325,20260914,OT1_5,0,2,70FC22FC-0972-4261-99B3-226B15F00B33,2026-09-15 17:23:11.977,
F2EC5662-9EDA-462F-828B-84DED5973657,W6325,20260915,OT1_5,0,2,70FC22FC-0972-4261-99B3-226B15F00B33,2026-09-16 10:01:52.380,
1111196E-3D55-4E46-AD49-E995765896D2,W6327,20260914,OT1_5,0,2,70FC22FC-0972-4261-99B3-226B15F00B33,2026-09-15 17:20:50.943,
6DC5B625-1841-45F1-B871-42AC9C59216B,W6327,20260915,OT1_5,0,2,70FC22FC-0972-4261-99B3-226B15F00B33,2026-09-16 09:59:33.673,
2D745BD3-13AC-4A3E-B4C6-10FC5CAB5F4B,W6329,20260914,OT1_5,0,2,70FC22FC-0972-4261-99B3-226B15F00B33,2026-09-15 17:21:35.607,
EB5FA49A-DA12-4150-946C-C23A651F6EC8,W6329,20260915,OT1_5,0,2,70FC22FC-0972-4261-99B3-226B15F00B33,2026-09-16 10:00:13.433,
4435196C-11FA-4902-A345-2CAC87B2A7D4,W6330,20260914,OT1_5,0,2,70FC22FC-0972-4261-99B3-226B15F00B33,2026-09-15 17:21:05.150,
01C15FD6-796A-434B-A79A-9A3C64C48BFE,W6331,20260914,OT1_5,0,2,70FC22FC-0972-4261-99B3-226B15F00B33,2026-09-15 17:21:36.307,
1B79FD35-FF40-4A6D-9E87-661A88A7B71A,W6331,20260915,OT1_5,0,2,70FC22FC-0972-4261-99B3-226B15F00B33,2026-09-16 10:00:12.867,
FD3A9D00-56BF-47A7-820C-28BC546376EB,W6332,20260914,OT1_5,0,2,70FC22FC-0972-4261-99B3-226B15F00B33,2026-09-15 17:21:35.357,
40A095FB-3AA5-4DE5-8958-8E8ABC3DD7F1,W6332,20260915,OT1_5,0,2,70FC22FC-0972-4261-99B3-226B15F00B33,2026-09-16 10:00:13.767,
0B4D5FA1-2963-45BA-96F3-AA9B2835536C,W6333,20260914,OT1_5,0,2,70FC22FC-0972-4261-99B3-226B15F00B33,2026-09-15 17:23:01.043,
9A0281D4-5F12-4E9F-BAF1-4DDD645F9988,W6334,20260914,OT1_5,0,2,70FC22FC-0972-4261-99B3-226B15F00B33,2026-09-15 17:21:35.560,
A273BCB7-9F5A-4695-A49A-3F506274EC4F,W6334,20260915,OT1_5,0,2,70FC22FC-0972-4261-99B3-226B15F00B33,2026-09-16 10:00:13.583,
B52992E7-A367-4D2C-B3D0-BE1E2F14EBC4,W6335,20260914,OT1_5,0,2,70FC22FC-0972-4261-99B3-226B15F00B33,2026-09-15 17:23:12.473,
E7051336-F44E-49E1-81DF-91F3A9F8162B,W6335,20260915,OT1_5,0,2,70FC22FC-0972-4261-99B3-226B15F00B33,2026-09-16 10:01:52.543,
717C7209-F78F-472D-B168-29764906ECB1,W6336,20260914,OT1_5,0,2,70FC22FC-0972-4261-99B3-226B15F00B33,2026-09-15 17:23:10.180,
C8B32B5A-B122-4EB5-90D7-A56898A3DBAD,W6336,20260915,OT1_5,0,2,70FC22FC-0972-4261-99B3-226B15F00B33,2026-09-16 10:01:43.073,
EBE69867-925B-42F0-9408-AC9E2A216FEF,W6337,20260914,OT1_5,0,2,70FC22FC-0972-4261-99B3-226B15F00B33,2026-09-15 17:23:10.730,
7A2C0451-F65C-4D65-91B0-DCDAB64BDC56,W6337,20260915,OT1_5,0,2,70FC22FC-0972-4261-99B3-226B15F00B33,2026-09-16 10:01:50.863,
CAF3C351-9413-423C-B2F4-8B9A5D4F2FA3,W6339,20260914,OT1_5,0,2,70FC22FC-0972-4261-99B3-226B15F00B33,2026-09-15 17:23:14.040,
74CC3979-B24C-414D-A9B8-A46FBD427EAE,W6339,20260915,OT1_5,0,2,70FC22FC-0972-4261-99B3-226B15F00B33,2026-09-16 10:01:52.620,
E94DB21B-D968-486F-9EC1-F9D104BFEC9A,W6340,20260914,OT1_5,0,2,70FC22FC-0972-4261-99B3-226B15F00B33,2026-09-15 17:23:11.727,
A20A7897-9F6A-45EB-9C7F-6B8521A897F6,W6340,20260915,OT1_5,0,2,70FC22FC-0972-4261-99B3-226B15F00B33,2026-09-16 10:01:51.793,
7EB68B08-BD54-4ECE-8857-F241AD4AB130,W6341,20260914,OT1_5,0,2,70FC22FC-0972-4261-99B3-226B15F00B33,2026-09-15 17:23:16.847,
733E7329-04E0-4879-A0D7-ABD65CD6C9C8,W6341,20260915,OT1_5,0,2,70FC22FC-0972-4261-99B3-226B15F00B33,2026-09-16 10:01:55.597,
EA3E124F-B696-4DDB-A592-0D0D8AB42F17,W6342,20260914,OT1_5,0,2,70FC22FC-0972-4261-99B3-226B15F00B33,2026-09-15 17:23:11.153,
777A3560-8B72-458F-9B42-9D4F52396A8D,W6342,20260915,OT1_5,0,2,70FC22FC-0972-4261-99B3-226B15F00B33,2026-09-16 10:01:51.727,
A2438A26-D754-4DA8-A321-0CE0748ACE6E,W6343,20260914,OT1_5,0,2,70FC22FC-0972-4261-99B3-226B15F00B33,2026-09-15 17:23:11.280,
65821A39-63ED-4733-B776-311E6DDE54E7,W6343,20260915,OT1_5,0,2,70FC22FC-0972-4261-99B3-226B15F00B33,2026-09-16 10:01:51.670,
98E57986-C345-4D52-9B81-53F1D07899A4,W6344,20260914,OT1_5,0,2,70FC22FC-0972-4261-99B3-226B15F00B33,2026-09-15 17:23:11.430,
B6A2BB71-62EA-4900-97A8-53A593D7D5C3,W6344,20260915,OT1_5,0,2,70FC22FC-0972-4261-99B3-226B15F00B33,2026-09-16 10:01:51.637,
37642A55-D6EA-4C88-9004-ADD84C7AE8D9,W6347,20260914,OT1_5,0,2,70FC22FC-0972-4261-99B3-226B15F00B33,2026-09-15 17:23:11.510,
9A25505B-5DD4-4B31-827D-75D9C8C4178F,W6347,20260915,OT1_5,0,2,70FC22FC-0972-4261-99B3-226B15F00B33,2026-09-16 10:01:51.473,
805578D9-5A1A-47C7-97B8-BB004126272F,W6349,20260914,OT1_5,0,2,70FC22FC-0972-4261-99B3-226B15F00B33,2026-09-15 17:23:08.363,
1C5AC4DF-D22A-40DF-9F59-06424DF6D1CA,W6351,20260914,OT1_5,0,2,70FC22FC-0972-4261-99B3-226B15F00B33,2026-09-15 17:23:03.240,
4558D1BE-D0A2-4F18-84D2-86FB85EA6F68,W6352,20260914,OT1_5,0,2,70FC22FC-0972-4261-99B3-226B15F00B33,2026-09-15 17:20:42.260,
957B852C-B86E-4BBF-B978-CD7EC51F141B,W6352,20260915,OT1_5,0,2,70FC22FC-0972-4261-99B3-226B15F00B33,2026-09-16 09:59:33.243,
53F03B59-DDA8-4027-9A00-3835F8C9329D,W6353,20260914,OT1_5,0,2,70FC22FC-0972-4261-99B3-226B15F00B33,2026-09-15 17:20:43.880,
776807EA-36FF-4756-9602-BA931A798D3D,W6353,20260915,OT1_5,0,2,70FC22FC-0972-4261-99B3-226B15F00B33,2026-09-16 09:59:33.663,
1DE1FB1E-C1E5-4CCC-AF61-8C22D0E77D3C,W6354,20260914,OT1_5,0,2,70FC22FC-0972-4261-99B3-226B15F00B33,2026-09-15 17:20:50.117,
905A3EB0-2D39-4A7E-8485-41C500315F2E,W6354,20260915,OT1_5,0,2,70FC22FC-0972-4261-99B3-226B15F00B33,2026-09-16 09:59:33.650,
88B9EFA8-7B00-449F-AB13-5C2AC1DB8B03,W6356,20260914,OT1_5,0,2,70FC22FC-0972-4261-99B3-226B15F00B33,2026-09-15 17:20:54.373,
3630DFD0-872F-4ADA-BFE2-132DAECECC43,W6356,20260915,OT1_5,0,2,70FC22FC-0972-4261-99B3-226B15F00B33,2026-09-16 09:59:37.353,
2BA9DCE2-14AB-4F21-9C9A-DA2139DB2EE5,W6357,20260914,OT1_5,0,2,70FC22FC-0972-4261-99B3-226B15F00B33,2026-09-15 17:21:04.667,
52935C8A-C8AD-4EAC-8858-D2B4B2780575,W6358,20260914,OT1_5,0,2,70FC22FC-0972-4261-99B3-226B15F00B33,2026-09-15 17:20:46.083,
FB0D9479-BCC0-4942-A512-BE19C08C8984,W6358,20260915,OT1_5,0,2,70FC22FC-0972-4261-99B3-226B15F00B33,2026-09-16 09:59:32.197,
FFC863D5-0D70-4D4D-88AA-9E21896C8DA1,W6360,20260914,OT1_5,0,2,70FC22FC-0972-4261-99B3-226B15F00B33,2026-09-15 17:20:54.533,
10E4A033-A6BB-430A-B3A1-59BE7644326B,W6360,20260915,OT1_5,0,2,70FC22FC-0972-4261-99B3-226B15F00B33,2026-09-16 09:59:36.060,
687682EE-0A26-4F75-B889-21FC82CA0635,W6361,20260914,OT1_5,0,2,70FC22FC-0972-4261-99B3-226B15F00B33,2026-09-15 17:20:50.787,
7074868D-50AF-411B-A785-A7566590EC71,W6361,20260915,OT1_5,0,2,70FC22FC-0972-4261-99B3-226B15F00B33,2026-09-16 09:59:34.300,
0243CCEE-C8B0-40BE-8D42-524B8FE4AC38,W6362,20260914,OT1_5,0,2,70FC22FC-0972-4261-99B3-226B15F00B33,2026-09-15 17:20:47.630,
98E86914-99FC-4B3A-AC05-DAFAAF408669,W6363,20260914,OT1_5,0,2,70FC22FC-0972-4261-99B3-226B15F00B33,2026-09-15 17:21:03.687,
110516F6-A21E-4EB5-90AB-9A66D0DA2411,W6364,20260914,OT1_5,0,2,70FC22FC-0972-4261-99B3-226B15F00B33,2026-09-15 17:20:54.513,
C72EF041-A071-4E0C-81E2-79AC7F8872BD,W6367,20260914,OT1_5,0,2,70FC22FC-0972-4261-99B3-226B15F00B33,2026-09-15 17:23:09.900,
59C6EE18-926A-40E7-B18E-F14F13D2F3F3,W6367,20260915,OT1_5,0,2,70FC22FC-0972-4261-99B3-226B15F00B33,2026-09-16 10:01:47.243,
3EA1F653-95D6-4940-B759-E7D9CAF014D8,W6368,20260914,OT1_5,0,2,70FC22FC-0972-4261-99B3-226B15F00B33,2026-09-15 17:23:10.623,
F5169DE2-CF2A-4FA8-9435-53958AA876C3,W6370,20260914,OT1_5,0,2,70FC22FC-0972-4261-99B3-226B15F00B33,2026-09-15 17:23:07.540,
FBEE68EA-670A-488A-B4D3-B99D2E7639A5,W6370,20260915,OT1_5,0,2,70FC22FC-0972-4261-99B3-226B15F00B33,2026-09-16 10:01:49.587,
92E583B2-8398-4D1A-A2B0-546DCEE7DD77,W6372,20260914,OT1_5,0,2,70FC22FC-0972-4261-99B3-226B15F00B33,2026-09-15 17:23:01.813,
DD6B948A-C31F-4F08-833B-A0C0386BAA42,W6373,20260914,OT1_5,0,2,70FC22FC-0972-4261-99B3-226B15F00B33,2026-09-15 17:23:07.063,
370DFA37-DD79-4AA4-8B94-DEA52F0DA1DB,W6373,20260915,OT1_5,0,2,70FC22FC-0972-4261-99B3-226B15F00B33,2026-09-16 10:01:49.700,
3CCE85F0-448F-401A-AA6E-861E5ECA9683,W6374,20260914,OT1_5,0,2,70FC22FC-0972-4261-99B3-226B15F00B33,2026-09-15 17:23:02.937,
4BA78858-D9B9-41A7-B57B-E4821C682585,W6374,20260915,OT1_5,0,2,70FC22FC-0972-4261-99B3-226B15F00B33,2026-09-16 10:01:43.710,
3753CBA8-37AC-4181-893B-C5E9BD598F06,W6376,20260914,OT1_5,0,2,70FC22FC-0972-4261-99B3-226B15F00B33,2026-09-15 17:23:06.303,
BBD49E9C-1CB5-447C-ABC6-F97BBCCF6CAF,W6376,20260915,OT1_5,0,2,70FC22FC-0972-4261-99B3-226B15F00B33,2026-09-16 10:01:44.727,
FA02F200-E1DE-4E2F-8EFE-72782541DBC5,W6377,20260914,OT1_5,0,2,70FC22FC-0972-4261-99B3-226B15F00B33,2026-09-15 17:23:10.383,
349A81AD-15EB-4E97-BB37-4C45921FA322,W6377,20260915,OT1_5,0,2,70FC22FC-0972-4261-99B3-226B15F00B33,2026-09-16 10:01:50.873,
B915BCDB-48ED-4189-9FF4-A0DCC9F0E96A,W6378,20260914,OT1_5,0,2,70FC22FC-0972-4261-99B3-226B15F00B33,2026-09-15 17:23:14.853,
EA0F6D74-6F4A-4961-94CA-82F5299F1865,W6378,20260915,OT1_5,0,2,70FC22FC-0972-4261-99B3-226B15F00B33,2026-09-16 10:01:55.010,
E10FA09B-D9E9-44F9-9706-00D94AE065DA,W6379,20260914,OT1_5,0,2,70FC22FC-0972-4261-99B3-226B15F00B33,2026-09-15 17:23:10.707,
B87F13DD-719C-486C-B51C-DACED0544CC6,W6379,20260915,OT1_5,0,2,70FC22FC-0972-4261-99B3-226B15F00B33,2026-09-16 10:01:50.810,
2EE51584-3164-419B-ACA8-8468F0C34407,W6380,20260914,OT1_5,0,2,70FC22FC-0972-4261-99B3-226B15F00B33,2026-09-15 17:23:12.417,
B7D378A1-8257-4721-BDEA-D610B68570CD,W6380,20260915,OT1_5,0,2,70FC22FC-0972-4261-99B3-226B15F00B33,2026-09-16 10:01:52.013,
0F6DE871-32E0-47B5-A6BB-D5F91B850D56,W6381,20260914,OT1_5,0,2,70FC22FC-0972-4261-99B3-226B15F00B33,2026-09-15 17:20:57.883,
8A30EA9B-47B7-4535-9F99-CF0122315FBC,W6381,20260915,OT1_5,0,2,70FC22FC-0972-4261-99B3-226B15F00B33,2026-09-16 09:59:35.023,
758FEE4B-7E18-41FC-B916-C8DD8184B8BD,W6382,20260914,OT1_5,0,2,70FC22FC-0972-4261-99B3-226B15F00B33,2026-09-15 17:21:05.367,
988EE7BB-CB75-41FE-8D69-C3861790F649,W6383,20260914,OT1_5,0,2,70FC22FC-0972-4261-99B3-226B15F00B33,2026-09-15 17:21:04.453,
687DEF41-F270-4E88-B848-40958E96414C,W6384,20260914,OT1_5,0,2,70FC22FC-0972-4261-99B3-226B15F00B33,2026-09-15 17:21:00.537,
855B6956-C051-4971-A1B5-A1744AA7AE46,W6385,20260914,OT1_5,0,2,70FC22FC-0972-4261-99B3-226B15F00B33,2026-09-15 17:20:57.873,
66B0A1BB-6154-4828-96F0-02F7DAD101A0,W6385,20260915,OT1_5,0,2,70FC22FC-0972-4261-99B3-226B15F00B33,2026-09-16 09:59:34.630,
CF75E0FB-08EF-43B4-A2DE-09E337A3955C,W6387,20260914,OT1_5,0,2,70FC22FC-0972-4261-99B3-226B15F00B33,2026-09-15 17:21:05.427,
B70CB06F-DFA8-4367-8DED-16D77FEE2796,W6388,20260914,OT1_5,0,2,70FC22FC-0972-4261-99B3-226B15F00B33,2026-09-15 17:21:05.813,
3B28BB88-FAAE-4049-B493-0AB454063BF7,W6388,20260915,OT1_5,0,2,70FC22FC-0972-4261-99B3-226B15F00B33,2026-09-16 09:59:34.647,
2203996A-E0E2-4AF6-BDAD-99529BDBC5B6,W6389,20260914,OT1_5,0,2,70FC22FC-0972-4261-99B3-226B15F00B33,2026-09-15 17:21:06.403,
9C8549C2-EB76-40B9-971E-601AA093B4BA,W6390,20260914,OT1_5,0,2,70FC22FC-0972-4261-99B3-226B15F00B33,2026-09-15 17:18:58.397,
81435570-FEEF-4C0E-9A51-2C5E058777DA,W6390,20260915,OT1_5,0,2,70FC22FC-0972-4261-99B3-226B15F00B33,2026-09-16 09:57:40.257,
A74F21AE-51C4-4F86-8491-2A5974767FEA,W6391,20260914,OT1_5,0,2,70FC22FC-0972-4261-99B3-226B15F00B33,2026-09-15 17:20:49.727,
DE31D808-4E75-4393-A28E-C3407DDC9711,W6391,20260915,OT1_5,0,2,70FC22FC-0972-4261-99B3-226B15F00B33,2026-09-16 09:59:34.170,
74BAF316-88A5-40E1-84EC-7ED0A40EF836,W6392,20260914,OT1_5,0,2,70FC22FC-0972-4261-99B3-226B15F00B33,2026-09-15 17:20:51.667,
9338DDFD-E025-4394-8EBA-1E2163C89996,W6392,20260915,OT1_5,0,2,70FC22FC-0972-4261-99B3-226B15F00B33,2026-09-16 09:59:34.707,
227209DD-A2FE-4864-850B-4EA7A7D38DDB,W6394,20260914,OT1_5,0,2,70FC22FC-0972-4261-99B3-226B15F00B33,2026-09-15 17:21:04.733,
5CD60A2F-B752-4765-9029-46CA7666A6CE,W6394,20260915,OT1_5,0,2,70FC22FC-0972-4261-99B3-226B15F00B33,2026-09-16 09:59:40.923,
BFBC8537-608D-480A-8068-BD5FFFD81FD9,W6396,20260914,OT1_5,0,2,70FC22FC-0972-4261-99B3-226B15F00B33,2026-09-15 17:20:49.060,
8C2FB5FA-B7F4-493F-9F21-6153EC142189,W6396,20260915,OT1_5,0,2,70FC22FC-0972-4261-99B3-226B15F00B33,2026-09-16 09:59:33.350,
DFA6ED88-1FB8-4911-816B-8080AC38EA88,W6397,20260914,OT1_5,0,2,70FC22FC-0972-4261-99B3-226B15F00B33,2026-09-15 17:20:42.273,
0DD7C0F6-624D-471D-A3D7-7D235A917D47,W6398,20260914,OT1_5,0,2,70FC22FC-0972-4261-99B3-226B15F00B33,2026-09-15 17:20:49.617,
22B812E8-DDAC-405D-AA50-ADEC582A5F8D,W6398,20260915,OT1_5,0,2,70FC22FC-0972-4261-99B3-226B15F00B33,2026-09-16 09:59:34.513,
E17DA90D-599C-4AEF-BC17-A679BDD158DD,W6400,20260914,OT1_5,0,2,70FC22FC-0972-4261-99B3-226B15F00B33,2026-09-15 17:21:03.040,
63FA01DE-2C2D-41A1-95FF-359517B51EEB,W6400,20260915,OT1_5,0,2,70FC22FC-0972-4261-99B3-226B15F00B33,2026-09-16 09:59:39.080,
27A71815-8BFE-416D-98F1-5977B7008A77,W6401,20260914,OT1_5,0,2,70FC22FC-0972-4261-99B3-226B15F00B33,2026-09-15 17:21:05.503,
1D85CE77-CB1F-45A2-838A-170CA412F7A9,W6402,20260914,OT1_5,0,2,70FC22FC-0972-4261-99B3-226B15F00B33,2026-09-15 17:21:04.200,
E3E0E254-BDE8-4319-970D-04BEEBF79214,W6402,20260915,OT1_5,0,2,70FC22FC-0972-4261-99B3-226B15F00B33,2026-09-16 09:59:40.027,
A09F2214-C381-47DA-8176-075F0EAC839C,W6405,20260914,OT1_5,0,2,70FC22FC-0972-4261-99B3-226B15F00B33,2026-09-15 17:23:01.867,
40BBF0A7-92F4-459A-AD6E-806AF049B407,W6405,20260915,OT1_5,0,2,70FC22FC-0972-4261-99B3-226B15F00B33,2026-09-16 10:01:45.057,
48BDF7BC-C344-4256-9D9A-67FEE0FFB195,W6410,20260914,OT1_5,0,2,70FC22FC-0972-4261-99B3-226B15F00B33,2026-09-15 17:23:06.360,
2CCD6A43-9F47-40DA-9239-92FF6499B6B2,W6411,20260914,OT1_5,0,2,70FC22FC-0972-4261-99B3-226B15F00B33,2026-09-15 17:23:01.327,
CA469BFF-E094-4C38-9C0A-C84110D09916,W6411,20260915,OT1_5,0,2,70FC22FC-0972-4261-99B3-226B15F00B33,2026-09-16 10:01:43.340,
5BD29A58-BC53-4C7B-AE27-6AABD60FAF51,W6414,20260914,OT1_5,0,2,70FC22FC-0972-4261-99B3-226B15F00B33,2026-09-15 17:20:47.450,
73945FFE-970A-4F8B-B2E9-1B01D39C2E21,W6414,20260915,OT1_5,0,2,70FC22FC-0972-4261-99B3-226B15F00B33,2026-09-16 09:59:30.823,
41EC70D7-E3D8-465E-9602-206B2BD47798,W6415,20260914,OT1_5,0,2,70FC22FC-0972-4261-99B3-226B15F00B33,2026-09-15 17:20:41.927,
3E6F8B6B-34F3-4EB6-AE05-89F4A75D9511,W6415,20260915,OT1_5,0,2,70FC22FC-0972-4261-99B3-226B15F00B33,2026-09-16 09:59:29.490,
2C466EC3-951B-4BA2-93DC-D37E21DB7579,W6416,20260915,OT1_5,0,2,70FC22FC-0972-4261-99B3-226B15F00B33,2026-09-16 09:59:36.297,
9E0233D9-DD0C-4CC7-A17D-1096FED77662,W6420,20260914,OT1_5,0,2,70FC22FC-0972-4261-99B3-226B15F00B33,2026-09-15 17:21:00.033,
9F004220-889F-4C66-8179-5EF5437F2284,W6420,20260915,OT1_5,0,2,70FC22FC-0972-4261-99B3-226B15F00B33,2026-09-16 09:59:34.850,
FDD25351-BBD3-452D-99AB-98E1C9EAA6AA,W6422,20260914,OT1_5,0,2,70FC22FC-0972-4261-99B3-226B15F00B33,2026-09-15 17:20:55.917,
A2E10B4B-043B-4F4E-8210-26E6A4C851D8,W6422,20260915,OT1_5,0,2,70FC22FC-0972-4261-99B3-226B15F00B33,2026-09-16 09:59:35.443,
39B9BBAB-C127-4018-8D88-D51FE4C277A0,W6423,20260914,OT1_5,0,2,70FC22FC-0972-4261-99B3-226B15F00B33,2026-09-15 17:20:51.797,
39A4A40C-FA52-4D31-A95C-27770BC956FE,W6423,20260915,OT1_5,0,2,70FC22FC-0972-4261-99B3-226B15F00B33,2026-09-16 09:59:36.247,
7B6D182F-6AB1-4EBE-B218-8923F3159332,W6424,20260914,OT1_5,0,2,70FC22FC-0972-4261-99B3-226B15F00B33,2026-09-15 17:21:02.733,
CFFDBFC1-3946-4529-93E6-E90C850EBAC7,W6424,20260915,OT1_5,0,2,70FC22FC-0972-4261-99B3-226B15F00B33,2026-09-16 09:59:38.880,
2B274924-9219-4FFB-823F-BFC8821E0F4E,W6425,20260914,OT1_5,0,2,70FC22FC-0972-4261-99B3-226B15F00B33,2026-09-15 17:23:17.243,
5BEEC895-1CC8-43D7-B1F7-6738F1AC0E20,W6425,20260915,OT1_5,0,2,70FC22FC-0972-4261-99B3-226B15F00B33,2026-09-16 10:01:56.180,
8A14D1C6-99F0-4AAA-A9FE-B408E96D4ED8,W6427,20260914,OT1_5,0,2,70FC22FC-0972-4261-99B3-226B15F00B33,2026-09-15 17:23:09.267,
27B4EF64-A247-438F-BA2F-7DAF0D924C4C,W6427,20260915,OT1_5,0,2,70FC22FC-0972-4261-99B3-226B15F00B33,2026-09-16 10:01:53.617,
40D54ADB-A4E8-4212-AF7A-B8F7441CEAD1,W6428,20260914,OT1_5,0,2,70FC22FC-0972-4261-99B3-226B15F00B33,2026-09-15 17:20:58.683,
903A0976-1F87-4AD0-AB7C-54C70FA7E424,W6428,20260915,OT1_5,0,2,70FC22FC-0972-4261-99B3-226B15F00B33,2026-09-16 09:59:36.453,
2D30AD23-30F9-4A0C-A9E5-F786D457B089,W6430,20260914,OT1_5,0,2,70FC22FC-0972-4261-99B3-226B15F00B33,2026-09-15 17:23:07.577,
E338E24E-6C48-4557-B409-7ACB69B9444F,W6430,20260915,OT1_5,0,2,70FC22FC-0972-4261-99B3-226B15F00B33,2026-09-16 10:01:48.160,
4F6F2233-62DD-4465-B947-7A27B05E311B,W6431,20260914,OT1_5,0,2,70FC22FC-0972-4261-99B3-226B15F00B33,2026-09-15 17:23:02.653,
111BE311-2F3D-407A-A2E8-04280ECE1B57,W6431,20260915,OT1_5,0,2,70FC22FC-0972-4261-99B3-226B15F00B33,2026-09-16 10:01:44.523,
F85C32C8-71A2-407E-A81C-7A258CA6F38A,W6437,20260914,OT1_5,0,2,70FC22FC-0972-4261-99B3-226B15F00B33,2026-09-15 17:17:59.667,
450C8430-50AC-41F6-9CF2-8E92852CB1A7,W6438,20260914,OT1_5,0,2,70FC22FC-0972-4261-99B3-226B15F00B33,2026-09-15 17:18:08.037,
F9A8DC9A-829E-4065-B79A-E4EB894B80B7,W6439,20260915,OT1_5,0,2,70FC22FC-0972-4261-99B3-226B15F00B33,2026-09-16 09:56:55.010,
D7CED50C-9531-483B-853A-A360D583393D,W6440,20260914,OT1_5,0,2,70FC22FC-0972-4261-99B3-226B15F00B33,2026-09-15 17:18:01.133,
169EAE2C-E45F-44CF-A6A8-0022288E858F,W6441,20260914,OT1_5,0,2,70FC22FC-0972-4261-99B3-226B15F00B33,2026-09-15 17:18:07.983,
E3BC9EFD-03BA-4A77-98DB-9F5D15681D9B,W6447,20260914,OT1_5,0,2,70FC22FC-0972-4261-99B3-226B15F00B33,2026-09-15 17:18:01.440,
8D55D4C6-FEA4-4FE9-AAE9-624138EC14BA,W6447,20260915,OT1_5,0,2,70FC22FC-0972-4261-99B3-226B15F00B33,2026-09-16 09:56:54.530,
50BA00A0-F593-465C-811E-87C858E19F63,W6448,20260914,OT1_5,0,2,70FC22FC-0972-4261-99B3-226B15F00B33,2026-09-15 17:18:00.367,
E10900B2-A25D-4DE0-AA86-90BD7FDC9DCB,W6448,20260915,OT1_5,0,2,70FC22FC-0972-4261-99B3-226B15F00B33,2026-09-16 09:56:53.343,
12371A9B-8197-4916-8505-0ABD4896DDD4,W6449,20260914,OT1_5,0,2,70FC22FC-0972-4261-99B3-226B15F00B33,2026-09-15 17:17:54.573,
9616A481-6288-4B65-9063-596ABCA6110E,W6452,20260914,OT1_5,0,2,70FC22FC-0972-4261-99B3-226B15F00B33,2026-09-15 17:18:05.610,
5598A67F-E76A-4B08-A259-D6D96DDB03A4,W6453,20260914,OT1_5,0,2,70FC22FC-0972-4261-99B3-226B15F00B33,2026-09-15 17:23:02.900,
5AB73C3F-5F2D-42E8-8BBE-FCB1777E9B9D,W6453,20260915,OT1_5,0,2,70FC22FC-0972-4261-99B3-226B15F00B33,2026-09-16 10:01:42.690,
3F930146-7E10-4AAA-BE6C-A125F57172D6,W6455,20260914,OT1_5,0,2,70FC22FC-0972-4261-99B3-226B15F00B33,2026-09-15 17:23:07.213,
52F55439-C062-4C68-91A3-F21AC6227762,W6455,20260915,OT1_5,0,2,70FC22FC-0972-4261-99B3-226B15F00B33,2026-09-16 10:01:50.283,
EC0D06F1-220A-4F1D-A2E4-2865AA6DF123,W6459,20260914,OT1_5,0,2,70FC22FC-0972-4261-99B3-226B15F00B33,2026-09-15 17:23:09.060,
8002B3B0-C28C-4F86-AA5D-4333C73F1CF9,W6459,20260915,OT1_5,0,2,70FC22FC-0972-4261-99B3-226B15F00B33,2026-09-16 10:01:44.930,
2F90D2EB-3F44-48D4-B795-42FC1913B8C3,W6460,20260914,OT1_5,0,2,70FC22FC-0972-4261-99B3-226B15F00B33,2026-09-15 17:23:12.117,
ECF4FB3B-7B1E-4B78-A028-106CE9FDA3F2,W6460,20260915,OT1_5,0,2,70FC22FC-0972-4261-99B3-226B15F00B33,2026-09-16 10:01:51.960,
E80438DD-4735-458C-89AE-8A26B4779F9F,W6461,20260914,OT1_5,0,2,70FC22FC-0972-4261-99B3-226B15F00B33,2026-09-15 17:23:02.093,
80FE29EF-A0C1-4893-8C82-E090522A81CD,W6461,20260915,OT1_5,0,2,70FC22FC-0972-4261-99B3-226B15F00B33,2026-09-16 10:01:42.870,
0D284437-E6DA-43AF-94CD-6B239208629C,W6462,20260914,OT1_5,0,2,70FC22FC-0972-4261-99B3-226B15F00B33,2026-09-15 17:23:11.090,
2E88BFB0-447D-4905-A065-DE06882054E7,W6462,20260915,OT1_5,0,2,70FC22FC-0972-4261-99B3-226B15F00B33,2026-09-16 10:01:51.713,
6A367211-80C1-45C1-8579-DAFF51798712,W6463,20260914,OT1_5,0,2,70FC22FC-0972-4261-99B3-226B15F00B33,2026-09-15 17:23:14.313,
23CCC0E1-E615-4495-B437-6A586AB94CBE,W6464,20260914,OT1_5,0,2,70FC22FC-0972-4261-99B3-226B15F00B33,2026-09-15 17:23:05.587,
9413B593-0158-4049-8ECA-3949D82D5952,W6465,20260914,OT1_5,0,2,70FC22FC-0972-4261-99B3-226B15F00B33,2026-09-15 17:23:12.933,
E8ECC159-3906-482C-A79B-01CEA8ABAA23,W6465,20260915,OT1_5,0,2,70FC22FC-0972-4261-99B3-226B15F00B33,2026-09-16 10:01:52.890,
AD282E49-FA1B-455F-9F8E-9C0A81D72586,W6466,20260914,OT1_5,0,2,70FC22FC-0972-4261-99B3-226B15F00B33,2026-09-15 17:23:11.023,
461929AB-7740-4266-B4E4-A240FDBD8E0D,W6466,20260915,OT1_5,0,2,70FC22FC-0972-4261-99B3-226B15F00B33,2026-09-16 10:01:53.513,
94A4C127-9B2B-4206-9B06-FB34D2125782,W6468,20260914,OT1_5,0,2,70FC22FC-0972-4261-99B3-226B15F00B33,2026-09-15 17:23:05.213,
6123EB55-F53B-4B32-8A02-0822A23BD3D8,W6468,20260915,OT1_5,0,2,70FC22FC-0972-4261-99B3-226B15F00B33,2026-09-16 10:01:43.310,
263B3380-67E5-4214-AAB2-3EA6D6FBA698,W6469,20260914,OT1_5,0,2,70FC22FC-0972-4261-99B3-226B15F00B33,2026-09-15 17:23:04.260,
11312113-206F-4E8A-9A4F-8DC356512ECA,W6469,20260915,OT1_5,0,2,70FC22FC-0972-4261-99B3-226B15F00B33,2026-09-16 10:01:45.513,
260531FE-2092-4345-BEAD-29DAD32DABF2,W6470,20260914,OT1_5,0,2,70FC22FC-0972-4261-99B3-226B15F00B33,2026-09-15 17:23:14.520,
C7791B7F-A849-4BE9-9940-084361C18AFE,W6470,20260915,OT1_5,0,2,70FC22FC-0972-4261-99B3-226B15F00B33,2026-09-16 10:01:55.413,
80B35B18-98C6-41CE-9E47-73F5B842B471,W6471,20260914,OT1_5,0,2,70FC22FC-0972-4261-99B3-226B15F00B33,2026-09-15 17:17:53.560,
C6711327-B632-4659-A959-CD2FAC829FEC,W6471,20260915,OT1_5,0,2,70FC22FC-0972-4261-99B3-226B15F00B33,2026-09-16 09:56:56.950,
98ED60E3-513E-4106-846C-6BC206A0C638,W6474,20260914,OT1_5,0,2,70FC22FC-0972-4261-99B3-226B15F00B33,2026-09-15 17:18:11.707,
05805ECD-AA76-4C52-B681-3D95FEC1A16D,W6474,20260915,OT1_5,0,2,70FC22FC-0972-4261-99B3-226B15F00B33,2026-09-16 09:56:58.743,
971F38EE-556C-4315-BC52-9EBD4280E187,W6475,20260914,OT1_5,0,2,70FC22FC-0972-4261-99B3-226B15F00B33,2026-09-15 17:18:08.837,
9F89E822-E654-42E1-9016-C89F71574932,W6475,20260915,OT1_5,0,2,70FC22FC-0972-4261-99B3-226B15F00B33,2026-09-16 09:56:57.957,
47AA2924-1115-4842-B538-09ABAA766E06,W6477,20260914,OT1_5,0,2,70FC22FC-0972-4261-99B3-226B15F00B33,2026-09-15 17:17:55.033,
5AAB0C57-E3A2-4FEA-84EF-49FC5FB75348,W6478,20260914,OT1_5,0,2,70FC22FC-0972-4261-99B3-226B15F00B33,2026-09-15 17:17:55.793,
B54A1CEB-DC5E-4595-8FC7-7C59658510C9,W6479,20260914,OT1_5,0,2,70FC22FC-0972-4261-99B3-226B15F00B33,2026-09-15 17:17:55.013,
7150D3B1-3A2B-48DF-B6B5-03EFAB212FB2,W6479,20260915,OT1_5,0,2,70FC22FC-0972-4261-99B3-226B15F00B33,2026-09-16 09:56:54.350,
CC01C97E-595A-4CFF-8576-C9DEC114E7C8,W6481,20260914,OT1_5,0,2,70FC22FC-0972-4261-99B3-226B15F00B33,2026-09-15 17:18:06.477,
F4BC9E27-3029-4F71-9E10-F444F4E054E0,W6481,20260915,OT1_5,0,2,70FC22FC-0972-4261-99B3-226B15F00B33,2026-09-16 09:56:54.340,
A63C55DE-B19D-4F17-A49F-5CE63985208F,W6482,20260914,OT1_5,0,2,70FC22FC-0972-4261-99B3-226B15F00B33,2026-09-15 17:18:10.413,
FB8B516F-E139-4A89-B24E-BB9B14A70CB5,W6487,20260914,OT1_5,0,2,70FC22FC-0972-4261-99B3-226B15F00B33,2026-09-15 17:20:42.797,
D21EFFC8-8871-452D-A2E9-E448961B20D7,W6487,20260915,OT1_5,0,2,70FC22FC-0972-4261-99B3-226B15F00B33,2026-09-16 09:59:30.503,
AC3F0815-AEBB-4870-9353-2AFAC90A66BD,W6489,20260914,OT1_5,0,2,70FC22FC-0972-4261-99B3-226B15F00B33,2026-09-15 17:20:51.093,
F77E4684-5FD6-4133-827C-75ACC45C8683,W6489,20260915,OT1_5,0,2,70FC22FC-0972-4261-99B3-226B15F00B33,2026-09-16 09:59:32.873,
F3346CDC-D23C-4617-A463-72BD22ECD804,W6494,20260914,OT1_5,0,2,70FC22FC-0972-4261-99B3-226B15F00B33,2026-09-15 17:20:58.783,
E471CF1E-2C85-43E7-8820-67503D916AC3,W6494,20260915,OT1_5,0,2,70FC22FC-0972-4261-99B3-226B15F00B33,2026-09-16 09:59:37.527,
EAD6AA7F-EE48-476E-ABCF-519F84F25EED,W6495,20260915,OT1_5,0,2,70FC22FC-0972-4261-99B3-226B15F00B33,2026-09-16 09:59:31.193,
52161018-98BE-4713-A2EA-40F69C70E3FC,W6496,20260914,OT1_5,0,2,70FC22FC-0972-4261-99B3-226B15F00B33,2026-09-15 17:20:55.410,
468C7E5C-4C8F-428B-ACD3-A379C8857726,W6496,20260915,OT1_5,0,2,70FC22FC-0972-4261-99B3-226B15F00B33,2026-09-16 09:59:37.517,
FDB3B503-B7F9-48FA-AEE2-82F908DD96D6,W6497,20260914,OT1_5,0,2,70FC22FC-0972-4261-99B3-226B15F00B33,2026-09-15 17:20:42.410,
F1C80820-782C-47D1-A528-11788CFA171A,W6498,20260914,OT1_5,0,2,70FC22FC-0972-4261-99B3-226B15F00B33,2026-09-15 17:21:00.417,
9645DDB5-CF59-49E5-9CC8-9F08AA4C213C,W6498,20260915,OT1_5,0,2,70FC22FC-0972-4261-99B3-226B15F00B33,2026-09-16 09:59:37.497,
4D46A6B7-5EC0-453F-B479-301090EC744A,W6499,20260914,OT1_5,0,2,70FC22FC-0972-4261-99B3-226B15F00B33,2026-09-15 17:21:03.263,
27DCBCB7-A189-4DCF-8763-FAF369B1791C,W6499,20260915,OT1_5,0,2,70FC22FC-0972-4261-99B3-226B15F00B33,2026-09-16 09:59:38.270,
14F73723-FA3A-4269-BE1C-92DC906AC662,W6500,20260914,OT1_5,0,2,70FC22FC-0972-4261-99B3-226B15F00B33,2026-09-15 17:20:57.050,
8F7AB350-C67B-4FBB-87B4-39B657EFC605,W6501,20260914,OT1_5,0,2,70FC22FC-0972-4261-99B3-226B15F00B33,2026-09-15 17:20:48.423,
8CB10D97-75EB-4F66-AF8E-3B77E4092ADB,W6501,20260915,OT1_5,0,2,70FC22FC-0972-4261-99B3-226B15F00B33,2026-09-16 09:59:33.017,
537E529C-12EC-4FE3-BF09-9FFF3C29707F,W6502,20260914,OT1_5,0,2,70FC22FC-0972-4261-99B3-226B15F00B33,2026-09-15 17:23:13.270,
ADB244B0-A226-4689-8E47-51ABC2FCC85A,W6502,20260915,OT1_5,0,2,70FC22FC-0972-4261-99B3-226B15F00B33,2026-09-16 10:01:53.387,
7E9B3068-A070-43C0-A7A5-202A1091A8EF,W6503,20260914,OT1_5,0,2,70FC22FC-0972-4261-99B3-226B15F00B33,2026-09-15 17:20:51.650,
177678BC-455A-4753-8BC1-6AF9AAE88864,W6503,20260915,OT1_5,0,2,70FC22FC-0972-4261-99B3-226B15F00B33,2026-09-16 09:59:34.243,
68F479D9-581D-417C-B5B2-01C6E8C79CA8,W6504,20260914,OT1_5,0,2,70FC22FC-0972-4261-99B3-226B15F00B33,2026-09-15 17:21:04.260,
C024464E-4E39-4939-A07F-FEB673235DB7,W6504,20260915,OT1_5,0,2,70FC22FC-0972-4261-99B3-226B15F00B33,2026-09-16 09:59:38.330,
9B2A5879-D26C-4AED-A23B-76E4E53830AF,W6505,20260914,OT1_5,0,2,70FC22FC-0972-4261-99B3-226B15F00B33,2026-09-15 17:21:02.353,
F631DEB9-A701-496F-942D-2C3CDEA83AA8,W6505,20260915,OT1_5,0,2,70FC22FC-0972-4261-99B3-226B15F00B33,2026-09-16 09:59:39.933,
57B54FE7-3A79-4EB5-86BC-69BF9DE43BE0,W6506,20260914,OT1_5,0,2,70FC22FC-0972-4261-99B3-226B15F00B33,2026-09-15 17:20:53.957,
EB53CD8B-31B4-4873-9F03-2D5AFB87891D,W6506,20260915,OT1_5,0,2,70FC22FC-0972-4261-99B3-226B15F00B33,2026-09-16 09:59:37.547,
0EA8B936-06DC-4844-B275-911FB8FDFA89,W6507,20260914,OT1_5,0,2,70FC22FC-0972-4261-99B3-226B15F00B33,2026-09-15 17:20:44.450,
2301CCDD-10FC-4438-8951-E3FBB08DF5F7,W6508,20260914,OT1_5,0,2,70FC22FC-0972-4261-99B3-226B15F00B33,2026-09-15 17:21:06.183,
98948620-4393-484A-A9A5-EDCCF6192D23,W6508,20260915,OT1_5,0,2,70FC22FC-0972-4261-99B3-226B15F00B33,2026-09-16 09:59:34.273,
434511EA-C0BC-4040-9D75-46BEFBE1D951,W6510,20260914,OT1_5,0,2,70FC22FC-0972-4261-99B3-226B15F00B33,2026-09-15 17:20:53.943,
5E45A6AF-FFDC-4D43-842D-F8AE69CEE56A,W6510,20260915,OT1_5,0,2,70FC22FC-0972-4261-99B3-226B15F00B33,2026-09-16 09:59:38.387,
E3370561-883C-49F3-A4AF-BD6F93E86721,W6512,20260914,OT1_5,0,2,70FC22FC-0972-4261-99B3-226B15F00B33,2026-09-15 17:20:51.180,
E0A4A493-3939-402A-8E31-2DAE2005D606,W6512,20260915,OT1_5,0,2,70FC22FC-0972-4261-99B3-226B15F00B33,2026-09-16 09:59:35.297,
06FDB03D-33A4-4962-8BAA-491898E12DED,W6513,20260914,OT1_5,0,2,70FC22FC-0972-4261-99B3-226B15F00B33,2026-09-15 17:20:55.793,
5A296E25-C695-4F1A-AA6A-8D72A4BC2A28,W6513,20260915,OT1_5,0,2,70FC22FC-0972-4261-99B3-226B15F00B33,2026-09-16 09:59:39.617,
91ED40F2-4304-4241-9D5D-7920B3386E4D,W6519,20260914,OT1_5,0,2,70FC22FC-0972-4261-99B3-226B15F00B33,2026-09-15 17:18:00.887,
D2617A28-5407-4FF8-AB45-0EBD2D1F4525,W6533,20260914,OT1_5,0,2,70FC22FC-0972-4261-99B3-226B15F00B33,2026-09-15 17:23:01.403,
9D95D538-FFDF-431C-AE24-64AD637C225F,W6533,20260915,OT1_5,0,2,70FC22FC-0972-4261-99B3-226B15F00B33,2026-09-16 10:01:45.690,
121AA4E0-CBD2-48B5-A206-A54E4A96E22D,W6537,20260914,OT1_5,0,2,70FC22FC-0972-4261-99B3-226B15F00B33,2026-09-15 17:23:03.390,
D83AFD2E-23F8-4FC2-820D-B543CE9156F4,W6537,20260915,OT1_5,0,2,70FC22FC-0972-4261-99B3-226B15F00B33,2026-09-16 10:01:43.963,
CE1859B3-C25A-48BF-8EE7-41D3BD6DE2FA,W6538,20260914,OT1_5,0,2,70FC22FC-0972-4261-99B3-226B15F00B33,2026-09-15 17:23:07.103,
F10A251C-2B91-4B61-B104-7EFB43D198C9,W6538,20260915,OT1_5,0,2,70FC22FC-0972-4261-99B3-226B15F00B33,2026-09-16 10:01:42.890,
527E9973-B65C-4342-B166-406137C1EC84,W6540,20260914,OT1_5,0,2,70FC22FC-0972-4261-99B3-226B15F00B33,2026-09-15 17:23:10.753,
1C2D1CEF-9418-4650-8334-AF2AA3E26673,W6540,20260915,OT1_5,0,2,70FC22FC-0972-4261-99B3-226B15F00B33,2026-09-16 10:01:50.637,
6119D6D3-682C-4A0A-934F-EBBDE4152999,W6542,20260914,OT1_5,0,2,70FC22FC-0972-4261-99B3-226B15F00B33,2026-09-15 17:23:12.780,
F4079116-3FB9-4DEF-B8FF-218EC913C9F8,W6542,20260915,OT1_5,0,2,70FC22FC-0972-4261-99B3-226B15F00B33,2026-09-16 10:01:53.717,
67D9ABFB-4AD2-46DE-B105-8E7CD3ED0066,W6544,20260914,OT1_5,0,2,70FC22FC-0972-4261-99B3-226B15F00B33,2026-09-15 17:21:36.413,
1AAEE479-DCDE-4956-A7BA-F2BF6003D559,W6548,20260914,OT1_5,0,2,70FC22FC-0972-4261-99B3-226B15F00B33,2026-09-15 17:20:55.950,
D4A65A70-D8BF-4A04-A124-09D1EA27D553,W6548,20260915,OT1_5,0,2,70FC22FC-0972-4261-99B3-226B15F00B33,2026-09-16 09:59:39.147,
B482E278-1079-41E1-96CB-78359FF6EE48,W6549,20260914,OT1_5,0,2,70FC22FC-0972-4261-99B3-226B15F00B33,2026-09-15 17:18:08.793,
CF8F253C-6680-4A0B-A921-8EE074E21323,W6550,20260914,OT1_5,0,2,70FC22FC-0972-4261-99B3-226B15F00B33,2026-09-15 17:18:01.200,
D5261030-42A7-4C99-A515-F49E7906CC7F,W6551,20260914,OT1_5,0,2,70FC22FC-0972-4261-99B3-226B15F00B33,2026-09-15 17:18:02.867,
B326FBEE-EF15-4F92-8008-178245D02512,W6551,20260915,OT1_5,0,2,70FC22FC-0972-4261-99B3-226B15F00B33,2026-09-16 09:56:54.513,
8B7B1D97-04B5-4A03-A011-1E228ACB8F57,W6552,20260914,OT1_5,0,1.5,70FC22FC-0972-4261-99B3-226B15F00B33,2026-09-15 17:21:06.543,
D674B29C-9210-41E6-9776-2D9F960FBBC9,W6552,20260915,OT1_5,0,1.5,70FC22FC-0972-4261-99B3-226B15F00B33,2026-09-16 09:59:28.363,
EF2DBC53-7300-442A-BBC8-5B087523F2EF,W6553,20260914,OT1_5,0,2,70FC22FC-0972-4261-99B3-226B15F00B33,2026-09-15 17:18:02.920,
542C5A33-63BD-41C8-BCDB-4DB269F11ED5,W6557,20260914,OT1_5,0,2,70FC22FC-0972-4261-99B3-226B15F00B33,2026-09-15 17:18:01.603,
8355203E-D301-4415-90C5-51D6A7E032F8,W6559,20260914,OT1_5,0,2,70FC22FC-0972-4261-99B3-226B15F00B33,2026-09-15 17:17:58.480,
F3B6CE20-2248-4A6F-BE0D-C3EB9E6DB675,W6559,20260915,OT1_5,0,2,70FC22FC-0972-4261-99B3-226B15F00B33,2026-09-16 09:56:53.073,
38F6D85E-91DD-4E7F-8863-F9A51698D7B7,W6560,20260914,OT1_5,0,1.5,70FC22FC-0972-4261-99B3-226B15F00B33,2026-09-15 17:21:06.473,
3E563D34-6D71-48C1-B5FD-135575DDB988,W6560,20260915,OT1_5,0,1.5,70FC22FC-0972-4261-99B3-226B15F00B33,2026-09-16 09:59:28.317,
37E392DC-1AEC-448D-B924-649EB449586D,W6561,20260914,OT1_5,0,2,70FC22FC-0972-4261-99B3-226B15F00B33,2026-09-15 17:17:54.027,
3E060943-95E6-4F85-A468-4FE0CDAE5426,W6562,20260914,OT1_5,0,2,70FC22FC-0972-4261-99B3-226B15F00B33,2026-09-15 17:18:07.343,
CD6DCBF7-EFE4-45C4-9368-E27C997E53C0,W6562,20260915,OT1_5,0,2,70FC22FC-0972-4261-99B3-226B15F00B33,2026-09-16 09:56:56.820,
7736394E-EDAE-4DFF-A95E-A9F8E8408218,W6563,20260914,OT1_5,0,2,70FC22FC-0972-4261-99B3-226B15F00B33,2026-09-15 17:18:11.247,
0DE6A5A4-32AC-405E-90FC-9489DB15FC06,W6563,20260915,OT1_5,0,2,70FC22FC-0972-4261-99B3-226B15F00B33,2026-09-16 09:56:58.593,
D3AF4A05-3288-4903-A425-221B923497C0,W6564,20260914,OT1_5,0,2,70FC22FC-0972-4261-99B3-226B15F00B33,2026-09-15 17:21:35.290,
C2009CB8-E5C8-4A72-8FEC-BD4447CD4998,W6564,20260915,OT1_5,0,2,70FC22FC-0972-4261-99B3-226B15F00B33,2026-09-16 10:00:13.733,
1EFE065A-70C6-44A6-BD7E-0B3C509F6AF6,W6565,20260914,OT1_5,0,2,70FC22FC-0972-4261-99B3-226B15F00B33,2026-09-15 17:23:04.943,
8D5A75EE-E95D-482A-82E1-D45A9A352C70,W6565,20260915,OT1_5,0,2,70FC22FC-0972-4261-99B3-226B15F00B33,2026-09-16 10:01:43.900,
4BEC037D-3460-443B-9CEF-7C783B8DB4E2,W6566,20260914,OT1_5,0,2,70FC22FC-0972-4261-99B3-226B15F00B33,2026-09-15 17:21:36.087,
D68EF489-9BB5-4512-BCC2-029279BE793B,W6566,20260915,OT1_5,0,2,70FC22FC-0972-4261-99B3-226B15F00B33,2026-09-16 10:00:13.060,
6DBA1953-78A5-4570-A4BA-EF776EB051D0,W6567,20260914,OT1_5,0,2,70FC22FC-0972-4261-99B3-226B15F00B33,2026-09-15 17:21:35.367,
E5C7FD1A-4152-4240-89B5-74E59B4E7E1B,W6567,20260915,OT1_5,0,2,70FC22FC-0972-4261-99B3-226B15F00B33,2026-09-16 10:00:13.247,
D3C2CDFC-1A78-4FE2-A23A-3F60E99790C7,W6568,20260914,OT1_5,0,2,70FC22FC-0972-4261-99B3-226B15F00B33,2026-09-15 17:21:36.297,
B951C710-BF72-4E4A-8780-A0DAF85B64DD,W6568,20260915,OT1_5,0,2,70FC22FC-0972-4261-99B3-226B15F00B33,2026-09-16 10:00:12.923,
5E127015-8D55-4B2D-86AB-B7DE0472BD08,W6571,20260914,OT1_5,0,2,70FC22FC-0972-4261-99B3-226B15F00B33,2026-09-15 17:23:11.713,
4C6FF133-D5A2-4653-AB6E-305AEE094AC5,W6571,20260915,OT1_5,0,2,70FC22FC-0972-4261-99B3-226B15F00B33,2026-09-16 10:01:52.293,
69CA8336-F2C9-4DA0-8BD2-CB7848B0EEED,W6572,20260914,OT1_5,0,2,70FC22FC-0972-4261-99B3-226B15F00B33,2026-09-15 17:23:14.190,
DA22F145-0078-4039-A178-3F0E3ABA3751,W6572,20260915,OT1_5,0,2,70FC22FC-0972-4261-99B3-226B15F00B33,2026-09-16 10:01:53.273,
D289E44F-45F4-4039-B953-8D4385F4B3BE,W6573,20260915,OT1_5,0,2,70FC22FC-0972-4261-99B3-226B15F00B33,2026-09-16 10:00:13.607,
26FA07FB-53AE-4D1C-B62A-29D4B45FA2C5,W6574,20260914,OT1_5,0,2,70FC22FC-0972-4261-99B3-226B15F00B33,2026-09-15 17:21:36.110,
8186BEC3-438B-4585-8A2D-6C81029639B5,W6574,20260915,OT1_5,0,2,70FC22FC-0972-4261-99B3-226B15F00B33,2026-09-16 10:00:13.083,
77F6EF47-41B1-40F2-8402-C9B7D4CD2370,W6575,20260914,OT1_5,0,2,70FC22FC-0972-4261-99B3-226B15F00B33,2026-09-15 17:21:35.037,
20B2A582-99E5-4E9E-B7C0-56FEB9AD4B62,W6576,20260914,OT1_5,0,2,70FC22FC-0972-4261-99B3-226B15F00B33,2026-09-15 17:21:36.527,
9E86BE8E-2C35-4FE4-85E7-281E63DEC033,W6576,20260915,OT1_5,0,2,70FC22FC-0972-4261-99B3-226B15F00B33,2026-09-16 10:00:12.263,
BA521C95-470D-4A01-A28E-C117C06D479C,W6581,20260915,OT1_5,0,2,70FC22FC-0972-4261-99B3-226B15F00B33,2026-09-16 10:01:50.423,
9126DA91-42A0-444F-AB6A-C5D296EB9F2B,W6583,20260914,OT1_5,0,2,70FC22FC-0972-4261-99B3-226B15F00B33,2026-09-15 17:23:14.180,
99736B05-4C8C-4F62-8EA7-D9C774609921,W6584,20260914,OT1_5,0,2,70FC22FC-0972-4261-99B3-226B15F00B33,2026-09-15 17:23:02.953,
08808ED8-28B5-43BF-B8E0-E23E5175E027,W6585,20260914,OT1_5,0,2,70FC22FC-0972-4261-99B3-226B15F00B33,2026-09-15 17:23:04.930,
0C4A08A8-C537-4368-8261-63CBD94329DE,W6585,20260915,OT1_5,0,2,70FC22FC-0972-4261-99B3-226B15F00B33,2026-09-16 10:01:52.780,
9250FAE2-7DAC-4B77-A43A-C8717FFBF990,W6586,20260914,OT1_5,0,2,70FC22FC-0972-4261-99B3-226B15F00B33,2026-09-15 17:23:13.110,
62638265-CC31-47EE-8E07-26673A47F9E6,W6586,20260915,OT1_5,0,2,70FC22FC-0972-4261-99B3-226B15F00B33,2026-09-16 10:01:53.693,
5795CF26-34D6-41FD-80B4-CB86564C1A19,W6587,20260914,OT1_5,0,2,70FC22FC-0972-4261-99B3-226B15F00B33,2026-09-15 17:23:04.777,
C504C08D-831F-41AD-BDFA-7A61BA8C0405,W6587,20260915,OT1_5,0,2,70FC22FC-0972-4261-99B3-226B15F00B33,2026-09-16 10:01:43.670,
1BDCB881-632F-45CD-8DDB-BBD610F85D19,W6588,20260914,OT1_5,0,2,70FC22FC-0972-4261-99B3-226B15F00B33,2026-09-15 17:23:14.537,
46157B59-9BA1-4563-A64C-766714422E81,W6588,20260915,OT1_5,0,2,70FC22FC-0972-4261-99B3-226B15F00B33,2026-09-16 10:01:54.900,
7D6476A2-5114-40DC-A11E-44C68EBEB8ED,W6589,20260914,OT1_5,0,2,70FC22FC-0972-4261-99B3-226B15F00B33,2026-09-15 17:23:13.343,
12D8ED5D-222A-4B7E-80F2-59A68FC09E95,W6590,20260914,OT1_5,0,2,70FC22FC-0972-4261-99B3-226B15F00B33,2026-09-15 17:23:13.833,
33C2DB35-ECCD-47FC-A307-F8650568C545,W6590,20260915,OT1_5,0,2,70FC22FC-0972-4261-99B3-226B15F00B33,2026-09-16 10:01:53.580,
50498132-8EFD-49D9-9CDC-C2F193197F7E,W6591,20260914,OT1_5,0,2,70FC22FC-0972-4261-99B3-226B15F00B33,2026-09-15 17:23:01.610,
A0C4BCEE-FC69-4EF9-A4A2-12B15F5222E9,W6591,20260915,OT1_5,0,2,70FC22FC-0972-4261-99B3-226B15F00B33,2026-09-16 10:01:44.310,
E4E0BE97-2F14-4625-94AB-C8F4E1E2C72D,W6592,20260914,OT1_5,0,2,70FC22FC-0972-4261-99B3-226B15F00B33,2026-09-15 17:23:01.593,
F358E604-F506-4ECA-978E-17AAA5E77BF2,W6593,20260914,OT1_5,0,2,70FC22FC-0972-4261-99B3-226B15F00B33,2026-09-15 17:23:13.150,
71AD591B-7028-4674-A939-43BE93161061,W6593,20260915,OT1_5,0,2,70FC22FC-0972-4261-99B3-226B15F00B33,2026-09-16 10:01:53.727,
AFA22D71-8143-4EFB-B696-909E90A326FD,W6594,20260914,OT1_5,0,2,70FC22FC-0972-4261-99B3-226B15F00B33,2026-09-15 17:23:09.243,
7BDD82F0-F173-474A-AA9C-5F6CFB32335A,W6594,20260915,OT1_5,0,2,70FC22FC-0972-4261-99B3-226B15F00B33,2026-09-16 10:01:51.973,
E0CC976C-13D4-4E51-91D2-FCC83A68909D,W6595,20260915,OT1_5,0,2,70FC22FC-0972-4261-99B3-226B15F00B33,2026-09-16 09:59:36.443,
D33538DD-81A0-4D4A-8D6B-CB4E2EB38118,W6596,20260914,OT1_5,0,2,70FC22FC-0972-4261-99B3-226B15F00B33,2026-09-15 17:20:46.360,
A7D2E1E0-8D2D-4648-A033-29E1504EF1B3,W6596,20260915,OT1_5,0,2,70FC22FC-0972-4261-99B3-226B15F00B33,2026-09-16 09:59:34.823,
8D018EC1-5FC2-45E3-9144-015ED0FD07FB,W6600,20260914,OT1_5,0,2,70FC22FC-0972-4261-99B3-226B15F00B33,2026-09-15 17:20:59.613,
87712A17-3C27-4790-8282-56C9D8693C52,W6600,20260915,OT1_5,0,2,70FC22FC-0972-4261-99B3-226B15F00B33,2026-09-16 09:59:38.720,
D99FDA70-E757-4521-802F-19D71C772051,W6601,20260914,OT1_5,0,2,70FC22FC-0972-4261-99B3-226B15F00B33,2026-09-15 17:21:05.937,
0E498A62-9CB6-4630-BEE5-6A8270480FD1,W6602,20260914,OT1_5,0,2,70FC22FC-0972-4261-99B3-226B15F00B33,2026-09-15 17:20:50.300,
82761C68-7EFB-4D89-BB73-369032A57583,W6602,20260915,OT1_5,0,2,70FC22FC-0972-4261-99B3-226B15F00B33,2026-09-16 09:59:35.113,
FF09CEA6-9857-4493-A88F-9B38EE9A2CA6,W6603,20260914,OT1_5,0,2,70FC22FC-0972-4261-99B3-226B15F00B33,2026-09-15 17:21:03.090,
DD3416D9-D700-4614-8D97-7EADAE5D5C99,W6603,20260915,OT1_5,0,2,70FC22FC-0972-4261-99B3-226B15F00B33,2026-09-16 09:59:37.953,
32176BCF-7BF8-49E5-B924-166D400FF3E1,W6604,20260914,OT1_5,0,2,70FC22FC-0972-4261-99B3-226B15F00B33,2026-09-15 17:20:57.697,
4A3EDD66-3F8D-4CA8-9595-DBB330500C98,W6605,20260915,OT1_5,0,2,70FC22FC-0972-4261-99B3-226B15F00B33,2026-09-16 09:59:37.943,
FCE8B9B1-6F2B-440A-8485-7FDB9324BA4D,W6606,20260914,OT1_5,0,2,70FC22FC-0972-4261-99B3-226B15F00B33,2026-09-15 17:20:50.520,
93AB01D3-8CEA-479D-8CEB-2108007C57FB,W6606,20260915,OT1_5,0,2,70FC22FC-0972-4261-99B3-226B15F00B33,2026-09-16 09:59:37.937,
D34190A8-2BBE-4700-82F5-ACDC96C2AA26,W6607,20260914,OT1_5,0,2,70FC22FC-0972-4261-99B3-226B15F00B33,2026-09-15 17:20:49.117,
CD1F23A4-9BAA-4AA5-A51B-40EBD0DD3E9B,W6607,20260915,OT1_5,0,2,70FC22FC-0972-4261-99B3-226B15F00B33,2026-09-16 09:59:33.860,
C455E4DB-3EAD-44C0-BAC7-437BB07EBF31,W6608,20260914,OT1_5,0,2,70FC22FC-0972-4261-99B3-226B15F00B33,2026-09-15 17:21:01.453,
BE83CEC8-A137-4D75-8626-133CCD805154,W6608,20260915,OT1_5,0,2,70FC22FC-0972-4261-99B3-226B15F00B33,2026-09-16 09:59:38.577,
EEE34A9F-4074-42E3-9829-B87ED8B97EA6,W6609,20260914,OT1_5,0,2,70FC22FC-0972-4261-99B3-226B15F00B33,2026-09-15 17:23:10.167,
1535D622-05E0-44C6-880F-122E990B19A0,W6609,20260915,OT1_5,0,2,70FC22FC-0972-4261-99B3-226B15F00B33,2026-09-16 10:01:50.660,
1127EB2D-B337-4D2C-8D43-00D86FD19BE5,W6610,20260914,OT1_5,0,2,70FC22FC-0972-4261-99B3-226B15F00B33,2026-09-15 17:23:04.047,
74F5D592-6242-45FA-A3D9-6E72885A5D39,W6610,20260915,OT1_5,0,2,70FC22FC-0972-4261-99B3-226B15F00B33,2026-09-16 10:01:47.343,
C870D34D-B1C9-4E6C-9B2F-AD16D47F59F7,W6611,20260914,OT1_5,0,2,70FC22FC-0972-4261-99B3-226B15F00B33,2026-09-15 17:23:10.143,
1476661A-C904-4773-8B05-E13DB3191EC3,W6611,20260915,OT1_5,0,2,70FC22FC-0972-4261-99B3-226B15F00B33,2026-09-16 10:01:50.820,
287DCF1B-39BC-4093-A2D7-E82982D791A2,W6612,20260914,OT1_5,0,2,70FC22FC-0972-4261-99B3-226B15F00B33,2026-09-15 17:23:12.193,
1E626D1B-F4D8-47E7-8737-AE855D7E1491,W6612,20260915,OT1_5,0,2,70FC22FC-0972-4261-99B3-226B15F00B33,2026-09-16 10:01:53.060,
13FDF2FA-2188-4626-9144-4E8CD20C406A,W6613,20260914,OT1_5,0,2,70FC22FC-0972-4261-99B3-226B15F00B33,2026-09-15 17:23:12.623,
702FEF6C-DC14-4E11-B881-622A1D7048F5,W6613,20260915,OT1_5,0,2,70FC22FC-0972-4261-99B3-226B15F00B33,2026-09-16 10:01:43.840,
2DCF8C3B-8E44-4CFE-A9AB-89B0809F41AD,W6614,20260914,OT1_5,0,2,70FC22FC-0972-4261-99B3-226B15F00B33,2026-09-15 17:23:10.693,
0CB22FEC-E24A-4D96-8875-9CE8DFFA5870,W6614,20260915,OT1_5,0,2,70FC22FC-0972-4261-99B3-226B15F00B33,2026-09-16 10:01:52.187,
352FB8D3-F42D-4E83-BB38-EB13C6C70343,W6615,20260914,OT1_5,0,2,70FC22FC-0972-4261-99B3-226B15F00B33,2026-09-15 17:23:07.230,
81E2499D-6A33-4DA8-BEF1-0B66DF630026,W6615,20260915,OT1_5,0,2,70FC22FC-0972-4261-99B3-226B15F00B33,2026-09-16 10:01:50.023,
340F29BD-AD99-47E4-8572-FE0C0C877361,W6616,20260914,OT1_5,0,2,70FC22FC-0972-4261-99B3-226B15F00B33,2026-09-15 17:23:14.870,
AFABD35D-B84E-4985-B3DD-311E9D7AD153,W6616,20260915,OT1_5,0,2,70FC22FC-0972-4261-99B3-226B15F00B33,2026-09-16 10:01:53.407,
1A817CF5-F23C-42E0-B38C-D449602EDE96,W6617,20260914,OT1_5,0,2,70FC22FC-0972-4261-99B3-226B15F00B33,2026-09-15 17:23:10.583,
6172D07F-9C2F-4C47-8B5A-AB942E08C566,W6618,20260914,OT1_5,0,2,70FC22FC-0972-4261-99B3-226B15F00B33,2026-09-15 17:23:10.537,
6AD0E9D8-DDFB-41AE-9F2A-B3BB90A79CE9,W6618,20260915,OT1_5,0,2,70FC22FC-0972-4261-99B3-226B15F00B33,2026-09-16 10:01:51.060,
6FEDB569-7E87-463A-827A-87AF19AA8186,W6619,20260914,OT1_5,0,2,70FC22FC-0972-4261-99B3-226B15F00B33,2026-09-15 17:23:14.030,
BFA724A1-8A1F-4F5B-AA00-7A34B844BA25,W6619,20260915,OT1_5,0,2,70FC22FC-0972-4261-99B3-226B15F00B33,2026-09-16 10:01:53.680,
2F78E681-4A19-49E2-AAB2-C71A38701481,W6620,20260914,OT1_5,0,2,70FC22FC-0972-4261-99B3-226B15F00B33,2026-09-15 17:23:13.967,
C9275556-B81F-4B3C-9890-A7B78E613278,W6620,20260915,OT1_5,0,2,70FC22FC-0972-4261-99B3-226B15F00B33,2026-09-16 10:01:54.080,
F1C4EAB6-9C01-4E7E-B452-C2CE7F335217,W6621,20260914,OT1_5,0,2,70FC22FC-0972-4261-99B3-226B15F00B33,2026-09-15 17:23:01.357,
E847AAC6-3E71-4056-9564-01D6682360D8,W6622,20260914,OT1_5,0,2,70FC22FC-0972-4261-99B3-226B15F00B33,2026-09-15 17:23:10.787,
DE03FED2-DC09-4F33-BE0C-43884BACBF69,W6622,20260915,OT1_5,0,2,70FC22FC-0972-4261-99B3-226B15F00B33,2026-09-16 10:01:50.723,
1FF9539A-5492-4077-B146-A6E32E74D279,W6623,20260914,OT1_5,0,2,70FC22FC-0972-4261-99B3-226B15F00B33,2026-09-15 17:23:10.443,
25241D80-F8FF-4D92-BA66-819E6AEEA2E5,W6623,20260915,OT1_5,0,2,70FC22FC-0972-4261-99B3-226B15F00B33,2026-09-16 10:01:50.883,
668ED6C2-C65E-481F-B9B7-6EFAD43A6AF2,W6625,20260914,OT1_5,0,2,70FC22FC-0972-4261-99B3-226B15F00B33,2026-09-15 17:23:02.303,
31FF761C-D2D3-4311-8C5B-D5BD0C4471A6,W6625,20260915,OT1_5,0,2,70FC22FC-0972-4261-99B3-226B15F00B33,2026-09-16 10:01:43.950,
000B76D8-A3D2-4144-8DD8-E7AEE31BC76F,W6626,20260914,OT1_5,0,2,70FC22FC-0972-4261-99B3-226B15F00B33,2026-09-15 17:23:13.363,
A7959776-3863-40CB-937E-80746F7935C3,W6626,20260915,OT1_5,0,2,70FC22FC-0972-4261-99B3-226B15F00B33,2026-09-16 10:01:53.340,
964E0611-787D-4FDA-9C77-3EFB99108818,W6627,20260914,OT1_5,0,2,70FC22FC-0972-4261-99B3-226B15F00B33,2026-09-15 17:23:12.080,
2076AAF8-6591-4CB5-89B5-D92D906808E4,W6627,20260915,OT1_5,0,2,70FC22FC-0972-4261-99B3-226B15F00B33,2026-09-16 10:01:53.013,
C9936E78-A7C3-4CA8-8563-2CCAA58C3F9B,W6628,20260914,OT1_5,0,2,70FC22FC-0972-4261-99B3-226B15F00B33,2026-09-15 17:18:03.073,
1397A3D8-483D-43A7-ABAF-1C04FE8724F3,W6629,20260914,OT1_5,0,2,70FC22FC-0972-4261-99B3-226B15F00B33,2026-09-15 17:18:07.170,
3D0404EA-D952-4676-B49F-6B66B081E656,W6629,20260915,OT1_5,0,2,70FC22FC-0972-4261-99B3-226B15F00B33,2026-09-16 09:56:56.903,
7EEFC6DB-DAF0-4BF5-B3B6-C763748C58D6,W6630,20260914,OT1_5,0,2,70FC22FC-0972-4261-99B3-226B15F00B33,2026-09-15 17:17:57.463,
4193D5FC-39B0-4208-AABD-5A25C4933E59,W6630,20260915,OT1_5,0,2,70FC22FC-0972-4261-99B3-226B15F00B33,2026-09-16 09:56:56.700,
39FED5EA-CAFB-4C65-9A15-BF1777787AA6,W6631,20260914,OT1_5,0,2,70FC22FC-0972-4261-99B3-226B15F00B33,2026-09-15 17:18:01.667,
35E76960-826A-4508-9096-E32939209411,W6633,20260914,OT1_5,0,2,70FC22FC-0972-4261-99B3-226B15F00B33,2026-09-15 17:17:59.010,
732CBF60-2EA0-4038-B903-9EA495D9381A,W6633,20260915,OT1_5,0,2,70FC22FC-0972-4261-99B3-226B15F00B33,2026-09-16 09:56:53.010,
2459AB34-A8B9-4C0B-B8D7-3881FD2C78E3,W6634,20260914,OT1_5,0,2,70FC22FC-0972-4261-99B3-226B15F00B33,2026-09-15 17:18:03.910,
661B693F-BB10-4002-9272-43D55534B275,W6634,20260915,OT1_5,0,2,70FC22FC-0972-4261-99B3-226B15F00B33,2026-09-16 09:56:56.960,
C5FF883E-7735-4F48-8E40-D3EE1112C659,W6636,20260914,OT1_5,0,2,70FC22FC-0972-4261-99B3-226B15F00B33,2026-09-15 17:18:00.337,
062E3DB9-B957-4A4A-B709-0DCBC244CBE7,W6636,20260915,OT1_5,0,2,70FC22FC-0972-4261-99B3-226B15F00B33,2026-09-16 09:56:54.293,
49AA2953-A779-4E53-8803-09BE34D14956,W6637,20260914,OT1_5,0,2,70FC22FC-0972-4261-99B3-226B15F00B33,2026-09-15 17:21:00.800,
6A892012-BA26-4E60-B622-A1E11AB7E5F0,W6638,20260914,OT1_5,0,2,70FC22FC-0972-4261-99B3-226B15F00B33,2026-09-15 17:20:44.657,
97211ED2-9E86-4EF5-B6F6-791392313390,W6638,20260915,OT1_5,0,2,70FC22FC-0972-4261-99B3-226B15F00B33,2026-09-16 09:59:31.687,
D60F81D1-EE78-4D0D-A810-8D9E6433A6DE,W6639,20260914,OT1_5,0,2,70FC22FC-0972-4261-99B3-226B15F00B33,2026-09-15 17:20:51.893,
368D0CA4-E5B0-452B-8F82-8F5BF07F1F3F,W6639,20260915,OT1_5,0,2,70FC22FC-0972-4261-99B3-226B15F00B33,2026-09-16 09:59:34.743,
454664B4-F1A5-4831-B3AE-CD281ED718A4,W6640,20260914,OT1_5,0,2,70FC22FC-0972-4261-99B3-226B15F00B33,2026-09-15 17:21:03.850,
58C19FDC-F490-4110-AFF2-B691C4CF09B6,W6640,20260915,OT1_5,0,2,70FC22FC-0972-4261-99B3-226B15F00B33,2026-09-16 09:59:35.713,
177ACD85-36B9-4B48-A29C-80EE1DA539A2,W6641,20260914,OT1_5,0,2,70FC22FC-0972-4261-99B3-226B15F00B33,2026-09-15 17:20:50.097,
6A685B7D-3ED4-46F2-A5A0-149BA4C4F1A7,W6641,20260915,OT1_5,0,2,70FC22FC-0972-4261-99B3-226B15F00B33,2026-09-16 09:59:35.257,
826DD854-3E4A-4774-BA1D-E9A9EB07D5C7,W6642,20260914,OT1_5,0,2,70FC22FC-0972-4261-99B3-226B15F00B33,2026-09-15 17:20:58.950,
E0742272-53AA-4B82-BF02-4BFEA429302D,W6642,20260915,OT1_5,0,2,70FC22FC-0972-4261-99B3-226B15F00B33,2026-09-16 09:59:39.480,
F8B61DF7-4FFC-407A-A25E-CD36A6AA6505,W6643,20260914,OT1_5,0,2,70FC22FC-0972-4261-99B3-226B15F00B33,2026-09-15 17:21:05.137,
A76220B0-4C45-43A6-870D-B3005B57C000,W6644,20260914,OT1_5,0,2,70FC22FC-0972-4261-99B3-226B15F00B33,2026-09-15 17:20:56.180,
AA9B2627-8BD1-44CD-82C6-674555671F57,W6645,20260914,OT1_5,0,2,70FC22FC-0972-4261-99B3-226B15F00B33,2026-09-15 17:18:58.337,
D784C0D4-2009-4008-AFB9-295C4681E6FA,W6646,20260914,OT1_5,0,2,70FC22FC-0972-4261-99B3-226B15F00B33,2026-09-15 17:20:55.080,
61F9EA15-3A77-4CD6-9A25-D81B72360065,W6647,20260914,OT1_5,0,2,70FC22FC-0972-4261-99B3-226B15F00B33,2026-09-15 17:21:03.637,
361F562D-BF80-4EBF-98FE-26E6D3B64313,W6649,20260914,OT1_5,0,2,70FC22FC-0972-4261-99B3-226B15F00B33,2026-09-15 17:23:02.810,
68808584-2D73-4BFA-9B9A-3E588ECF05DC,W6650,20260914,OT1_5,0,2,70FC22FC-0972-4261-99B3-226B15F00B33,2026-09-15 17:23:02.443,
795CB1EB-7703-42A7-A1C1-89326D611F50,W6655,20260914,OT1_5,0,2,70FC22FC-0972-4261-99B3-226B15F00B33,2026-09-15 17:23:10.513,
EEA99053-7920-468E-8E11-B969F845FF68,W6655,20260915,OT1_5,0,2,70FC22FC-0972-4261-99B3-226B15F00B33,2026-09-16 10:01:50.853,
3E26CF0E-67F6-4BBE-AC55-2E8CA5C2D845,W6656,20260914,OT1_5,0,2,70FC22FC-0972-4261-99B3-226B15F00B33,2026-09-15 17:23:12.363,
BF520F62-E6D8-4086-974D-ED3808C7A9A6,W6656,20260915,OT1_5,0,2,70FC22FC-0972-4261-99B3-226B15F00B33,2026-09-16 10:01:52.477,
97F8E2A2-ECD1-49E7-A52B-468FF686CB30,W6657,20260915,OT1_5,0,2,70FC22FC-0972-4261-99B3-226B15F00B33,2026-09-16 10:01:45.013,
01DB6848-207D-49D8-BE70-8051F0DD6650,W6658,20260914,OT1_5,0,2,70FC22FC-0972-4261-99B3-226B15F00B33,2026-09-15 17:23:05.007,
E6C953F7-B9DD-4CCE-873D-EFFD42896ABE,W6658,20260915,OT1_5,0,2,70FC22FC-0972-4261-99B3-226B15F00B33,2026-09-16 10:01:44.537,
AFC74487-793C-4178-9792-B531C722966C,W6660,20260914,OT1_5,0,2,70FC22FC-0972-4261-99B3-226B15F00B33,2026-09-15 17:20:52.930,
94460BB1-8BD5-437A-A579-7B6927D70164,W6660,20260915,OT1_5,0,2,70FC22FC-0972-4261-99B3-226B15F00B33,2026-09-16 09:59:37.420,
93BB3137-296F-42EE-835B-2547CB96FC9C,W6662,20260914,OT1_5,0,2,70FC22FC-0972-4261-99B3-226B15F00B33,2026-09-15 17:20:59.347,
C359AA5D-2CEF-4232-B21B-DE91FE38EE3A,W6665,20260914,OT1_5,0,2,70FC22FC-0972-4261-99B3-226B15F00B33,2026-09-15 17:18:03.637,
1FBA05F0-014A-4D9A-BE2C-F53FC104CC8C,W6666,20260914,OT1_5,0,2,70FC22FC-0972-4261-99B3-226B15F00B33,2026-09-15 17:18:05.550,
327157D5-71C0-4102-A2B6-7E9A4840049C,W6667,20260914,OT1_5,0,2,70FC22FC-0972-4261-99B3-226B15F00B33,2026-09-15 17:18:04.083,
FB4A839B-42D1-4E06-8605-4AA6A03530D7,W6667,20260915,OT1_5,0,2,70FC22FC-0972-4261-99B3-226B15F00B33,2026-09-16 09:56:55.763,
079261B3-5812-4089-AC5A-9B429B234F58,W6668,20260914,OT1_5,0,2,70FC22FC-0972-4261-99B3-226B15F00B33,2026-09-15 17:17:58.437,
FD735EEB-CE50-42F0-AE10-3A6ACF8460D1,W6669,20260914,OT1_5,0,2,70FC22FC-0972-4261-99B3-226B15F00B33,2026-09-15 17:17:59.023,
F464DD0C-FDA8-4E37-AC20-0A51D58E3447,W6669,20260915,OT1_5,0,2,70FC22FC-0972-4261-99B3-226B15F00B33,2026-09-16 09:56:54.410,
B34C6279-8710-4674-B991-C8324B10DA39,W6672,20260914,OT1_5,0,2,70FC22FC-0972-4261-99B3-226B15F00B33,2026-09-15 17:17:57.893,
72AA832F-589B-4C9B-8285-B7A61F71F5D2,W6672,20260915,OT1_5,0,2,70FC22FC-0972-4261-99B3-226B15F00B33,2026-09-16 09:56:54.467,
AB5C014D-2F02-426A-BAE9-325079048868,W6673,20260914,OT1_5,0,2,70FC22FC-0972-4261-99B3-226B15F00B33,2026-09-15 17:17:57.943,
994B6A58-67CB-43FD-BF46-999B875B4B0B,W6677,20260914,OT1_5,0,2,70FC22FC-0972-4261-99B3-226B15F00B33,2026-09-15 17:21:04.770,
17522993-1346-431A-989E-D3B5F8CCB444,W6677,20260915,OT1_5,0,2,70FC22FC-0972-4261-99B3-226B15F00B33,2026-09-16 09:59:39.113,
A42474FE-C3D0-4483-ADA0-93B49AA43C17,W6678,20260914,OT1_5,0,2,70FC22FC-0972-4261-99B3-226B15F00B33,2026-09-15 17:20:41.233,
8B8D5C77-E4A5-4D09-A489-F6F9E3A67464,W6678,20260915,OT1_5,0,2,70FC22FC-0972-4261-99B3-226B15F00B33,2026-09-16 09:59:29.583,
7A726111-0669-4E55-A3E1-1A7731465166,W6679,20260914,OT1_5,0,2,70FC22FC-0972-4261-99B3-226B15F00B33,2026-09-15 17:20:49.470,
AE883B47-2758-4D4F-8040-3F637181710C,W6679,20260915,OT1_5,0,2,70FC22FC-0972-4261-99B3-226B15F00B33,2026-09-16 09:59:35.623,
0B03789A-3B4A-4DB9-9044-C646E048E4CA,W6680,20260914,OT1_5,0,2,70FC22FC-0972-4261-99B3-226B15F00B33,2026-09-15 17:23:11.293,
5D7573B4-549D-4F8F-8B28-189AAC12EA1D,W6680,20260915,OT1_5,0,2,70FC22FC-0972-4261-99B3-226B15F00B33,2026-09-16 10:01:51.860,
866076F6-2CF8-45BB-8163-8B69403BD3DF,W6682,20260914,OT1_5,0,2,70FC22FC-0972-4261-99B3-226B15F00B33,2026-09-15 17:20:51.563,
9FA1A3FD-5A36-490E-B138-4BF9164FB546,W6682,20260915,OT1_5,0,2,70FC22FC-0972-4261-99B3-226B15F00B33,2026-09-16 09:59:36.403,
2EE621EB-6149-4087-9D1B-8860F036C769,W6690,20260915,OT1_5,0,2,70FC22FC-0972-4261-99B3-226B15F00B33,2026-09-16 09:59:34.453,
746AED61-1128-4B96-A5A1-D081E719A543,W6691,20260914,OT1_5,0,2,70FC22FC-0972-4261-99B3-226B15F00B33,2026-09-15 17:20:49.417,
48AF2A4C-A124-4648-9153-E6E5B58BD7A3,W6691,20260915,OT1_5,0,2,70FC22FC-0972-4261-99B3-226B15F00B33,2026-09-16 09:59:33.400,
87EEC72D-58E9-4164-9454-0244649B69B9,W6694,20260914,OT1_5,0,2,70FC22FC-0972-4261-99B3-226B15F00B33,2026-09-15 17:20:50.273,
2CAD500D-B085-4CD2-A59F-0F850EB4F98B,W6694,20260915,OT1_5,0,2,70FC22FC-0972-4261-99B3-226B15F00B33,2026-09-16 09:59:32.560,
5DC2D902-3E2E-4F38-A27C-C132D6869D07,W6695,20260914,OT1_5,0,2,70FC22FC-0972-4261-99B3-226B15F00B33,2026-09-15 17:20:50.317,
76A6BA2A-93AB-4FF7-BE52-99A49CD579C3,W6695,20260915,OT1_5,0,2,70FC22FC-0972-4261-99B3-226B15F00B33,2026-09-16 09:59:35.063,
BC1F6E06-BC4C-4F25-96C2-923A550836CB,W6696,20260914,OT1_5,0,2,70FC22FC-0972-4261-99B3-226B15F00B33,2026-09-15 17:20:57.960,
DF390A43-74A7-45DE-8183-F4B5C1046EBA,W6697,20260914,OT1_5,0,1.5,70FC22FC-0972-4261-99B3-226B15F00B33,2026-09-15 17:18:58.850,
E67E7182-5487-4EB8-8739-4B22CE5A7356,W6697,20260915,OT1_5,0,2,70FC22FC-0972-4261-99B3-226B15F00B33,2026-09-16 09:57:40.133,
23F5F6C8-856D-47E6-B40E-CB74F9E0FC97,W6698,20260914,OT1_5,0,2,70FC22FC-0972-4261-99B3-226B15F00B33,2026-09-15 17:21:02.707,
4DC7F4F4-39F1-4071-836E-C6A0943D8E82,W6698,20260915,OT1_5,0,2,70FC22FC-0972-4261-99B3-226B15F00B33,2026-09-16 09:59:35.307,
2D1BE0DD-C1B2-49A9-99FA-CFE26456722A,W6699,20260914,OT1_5,0,2,70FC22FC-0972-4261-99B3-226B15F00B33,2026-09-15 17:20:54.947,
1647654E-3056-43F6-AFD1-84209318FC81,W6699,20260915,OT1_5,0,2,70FC22FC-0972-4261-99B3-226B15F00B33,2026-09-16 09:59:36.383,
561284A6-6148-4026-8CB7-FA499CF7502B,W6700,20260914,OT1_5,0,2,70FC22FC-0972-4261-99B3-226B15F00B33,2026-09-15 17:20:57.810,
346FA2E7-F6D5-455E-9A4B-4162120297C0,W6700,20260915,OT1_5,0,2,70FC22FC-0972-4261-99B3-226B15F00B33,2026-09-16 09:59:38.077,
750FFD13-BF48-49DA-875B-72EAB1535E86,W6701,20260914,OT1_5,0,1.5,70FC22FC-0972-4261-99B3-226B15F00B33,2026-09-15 17:18:58.553,
4515E9A0-3C83-4619-A5C9-3C32F17BBACB,W6701,20260915,OT1_5,0,2,70FC22FC-0972-4261-99B3-226B15F00B33,2026-09-16 09:57:40.413,
55C6FAA3-F5DE-4B72-89A6-AAC2EC54653A,W6702,20260914,OT1_5,0,1.5,70FC22FC-0972-4261-99B3-226B15F00B33,2026-09-15 17:18:58.780,
0DBC6538-7C1C-4C71-AC29-C78F00D766A8,W6702,20260915,OT1_5,0,2,70FC22FC-0972-4261-99B3-226B15F00B33,2026-09-16 09:57:40.203,
E5102EB4-3D7F-4EE6-94C0-F2A679123A8D,W6703,20260914,OT1_5,0,2,70FC22FC-0972-4261-99B3-226B15F00B33,2026-09-15 17:20:57.767,
8FB5A003-8637-4CEE-82E4-89125257624B,W6703,20260915,OT1_5,0,2,70FC22FC-0972-4261-99B3-226B15F00B33,2026-09-16 09:59:36.267,
7277B253-271B-4054-99DB-5DDD2F15C41B,W6704,20260914,OT1_5,0,2,70FC22FC-0972-4261-99B3-226B15F00B33,2026-09-15 17:23:11.317,
5A168401-2FA3-4D1B-AC35-EDCB0179A247,W6704,20260915,OT1_5,0,2,70FC22FC-0972-4261-99B3-226B15F00B33,2026-09-16 10:01:51.430,
156DBF79-E7A9-4D42-A9FF-AB3CB255CA26,W6705,20260914,OT1_5,0,2,70FC22FC-0972-4261-99B3-226B15F00B33,2026-09-15 17:23:11.467,
A1D375A3-F1AA-4788-AD3F-9945AF5B3D49,W6705,20260915,OT1_5,0,2,70FC22FC-0972-4261-99B3-226B15F00B33,2026-09-16 10:01:51.703,
30EC5ED0-EE82-479D-B08A-4F317A404332,W6706,20260914,OT1_5,0,2,70FC22FC-0972-4261-99B3-226B15F00B33,2026-09-15 17:23:04.137,
0509C4D9-914A-4BE5-9DB5-777C6D4D4656,W6706,20260915,OT1_5,0,2,70FC22FC-0972-4261-99B3-226B15F00B33,2026-09-16 10:01:44.197,
CFD4667C-7FBA-4E47-B874-0C5DBE24C1F6,W6707,20260914,OT1_5,0,2,70FC22FC-0972-4261-99B3-226B15F00B33,2026-09-15 17:23:02.530,
4A5F749C-502F-4F09-BDE9-A3C738002BA5,W6714,20260914,OT1_5,0,2,70FC22FC-0972-4261-99B3-226B15F00B33,2026-09-15 17:23:10.953,
DA6960A3-DA49-4044-96BF-705746C9E5DC,W6714,20260915,OT1_5,0,2,70FC22FC-0972-4261-99B3-226B15F00B33,2026-09-16 10:01:51.627,
D94A7F9D-68AA-43EF-A88D-801D068915FF,W6715,20260914,OT1_5,0,2,70FC22FC-0972-4261-99B3-226B15F00B33,2026-09-15 17:23:10.103,
6868193B-6160-47EF-B646-24317E36AA9F,W6715,20260915,OT1_5,0,2,70FC22FC-0972-4261-99B3-226B15F00B33,2026-09-16 10:01:43.860,
EBDAD94C-E136-4EA7-BCC4-496F85423141,W6716,20260914,OT1_5,0,2,70FC22FC-0972-4261-99B3-226B15F00B33,2026-09-15 17:23:04.153,
338E1DBA-0F9A-467F-95C1-92BD576AE699,W6716,20260915,OT1_5,0,2,70FC22FC-0972-4261-99B3-226B15F00B33,2026-09-16 10:01:43.870,
9AB502D8-F2D8-452C-BE0C-666892D21E12,W6717,20260914,OT1_5,0,2,70FC22FC-0972-4261-99B3-226B15F00B33,2026-09-15 17:23:08.380,
20AE8062-5D32-4631-8729-538B74ED03A9,W6717,20260915,OT1_5,0,2,70FC22FC-0972-4261-99B3-226B15F00B33,2026-09-16 10:01:47.123,
43EA3206-7A2E-433B-9CB0-3A6E98A8F1DD,W6719,20260914,OT1_5,0,2,70FC22FC-0972-4261-99B3-226B15F00B33,2026-09-15 17:23:07.477,
EC8D1593-1438-4559-9796-43DD7F1EF775,W6719,20260915,OT1_5,0,2,70FC22FC-0972-4261-99B3-226B15F00B33,2026-09-16 10:01:43.920,
6006C894-9CB0-4369-A401-57DD87D0AF0F,W6721,20260914,OT1_5,0,2,70FC22FC-0972-4261-99B3-226B15F00B33,2026-09-15 17:23:09.200,
2D6F1D1E-CB2F-4F7E-ADFF-3E891B23537D,W6721,20260915,OT1_5,0,2,70FC22FC-0972-4261-99B3-226B15F00B33,2026-09-16 10:01:43.400,
DB117A08-1E77-46AA-83DC-B355380CFD2D,W6722,20260914,OT1_5,0,2,70FC22FC-0972-4261-99B3-226B15F00B33,2026-09-15 17:23:16.510,
54C0D4DE-4A80-4E59-86CB-423FD7AA3861,W6722,20260915,OT1_5,0,2,70FC22FC-0972-4261-99B3-226B15F00B33,2026-09-16 10:01:55.377,
CA0A9A18-A287-4BF1-B904-872F19B046F2,W6723,20260914,OT1_5,0,2,70FC22FC-0972-4261-99B3-226B15F00B33,2026-09-15 17:23:10.340,
AA08B476-EA4A-49A9-B09B-318B9D0A5403,W6723,20260915,OT1_5,0,2,70FC22FC-0972-4261-99B3-226B15F00B33,2026-09-16 10:01:50.517,
3C6F8079-7C1E-4F7E-8D58-1C74B7AC2B70,W6726,20260914,OT1_5,0,2,70FC22FC-0972-4261-99B3-226B15F00B33,2026-09-15 17:21:36.053,
C6876376-E589-4878-B100-5017D4F592B8,W6726,20260915,OT1_5,0,2,70FC22FC-0972-4261-99B3-226B15F00B33,2026-09-16 10:00:13.280,
FAF4D658-4D4C-4F8C-BF92-D7F4695CC920,W6727,20260914,OT1_5,0,2,70FC22FC-0972-4261-99B3-226B15F00B33,2026-09-15 17:21:35.493,
7D4595E9-7D31-494C-A395-9C813F4A9A50,W6727,20260915,OT1_5,0,2,70FC22FC-0972-4261-99B3-226B15F00B33,2026-09-16 10:00:13.490,
7E605CDC-E158-4994-85D3-34375C2D3C7F,W6728,20260914,OT1_5,0,2,70FC22FC-0972-4261-99B3-226B15F00B33,2026-09-15 17:23:07.587,
7FAABF85-DB3E-48A4-A9EF-DDB610E1924D,W6728,20260915,OT1_5,0,2,70FC22FC-0972-4261-99B3-226B15F00B33,2026-09-16 10:01:45.140,
125A8113-7F46-4BC0-A021-3ACFF4BF4AAA,W6729,20260914,OT1_5,0,2,70FC22FC-0972-4261-99B3-226B15F00B33,2026-09-15 17:23:04.337,
388DBCC0-EC8A-472D-95C5-2200369C4D7A,W6729,20260915,OT1_5,0,2,70FC22FC-0972-4261-99B3-226B15F00B33,2026-09-16 10:01:45.227,
4A041122-9C8F-4B72-A311-BC66E00C322D,W6730,20260914,OT1_5,0,2,70FC22FC-0972-4261-99B3-226B15F00B33,2026-09-15 17:23:04.380,
EFB4EF12-7CDE-4BB4-BFCA-93E6DCE6E06B,W6730,20260915,OT1_5,0,2,70FC22FC-0972-4261-99B3-226B15F00B33,2026-09-16 10:01:45.127,
B7C9B529-722A-49AC-BA9B-2B4E135E4353,W6731,20260914,OT1_5,0,2,70FC22FC-0972-4261-99B3-226B15F00B33,2026-09-15 17:21:36.253,
126B3029-F03F-4572-9D62-D7D133D96A88,W6731,20260915,OT1_5,0,2,70FC22FC-0972-4261-99B3-226B15F00B33,2026-09-16 10:00:13.040,
7E06F4B5-A893-4E05-995C-D429361B78F7,W6732,20260914,OT1_5,0,2,70FC22FC-0972-4261-99B3-226B15F00B33,2026-09-15 17:23:01.340,
A6AA8444-7607-4F4B-A4A2-752AB118228C,W6732,20260915,OT1_5,0,2,70FC22FC-0972-4261-99B3-226B15F00B33,2026-09-16 10:01:45.077,
8A3FEAC0-03FE-42F7-B56F-C9D5091E3786,W6733,20260914,OT1_5,0,2,70FC22FC-0972-4261-99B3-226B15F00B33,2026-09-15 17:23:05.247,
7F2A70C5-F5AD-48E5-BBD6-3CBBF778CF0C,W6733,20260915,OT1_5,0,2,70FC22FC-0972-4261-99B3-226B15F00B33,2026-09-16 10:01:43.320,
E55B7BB3-D90D-47E8-8A51-1A17AEFA2466,W6734,20260914,OT1_5,0,2,70FC22FC-0972-4261-99B3-226B15F00B33,2026-09-15 17:23:04.400,
96D54CFD-8727-4E13-B049-87600336069E,W6734,20260915,OT1_5,0,2,70FC22FC-0972-4261-99B3-226B15F00B33,2026-09-16 10:01:45.483,
18EFE7DD-5F22-4082-AAB6-9A0E88038991,W6735,20260914,OT1_5,0,2,70FC22FC-0972-4261-99B3-226B15F00B33,2026-09-15 17:23:10.190,
4C9A8515-0C79-4E6E-B71D-E78B42C2BBBE,W6735,20260915,OT1_5,0,2,70FC22FC-0972-4261-99B3-226B15F00B33,2026-09-16 10:01:50.790,
BEAC138E-955A-4B6D-A6BE-B2A099B491DE,W6736,20260914,OT1_5,0,2,70FC22FC-0972-4261-99B3-226B15F00B33,2026-09-15 17:23:01.303,
82742F27-B1B9-43E4-8C11-3270D1CC91E5,W6736,20260915,OT1_5,0,2,70FC22FC-0972-4261-99B3-226B15F00B33,2026-09-16 10:01:45.023,
C2DE6391-181D-4B06-BEDF-14F897BEB35A,W6737,20260914,OT1_5,0,2,70FC22FC-0972-4261-99B3-226B15F00B33,2026-09-15 17:23:10.740,
89539C1D-75CF-461C-8C0B-E618F02F982A,W6737,20260915,OT1_5,0,2,70FC22FC-0972-4261-99B3-226B15F00B33,2026-09-16 10:01:52.577,
C23B49DA-B3AA-4F1F-A3C9-7620C4EE59BF,W6738,20260914,OT1_5,0,2,70FC22FC-0972-4261-99B3-226B15F00B33,2026-09-15 17:23:04.563,
037ACE45-66C9-4308-B4D2-9925E8A1553A,W6738,20260915,OT1_5,0,2,70FC22FC-0972-4261-99B3-226B15F00B33,2026-09-16 10:01:45.033,
264C3414-0389-49F5-B92C-B25CCDEBC20A,W6739,20260914,OT1_5,0,2,70FC22FC-0972-4261-99B3-226B15F00B33,2026-09-15 17:23:01.370,
49C33B19-B39C-49D8-ABB6-82F6AF3F49C1,W6739,20260915,OT1_5,0,2,70FC22FC-0972-4261-99B3-226B15F00B33,2026-09-16 10:01:44.850,
20782D59-01B4-4CB0-9B0F-1B2D4407029A,W6740,20260914,OT1_5,0,2,70FC22FC-0972-4261-99B3-226B15F00B33,2026-09-15 17:23:11.547,
04BA6A45-6351-4445-993D-164CE4770826,W6740,20260915,OT1_5,0,2,70FC22FC-0972-4261-99B3-226B15F00B33,2026-09-16 10:01:51.603,
05EE044C-D255-4E40-B573-6FC130AB7F88,W6741,20260914,OT1_5,0,2,70FC22FC-0972-4261-99B3-226B15F00B33,2026-09-15 17:23:04.593,
13657F8E-5E48-402B-B4C0-A14E04544D82,W6741,20260915,OT1_5,0,2,70FC22FC-0972-4261-99B3-226B15F00B33,2026-09-16 10:01:44.387,
91C8927B-F49B-4036-A091-1E792A316BD7,W6742,20260914,OT1_5,0,2,70FC22FC-0972-4261-99B3-226B15F00B33,2026-09-15 17:21:36.240,
6B4262A9-5D10-49CC-83B1-5C6BF34D992A,W6742,20260915,OT1_5,0,2,70FC22FC-0972-4261-99B3-226B15F00B33,2026-09-16 10:00:13.027,
4A292DD5-E2CF-4874-8763-429618386B68,W6745,20260914,OT1_5,0,2,70FC22FC-0972-4261-99B3-226B15F00B33,2026-09-15 17:21:36.623,
8CCC0D30-9355-4722-8459-874E4637B360,W6745,20260915,OT1_5,0,2,70FC22FC-0972-4261-99B3-226B15F00B33,2026-09-16 10:00:12.627,
E109E4F0-1316-40D2-8300-0C116714ACFE,W6751,20260914,OT1_5,0,2,70FC22FC-0972-4261-99B3-226B15F00B33,2026-09-15 17:20:58.500,
5700ED57-5377-49C5-BCC5-FE64A942B6E8,W6752,20260914,OT1_5,0,2,70FC22FC-0972-4261-99B3-226B15F00B33,2026-09-15 17:20:55.247,
E397CD5F-C6D6-4F17-9533-3BA743270A30,W6752,20260915,OT1_5,0,2,70FC22FC-0972-4261-99B3-226B15F00B33,2026-09-16 09:59:36.373,
9CF1E67E-4503-4C7E-AF8D-28DD57C423FC,W6753,20260914,OT1_5,0,2,70FC22FC-0972-4261-99B3-226B15F00B33,2026-09-15 17:20:55.213,
F4A98308-A74C-4569-9CEC-10BA43CDE70E,W6753,20260915,OT1_5,0,2,70FC22FC-0972-4261-99B3-226B15F00B33,2026-09-16 09:59:34.593,
5881754D-6AC2-4441-B72D-FD0A26385F4F,W6754,20260914,OT1_5,0,1.5,70FC22FC-0972-4261-99B3-226B15F00B33,2026-09-15 17:18:58.663,
5A8CDB92-776A-440C-A899-C04586CB1DC8,W6755,20260914,OT1_5,0,2,70FC22FC-0972-4261-99B3-226B15F00B33,2026-09-15 17:21:06.390,
14E25F2F-2703-45AB-8076-21383ECBE532,W6756,20260914,OT1_5,0,2,70FC22FC-0972-4261-99B3-226B15F00B33,2026-09-15 17:20:53.477,
630EC722-1A40-4A4C-99F3-F0199D97A93B,W6756,20260915,OT1_5,0,2,70FC22FC-0972-4261-99B3-226B15F00B33,2026-09-16 09:59:36.363,
92208B96-FD7E-467D-96F6-224DFD8BE0DF,W6757,20260914,OT1_5,0,2,70FC22FC-0972-4261-99B3-226B15F00B33,2026-09-15 17:20:52.870,
62EFE804-1BD6-418F-9DB4-4781065AC214,W6757,20260915,OT1_5,0,2,70FC22FC-0972-4261-99B3-226B15F00B33,2026-09-16 09:59:35.583,
464E9F9F-036B-4FE0-84D7-F54A7D1225E4,W6759,20260914,OT1_5,0,1.5,70FC22FC-0972-4261-99B3-226B15F00B33,2026-09-15 17:18:58.497,
982BBA60-E754-40BF-A9CD-7FDD0191FBA0,W6759,20260915,OT1_5,0,2,70FC22FC-0972-4261-99B3-226B15F00B33,2026-09-16 09:57:40.147,
1A276CEB-A195-4DBD-8113-5DD4A44A7AEA,W6760,20260915,OT1_5,0,2,70FC22FC-0972-4261-99B3-226B15F00B33,2026-09-16 09:57:40.213,
E468B328-E070-4890-A39D-08DC95295484,W6762,20260914,OT1_5,0,3.5,70FC22FC-0972-4261-99B3-226B15F00B33,2026-09-15 17:18:57.437,
1BF0A71D-EDDA-4F10-9189-88F1FC3410CC,W6762,20260915,OT1_5,0,3.5,70FC22FC-0972-4261-99B3-226B15F00B33,2026-09-16 09:57:39.630,
FC6F5F12-E3B0-4B36-80BA-A24C2A08F3C8,W6763,20260915,OT1_5,0,2,70FC22FC-0972-4261-99B3-226B15F00B33,2026-09-16 09:57:40.227,
D9281D05-4129-4930-B1D6-CE00326BFCA7,W6764,20260914,OT1_5,0,3.5,70FC22FC-0972-4261-99B3-226B15F00B33,2026-09-15 17:18:57.230,
4BC19D85-8544-456C-B65A-3D57A39D86A0,W6764,20260915,OT1_5,0,3.5,70FC22FC-0972-4261-99B3-226B15F00B33,2026-09-16 09:57:39.727,
17231AC6-11DF-4A25-A9F1-BA8D1F7FE56E,W6765,20260914,OT1_5,0,3,70FC22FC-0972-4261-99B3-226B15F00B33,2026-09-15 17:18:57.533,
15D281C9-B035-453D-A26A-3E93107896E8,W6765,20260915,OT1_5,0,3.5,70FC22FC-0972-4261-99B3-226B15F00B33,2026-09-16 09:57:39.613,
1F993B0D-36C6-4184-8643-A3909FD2D0FF,W6766,20260914,OT1_5,0,2,70FC22FC-0972-4261-99B3-226B15F00B33,2026-09-15 17:21:36.537,
7E42E633-8AC3-4C18-B037-B081FE94CC1E,W6766,20260915,OT1_5,0,2,70FC22FC-0972-4261-99B3-226B15F00B33,2026-09-16 10:00:12.233,
1EF414A9-A3C6-485C-826C-0E38B98CC7E9,W6767,20260914,OT1_5,0,2,70FC22FC-0972-4261-99B3-226B15F00B33,2026-09-15 17:21:36.557,
393EFE0F-CACE-42F6-9975-B5D3B4363197,W6767,20260915,OT1_5,0,2,70FC22FC-0972-4261-99B3-226B15F00B33,2026-09-16 10:00:12.173,
005FAA9A-27C5-45D7-BFDD-EAB1F539FB3C,W6768,20260914,OT1_5,0,2,70FC22FC-0972-4261-99B3-226B15F00B33,2026-09-15 17:21:36.650,
72AEEFC6-2D73-4278-9169-847A2A91D42C,W6768,20260915,OT1_5,0,2,70FC22FC-0972-4261-99B3-226B15F00B33,2026-09-16 10:00:12.293,
4C16877F-5DBB-4707-9176-E1B14C268EDB,W6769,20260915,OT1_5,0,2,70FC22FC-0972-4261-99B3-226B15F00B33,2026-09-16 10:00:12.083,
88C16B19-A16A-4C66-BEAA-12DAF367F360,W6770,20260914,OT1_5,0,2,70FC22FC-0972-4261-99B3-226B15F00B33,2026-09-15 17:21:35.530,
C37C8B08-01B8-496E-838E-719885BAA8B4,W6770,20260915,OT1_5,0,2,70FC22FC-0972-4261-99B3-226B15F00B33,2026-09-16 10:00:13.990,
1D60CE51-6B1B-41A7-B60A-02F89B50747B,W6771,20260914,OT1_5,0,2,70FC22FC-0972-4261-99B3-226B15F00B33,2026-09-15 17:21:36.317,
4083F2DB-C1BE-44A6-BB43-8F99891BFD4E,W6771,20260915,OT1_5,0,2,70FC22FC-0972-4261-99B3-226B15F00B33,2026-09-16 10:00:12.817,
E84ECC6E-019E-4635-9CF3-10E92CEAA1F3,W6772,20260914,OT1_5,0,2,70FC22FC-0972-4261-99B3-226B15F00B33,2026-09-15 17:21:35.300,
9940BCDD-3602-481C-8F6B-246DE12A29EC,W6772,20260915,OT1_5,0,2,70FC22FC-0972-4261-99B3-226B15F00B33,2026-09-16 10:00:13.757,
90FF76A8-AD4B-4DE4-8960-17D518C46D15,W6773,20260914,OT1_5,0,2,70FC22FC-0972-4261-99B3-226B15F00B33,2026-09-15 17:18:58.087,
9B3241F3-191B-44B9-8E14-1431C55EE62A,W6773,20260915,OT1_5,0,2,70FC22FC-0972-4261-99B3-226B15F00B33,2026-09-16 09:57:39.877,
35E7E899-AA3C-462B-A0D6-29A60584D8BB,W6774,20260914,OT1_5,0,2,70FC22FC-0972-4261-99B3-226B15F00B33,2026-09-15 17:18:58.317,
30D3D71B-5AAC-4EBD-8BA1-CDB34B4C8C28,W6774,20260915,OT1_5,0,2,70FC22FC-0972-4261-99B3-226B15F00B33,2026-09-16 09:57:39.843,
193B690F-8279-4063-9D4B-817DCC992327,W6775,20260914,OT1_5,0,2,70FC22FC-0972-4261-99B3-226B15F00B33,2026-09-15 17:18:57.760,
42D55446-824A-4554-9DA0-50FEB948F7F7,W6775,20260915,OT1_5,0,2,70FC22FC-0972-4261-99B3-226B15F00B33,2026-09-16 09:57:39.973,
75EDDCC9-C052-4B91-9681-A6773002CBD1,W6776,20260914,OT1_5,0,2,70FC22FC-0972-4261-99B3-226B15F00B33,2026-09-15 17:18:58.410,
7235419C-2FCF-4DAB-8CA7-F8ACC71D9723,W6776,20260915,OT1_5,0,2,70FC22FC-0972-4261-99B3-226B15F00B33,2026-09-16 09:57:39.940,
